factura_id,cliente_id,fecha_emision,fecha_vencimiento,monto,fecha_pago
F000001,C0001,2025-07-20,2025-08-19,1091867.0,2025-08-25
F000002,C0001,2025-09-09,2025-10-09,855537.0,2025-10-12
F000003,C0001,2025-09-27,2025-10-27,854445.0,
F000004,C0001,2025-09-28,2025-10-28,862475.0,
F000005,C0001,2025-10-26,2025-11-25,1161738.0,2025-11-28
F000006,C0001,2025-10-02,2025-11-01,1511191.0,2025-11-01
F000007,C0001,2025-10-12,2025-11-11,858475.0,2025-11-12
F000008,C0001,2025-11-27,2025-12-27,937231.0,2025-12-27
F000009,C0001,2025-11-07,2025-12-07,539424.0,2025-12-07
F000010,C0001,2025-11-04,2025-12-04,736762.0,2025-12-04
F000011,C0001,2025-12-15,2026-01-14,1024731.0,2026-01-17
F000012,C0001,2026-01-17,2026-02-16,1225279.0,
F000013,C0001,2026-01-17,2026-02-16,1024333.0,
F000014,C0001,2026-02-22,2026-03-24,811212.0,2026-03-26
F000015,C0001,2026-02-18,2026-03-20,925691.0,2026-03-20
F000016,C0001,2026-03-20,2026-04-19,1155576.0,2026-04-19
F000017,C0001,2026-03-18,2026-04-17,933800.0,2026-04-18
F000018,C0001,2026-03-24,2026-04-23,748975.0,2026-04-27
F000019,C0001,2026-04-12,2026-05-12,694857.0,2026-05-14
F000020,C0001,2026-05-14,2026-06-13,681840.0,2026-06-16
F000021,C0001,2026-05-09,2026-06-08,809298.0,2026-06-13
F000022,C0001,2026-05-25,2026-06-24,749064.0,2026-06-28
F000023,C0001,2026-06-18,2026-07-18,724171.0,2026-07-19
F000024,C0001,2026-07-10,2026-08-09,660503.0,2026-08-11
F000025,C0001,2026-07-20,2026-08-19,1373362.0,2026-08-24
F000026,C0001,2026-08-20,2026-09-19,1421062.0,
F000027,C0001,2026-08-19,2026-09-18,1143287.0,
F000028,C0002,2025-07-16,2025-08-15,1340040.0,2025-08-16
F000029,C0002,2025-08-07,2025-09-06,1332964.0,2025-09-06
F000030,C0002,2025-09-17,2025-10-17,2025296.0,2025-10-17
F000031,C0002,2025-10-02,2025-11-01,812777.0,2025-11-01
F000032,C0002,2025-10-04,2025-11-03,1003718.0,2025-11-03
F000033,C0002,2025-11-14,2025-12-14,760843.0,
F000034,C0002,2025-11-10,2025-12-10,1302120.0,2025-12-10
F000035,C0002,2025-11-04,2025-12-04,1529809.0,2025-12-04
F000036,C0002,2026-01-02,2026-02-01,1219234.0,2026-02-01
F000037,C0002,2026-01-25,2026-02-24,1441908.0,2026-02-24
F000038,C0002,2026-01-21,2026-02-20,1129330.0,2026-02-21
F000039,C0002,2026-02-16,2026-03-18,2142723.0,2026-03-20
F000040,C0002,2026-02-17,2026-03-19,1279577.0,2026-03-19
F000041,C0002,2026-03-13,2026-04-12,1024846.0,2026-04-12
F000042,C0002,2026-03-09,2026-04-08,1156492.0,2026-04-08
F000043,C0002,2026-03-21,2026-04-20,2297297.0,2026-04-20
F000044,C0002,2026-04-11,2026-05-11,1359559.0,2026-05-11
F000045,C0002,2026-05-05,2026-06-04,1245781.0,2026-06-04
F000046,C0002,2026-05-26,2026-06-25,1071435.0,2026-06-27
F000047,C0002,2026-06-24,2026-07-24,1216841.0,2026-07-24
F000048,C0002,2026-06-15,2026-07-15,913414.0,2026-07-16
F000049,C0002,2026-07-15,2026-08-14,991082.0,2026-08-14
F000050,C0002,2026-08-21,2026-09-20,1396006.0,
F000051,C0002,2026-08-11,2026-09-10,891621.0,
F000052,C0003,2025-07-24,2025-08-23,356990.0,2025-08-26
F000053,C0003,2025-08-09,2025-09-08,672503.0,2025-09-11
F000054,C0003,2025-08-06,2025-09-05,540332.0,2025-09-06
F000055,C0003,2025-09-24,2025-10-24,823379.0,2025-10-24
F000056,C0003,2025-09-06,2025-10-06,223757.0,2025-10-08
F000057,C0003,2025-09-14,2025-10-14,636817.0,2025-10-16
F000058,C0003,2025-10-24,2025-11-23,451190.0,2025-11-24
F000059,C0003,2025-10-26,2025-11-25,291131.0,2025-11-28
F000060,C0003,2025-12-16,2026-01-15,492436.0,2026-01-19
F000061,C0003,2025-12-18,2026-01-17,494200.0,2026-01-20
F000062,C0003,2026-01-11,2026-02-10,691515.0,2026-02-10
F000063,C0003,2026-02-26,2026-03-28,563283.0,2026-03-29
F000064,C0003,2026-03-06,2026-04-05,976793.0,2026-04-05
F000065,C0003,2026-05-20,2026-06-19,585795.0,2026-06-19
F000066,C0003,2026-06-11,2026-07-11,564834.0,2026-07-13
F000067,C0003,2026-07-17,2026-08-16,1515494.0,
F000068,C0003,2026-07-04,2026-08-03,583717.0,2026-08-03
F000069,C0003,2026-08-13,2026-09-12,531290.0,
F000070,C0004,2025-07-05,2025-08-04,1492523.0,2025-08-04
F000071,C0004,2025-08-01,2025-08-31,3299055.0,2025-08-31
F000072,C0004,2025-11-10,2025-12-10,1514597.0,2025-12-11
F000073,C0004,2025-11-02,2025-12-02,1667710.0,2025-12-03
F000074,C0004,2025-11-01,2025-12-01,1160825.0,2025-12-01
F000075,C0004,2025-12-10,2026-01-09,2086622.0,2026-01-11
F000076,C0004,2025-12-26,2026-01-25,795653.0,2026-01-25
F000077,C0004,2025-12-26,2026-01-25,3111917.0,2026-01-25
F000078,C0004,2026-01-02,2026-02-01,2337680.0,2026-02-01
F000079,C0004,2026-02-04,2026-03-06,1820199.0,
F000080,C0004,2026-02-08,2026-03-10,1109677.0,2026-03-10
F000081,C0004,2026-03-15,2026-04-14,2216354.0,2026-04-14
F000082,C0004,2026-05-25,2026-06-24,990217.0,2026-06-24
F000083,C0004,2026-05-05,2026-06-04,1968549.0,2026-06-05
F000084,C0004,2026-06-12,2026-07-12,1333445.0,2026-07-12
F000085,C0004,2026-06-13,2026-07-13,2483595.0,2026-07-14
F000086,C0004,2026-06-27,2026-07-27,1569281.0,2026-07-27
F000087,C0004,2026-07-07,2026-08-06,1768844.0,2026-08-07
F000088,C0004,2026-07-07,2026-08-06,1116927.0,2026-08-06
F000089,C0005,2025-07-22,2025-08-21,2654204.0,2025-08-22
F000090,C0005,2025-07-22,2025-08-21,994071.0,2025-08-21
F000091,C0005,2025-08-13,2025-09-12,1173656.0,2025-09-12
F000092,C0005,2025-08-11,2025-09-10,4331687.0,2025-09-11
F000093,C0005,2025-08-15,2025-09-14,1001859.0,2025-09-14
F000094,C0005,2025-09-10,2025-10-10,1136114.0,2025-10-14
F000095,C0005,2025-10-27,2025-11-26,2164303.0,2025-11-28
F000096,C0005,2025-11-28,2025-12-28,1822021.0,2025-12-31
F000097,C0005,2025-12-23,2026-01-22,981325.0,2026-01-22
F000098,C0005,2025-12-17,2026-01-16,1997317.0,2026-01-19
F000099,C0005,2026-01-07,2026-02-06,3550490.0,2026-02-07
F000100,C0005,2026-01-21,2026-02-20,1313199.0,2026-02-21
F000101,C0005,2026-02-22,2026-03-24,3764220.0,2026-03-27
F000102,C0005,2026-02-05,2026-03-07,707963.0,2026-03-07
F000103,C0005,2026-03-01,2026-03-31,1662723.0,2026-04-01
F000104,C0005,2026-03-20,2026-04-19,2435600.0,2026-04-19
F000105,C0005,2026-03-14,2026-04-13,2359065.0,2026-04-13
F000106,C0005,2026-04-04,2026-05-04,1224540.0,2026-05-05
F000107,C0005,2026-04-22,2026-05-22,1883267.0,2026-05-24
F000108,C0005,2026-04-02,2026-05-02,3467626.0,2026-05-05
F000109,C0005,2026-05-03,2026-06-02,1592604.0,2026-06-05
F000110,C0005,2026-05-22,2026-06-21,3033549.0,2026-06-21
F000111,C0005,2026-07-12,2026-08-11,2844303.0,2026-08-12
F000112,C0005,2026-07-20,2026-08-19,1962114.0,2026-08-21
F000113,C0005,2026-08-20,2026-09-19,2399583.0,
F000114,C0005,2026-08-10,2026-09-09,1582879.0,
F000115,C0006,2025-07-25,2025-08-24,1720467.0,2025-08-25
F000116,C0006,2025-07-20,2025-08-19,3103523.0,2025-08-19
F000117,C0006,2025-07-24,2025-08-23,1930302.0,2025-08-24
F000118,C0006,2025-08-07,2025-09-06,1118039.0,
F000119,C0006,2025-09-14,2025-10-14,1460057.0,2025-10-14
F000120,C0006,2025-09-28,2025-10-28,1401342.0,2025-10-29
F000121,C0006,2025-09-11,2025-10-11,2361416.0,2025-10-12
F000122,C0006,2025-10-04,2025-11-03,1208660.0,2025-11-03
F000123,C0006,2025-10-16,2025-11-15,2018170.0,2025-11-17
F000124,C0006,2025-12-26,2026-01-25,1461704.0,2026-01-25
F000125,C0006,2025-12-02,2026-01-01,1561539.0,2026-01-01
F000126,C0006,2026-01-24,2026-02-23,1844155.0,2026-02-25
F000127,C0006,2026-01-07,2026-02-06,1171283.0,2026-02-08
F000128,C0006,2026-01-23,2026-02-22,591411.0,2026-02-23
F000129,C0006,2026-02-03,2026-03-05,1108601.0,2026-03-06
F000130,C0006,2026-02-15,2026-03-17,1864311.0,2026-03-18
F000131,C0006,2026-02-17,2026-03-19,1979307.0,2026-03-19
F000132,C0006,2026-03-20,2026-04-19,1075547.0,2026-04-19
F000133,C0006,2026-04-10,2026-05-10,1454450.0,2026-05-12
F000134,C0006,2026-05-13,2026-06-12,2085511.0,2026-06-13
F000135,C0006,2026-05-06,2026-06-05,1131799.0,2026-06-06
F000136,C0006,2026-06-04,2026-07-04,1695101.0,2026-07-08
F000137,C0006,2026-06-15,2026-07-15,1972657.0,
F000138,C0006,2026-06-28,2026-07-28,1814672.0,2026-07-28
F000139,C0006,2026-07-23,2026-08-22,1433878.0,2026-08-22
F000140,C0006,2026-08-04,2026-09-03,1211745.0,
F000141,C0006,2026-08-07,2026-09-06,1861903.0,
F000142,C0007,2025-07-08,2025-08-07,1051263.0,
F000143,C0007,2025-07-12,2025-08-11,776996.0,2025-08-11
F000144,C0007,2025-07-13,2025-08-12,963530.0,2025-08-12
F000145,C0007,2025-08-06,2025-09-05,2833336.0,2025-09-05
F000146,C0007,2025-08-27,2025-09-26,1508535.0,2025-09-26
F000147,C0007,2025-09-03,2025-10-03,1290269.0,2025-10-04
F000148,C0007,2025-10-02,2025-11-01,2211400.0,2025-11-02
F000149,C0007,2025-11-12,2025-12-12,1433999.0,2025-12-13
F000150,C0007,2025-11-20,2025-12-20,719557.0,2025-12-20
F000151,C0007,2025-11-22,2025-12-22,1853116.0,2025-12-24
F000152,C0007,2025-12-23,2026-01-22,1451807.0,2026-01-23
F000153,C0007,2025-12-09,2026-01-08,1110107.0,2026-01-08
F000154,C0007,2025-12-01,2025-12-31,1165317.0,2025-12-31
F000155,C0007,2026-01-15,2026-02-14,649074.0,2026-02-14
F000156,C0007,2026-02-01,2026-03-03,901564.0,2026-03-04
F000157,C0007,2026-02-14,2026-03-16,769945.0,2026-03-16
F000158,C0007,2026-06-06,2026-07-06,1556655.0,2026-07-07
F000159,C0007,2026-07-14,2026-08-13,1270416.0,2026-08-13
F000160,C0008,2025-09-26,2025-10-26,1401122.0,2025-10-29
F000161,C0008,2025-11-14,2025-12-14,1734285.0,2025-12-19
F000162,C0008,2025-11-14,2025-12-14,1228651.0,2025-12-19
F000163,C0008,2025-11-16,2025-12-16,2132156.0,
F000164,C0008,2026-01-07,2026-02-06,1622004.0,2026-02-07
F000165,C0008,2026-01-27,2026-02-26,1365603.0,2026-02-27
F000166,C0008,2026-04-05,2026-05-05,2175413.0,2026-05-05
F000167,C0008,2026-05-10,2026-06-09,2037282.0,2026-06-09
F000168,C0008,2026-05-26,2026-06-25,1445652.0,2026-06-26
F000169,C0008,2026-06-16,2026-07-16,2604536.0,2026-07-22
F000170,C0009,2025-10-14,2025-11-13,2153163.0,2025-11-14
F000171,C0009,2025-10-15,2025-11-14,1780364.0,2025-11-15
F000172,C0009,2025-11-01,2025-12-01,994631.0,2025-12-01
F000173,C0009,2025-12-06,2026-01-05,2139604.0,2026-01-06
F000174,C0009,2025-12-15,2026-01-14,1846216.0,2026-01-14
F000175,C0009,2025-12-02,2026-01-01,2403494.0,2026-01-01
F000176,C0009,2026-03-16,2026-04-15,1929060.0,2026-04-15
F000177,C0009,2026-03-09,2026-04-08,740259.0,
F000178,C0009,2026-04-28,2026-05-28,1305065.0,2026-05-28
F000179,C0009,2026-04-03,2026-05-03,1927252.0,2026-05-04
F000180,C0009,2026-04-07,2026-05-07,1035034.0,2026-05-09
F000181,C0009,2026-06-03,2026-07-03,2703804.0,2026-07-06
F000182,C0009,2026-06-15,2026-07-15,882469.0,2026-07-15
F000183,C0009,2026-06-26,2026-07-26,835396.0,2026-07-26
F000184,C0009,2026-08-10,2026-09-09,1635084.0,
F000185,C0009,2026-08-13,2026-09-12,1394139.0,
F000186,C0009,2026-08-02,2026-09-01,2625390.0,
F000187,C0010,2025-07-14,2025-08-13,4146325.0,2025-08-13
F000188,C0010,2025-07-19,2025-08-18,3861151.0,2025-08-18
F000189,C0010,2025-07-20,2025-08-19,1977879.0,2025-08-20
F000190,C0010,2025-10-11,2025-11-10,2879710.0,2025-11-11
F000191,C0010,2025-10-11,2025-11-10,2841670.0,2025-11-10
F000192,C0010,2025-12-04,2026-01-03,2434929.0,2026-01-04
F000193,C0010,2025-12-05,2026-01-04,5148992.0,2026-01-04
F000194,C0010,2025-12-28,2026-01-27,3356564.0,2026-01-27
F000195,C0010,2026-01-14,2026-02-13,3604237.0,2026-02-14
F000196,C0010,2026-02-11,2026-03-13,4397357.0,2026-03-14
F000197,C0010,2026-02-16,2026-03-18,2278905.0,2026-03-19
F000198,C0010,2026-03-03,2026-04-02,4513838.0,2026-04-03
F000199,C0010,2026-04-07,2026-05-07,2169283.0,2026-05-07
F000200,C0010,2026-04-10,2026-05-10,5266218.0,2026-05-10
F000201,C0010,2026-04-15,2026-05-15,2871686.0,2026-05-16
F000202,C0010,2026-07-04,2026-08-03,2322033.0,2026-08-03
F000203,C0010,2026-07-28,2026-08-27,2158068.0,2026-08-28
F000204,C0010,2026-07-10,2026-08-09,3311636.0,2026-08-09
F000205,C0010,2026-08-03,2026-09-02,3425578.0,
F000206,C0010,2026-08-22,2026-09-21,4176533.0,
F000207,C0010,2026-08-22,2026-09-21,3193160.0,
F000208,C0011,2025-07-27,2025-08-26,1327882.0,2025-08-26
F000209,C0011,2025-07-24,2025-08-23,1117958.0,2025-08-24
F000210,C0011,2025-07-28,2025-08-27,1555135.0,2025-08-29
F000211,C0011,2025-08-01,2025-08-31,1707397.0,2025-08-31
F000212,C0011,2025-08-09,2025-09-08,948063.0,2025-09-08
F000213,C0011,2025-08-16,2025-09-15,911876.0,2025-09-17
F000214,C0011,2025-09-10,2025-10-10,876048.0,2025-10-10
F000215,C0011,2025-10-18,2025-11-17,1171153.0,2025-11-17
F000216,C0011,2025-10-03,2025-11-02,648709.0,2025-11-02
F000217,C0011,2025-10-21,2025-11-20,1640037.0,2025-11-20
F000218,C0011,2025-11-08,2025-12-08,558642.0,2025-12-08
F000219,C0011,2025-11-01,2025-12-01,1566628.0,
F000220,C0011,2025-11-17,2025-12-17,958725.0,2025-12-17
F000221,C0011,2025-12-01,2025-12-31,1134695.0,2026-01-02
F000222,C0011,2025-12-26,2026-01-25,1430567.0,2026-01-25
F000223,C0011,2025-12-19,2026-01-18,1716016.0,2026-01-18
F000224,C0011,2026-02-06,2026-03-08,1217546.0,2026-03-09
F000225,C0011,2026-02-26,2026-03-28,1215362.0,2026-03-28
F000226,C0011,2026-02-03,2026-03-05,728934.0,2026-03-08
F000227,C0011,2026-03-13,2026-04-12,953708.0,2026-04-12
F000228,C0011,2026-03-24,2026-04-23,1697286.0,2026-04-23
F000229,C0011,2026-03-17,2026-04-16,655801.0,2026-04-16
F000230,C0011,2026-04-23,2026-05-23,796203.0,2026-05-25
F000231,C0011,2026-04-21,2026-05-21,1344163.0,2026-05-22
F000232,C0011,2026-05-27,2026-06-26,718109.0,2026-06-26
F000233,C0011,2026-05-11,2026-06-10,764512.0,2026-06-10
F000234,C0011,2026-07-16,2026-08-15,1135325.0,
F000235,C0011,2026-07-17,2026-08-16,1110861.0,2026-08-16
F000236,C0011,2026-08-17,2026-09-16,1128965.0,
F000237,C0011,2026-08-13,2026-09-12,1165556.0,
F000238,C0011,2026-08-21,2026-09-20,1478438.0,
F000239,C0012,2025-07-25,2025-08-24,1237499.0,2025-08-25
F000240,C0012,2025-08-24,2025-09-23,1451854.0,2025-09-23
F000241,C0012,2025-08-03,2025-09-02,1166566.0,2025-09-02
F000242,C0012,2025-08-14,2025-09-13,1998195.0,2025-09-13
F000243,C0012,2025-09-25,2025-10-25,1580664.0,2025-10-25
F000244,C0012,2025-12-14,2026-01-13,1604154.0,2026-01-14
F000245,C0012,2025-12-25,2026-01-24,1313247.0,2026-01-26
F000246,C0012,2025-12-22,2026-01-21,2098165.0,2026-01-21
F000247,C0012,2026-01-03,2026-02-02,2134453.0,
F000248,C0012,2026-02-13,2026-03-15,1468683.0,2026-03-15
F000249,C0012,2026-03-23,2026-04-22,2220072.0,2026-04-22
F000250,C0012,2026-03-12,2026-04-11,970595.0,2026-04-11
F000251,C0012,2026-03-22,2026-04-21,1753182.0,2026-04-21
F000252,C0012,2026-05-22,2026-06-21,1416618.0,2026-06-22
F000253,C0012,2026-05-07,2026-06-06,4079823.0,2026-06-06
F000254,C0012,2026-05-08,2026-06-07,1044123.0,2026-06-07
F000255,C0012,2026-07-03,2026-08-02,1523120.0,2026-08-03
F000256,C0012,2026-07-13,2026-08-12,2027054.0,2026-08-12
F000257,C0012,2026-07-18,2026-08-17,1093848.0,2026-08-17
F000258,C0013,2025-07-15,2025-08-14,1107170.0,2025-08-14
F000259,C0013,2025-07-28,2025-08-27,2110569.0,2025-08-31
F000260,C0013,2025-07-23,2025-08-22,1029117.0,2025-08-22
F000261,C0013,2025-09-01,2025-10-01,1445784.0,2025-10-01
F000262,C0013,2025-09-11,2025-10-11,1962802.0,2025-10-11
F000263,C0013,2025-11-25,2025-12-25,804553.0,2025-12-25
F000264,C0013,2026-03-24,2026-04-23,864280.0,2026-04-23
F000265,C0013,2026-04-05,2026-05-05,1783138.0,2026-05-05
F000266,C0013,2026-04-06,2026-05-06,1019276.0,2026-05-06
F000267,C0013,2026-04-16,2026-05-16,2065949.0,2026-05-16
F000268,C0013,2026-05-21,2026-06-20,1815445.0,2026-06-21
F000269,C0013,2026-08-09,2026-09-08,1393561.0,
F000270,C0013,2026-08-26,2026-09-25,963624.0,
F000271,C0013,2026-08-16,2026-09-15,2650533.0,
F000272,C0014,2025-07-04,2025-08-03,2761588.0,2025-08-03
F000273,C0014,2025-07-25,2025-08-24,2927416.0,2025-08-24
F000274,C0014,2025-07-18,2025-08-17,1293176.0,2025-08-17
F000275,C0014,2025-08-16,2025-09-15,3497875.0,2025-09-15
F000276,C0014,2025-09-19,2025-10-19,1767689.0,2025-10-19
F000277,C0014,2025-09-07,2025-10-07,2747009.0,2025-10-07
F000278,C0014,2025-09-13,2025-10-13,2062075.0,2025-10-13
F000279,C0014,2025-10-10,2025-11-09,1409624.0,2025-11-10
F000280,C0014,2025-10-04,2025-11-03,3380112.0,2025-11-03
F000281,C0014,2025-10-26,2025-11-25,2396729.0,2025-11-26
F000282,C0014,2025-11-19,2025-12-19,2328749.0,2025-12-19
F000283,C0014,2025-12-23,2026-01-22,3970469.0,2026-01-22
F000284,C0014,2025-12-08,2026-01-07,2553716.0,2026-01-07
F000285,C0014,2026-02-27,2026-03-29,3107553.0,2026-03-29
F000286,C0014,2026-02-25,2026-03-27,2288022.0,2026-03-27
F000287,C0014,2026-02-26,2026-03-28,2037495.0,2026-03-28
F000288,C0015,2025-07-16,2025-08-15,731414.0,2025-08-21
F000289,C0015,2025-09-14,2025-10-14,767661.0,2025-10-14
F000290,C0015,2025-09-10,2025-10-10,343259.0,2025-10-12
F000291,C0015,2025-09-26,2025-10-26,968622.0,2025-10-27
F000292,C0015,2025-11-12,2025-12-12,1081334.0,2025-12-16
F000293,C0015,2025-11-23,2025-12-23,618300.0,2025-12-23
F000294,C0015,2025-12-08,2026-01-07,401912.0,2026-01-10
F000295,C0015,2026-02-09,2026-03-11,803426.0,2026-03-12
F000296,C0015,2026-02-16,2026-03-18,764927.0,2026-03-25
F000297,C0015,2026-02-23,2026-03-25,667330.0,
F000298,C0015,2026-04-05,2026-05-05,968186.0,2026-05-08
F000299,C0015,2026-04-16,2026-05-16,797131.0,2026-05-21
F000300,C0015,2026-06-10,2026-07-10,414470.0,2026-07-11
F000301,C0015,2026-06-28,2026-07-28,616854.0,2026-07-29
F000302,C0015,2026-06-05,2026-07-05,644175.0,2026-07-08
F000303,C0015,2026-07-25,2026-08-24,528629.0,2026-08-26
F000304,C0015,2026-08-04,2026-09-03,400459.0,
F000305,C0016,2025-07-20,2025-08-19,1629214.0,2025-08-20
F000306,C0016,2025-07-08,2025-08-07,1399144.0,2025-08-08
F000307,C0016,2025-07-10,2025-08-09,1290679.0,2025-08-09
F000308,C0016,2025-08-27,2025-09-26,1441888.0,2025-09-26
F000309,C0016,2025-08-24,2025-09-23,1412885.0,2025-09-24
F000310,C0016,2025-08-26,2025-09-25,1674678.0,2025-09-25
F000311,C0016,2025-09-16,2025-10-16,1250750.0,2025-10-17
F000312,C0016,2025-09-05,2025-10-05,2090165.0,2025-10-05
F000313,C0016,2025-10-12,2025-11-11,1215180.0,2025-11-11
F000314,C0016,2025-10-23,2025-11-22,2203952.0,2025-11-22
F000315,C0016,2025-10-19,2025-11-18,1674723.0,2025-11-18
F000316,C0016,2025-11-08,2025-12-08,1476181.0,2025-12-08
F000317,C0016,2025-11-16,2025-12-16,1552821.0,2025-12-16
F000318,C0016,2025-12-01,2025-12-31,1063338.0,2025-12-31
F000319,C0016,2025-12-28,2026-01-27,2556357.0,2026-01-27
F000320,C0016,2026-01-01,2026-01-31,1792011.0,2026-01-31
F000321,C0016,2026-03-13,2026-04-12,1375916.0,2026-04-12
F000322,C0016,2026-04-23,2026-05-23,2395324.0,2026-05-23
F000323,C0016,2026-04-15,2026-05-15,2217830.0,2026-05-15
F000324,C0016,2026-04-19,2026-05-19,1506844.0,2026-05-19
F000325,C0016,2026-06-03,2026-07-03,1863091.0,2026-07-03
F000326,C0016,2026-06-24,2026-07-24,966764.0,2026-07-24
F000327,C0016,2026-06-11,2026-07-11,1044417.0,2026-07-11
F000328,C0016,2026-08-05,2026-09-04,1025652.0,
F000329,C0016,2026-08-07,2026-09-06,1991863.0,
F000330,C0017,2025-07-02,2025-08-01,1621218.0,2025-08-02
F000331,C0017,2025-07-05,2025-08-04,1654669.0,2025-08-04
F000332,C0017,2025-08-11,2025-09-10,1469464.0,2025-09-12
F000333,C0017,2025-08-02,2025-09-01,1191941.0,2025-09-02
F000334,C0017,2025-08-16,2025-09-15,1808033.0,2025-09-16
F000335,C0017,2025-09-27,2025-10-27,1563025.0,2025-10-31
F000336,C0017,2025-09-22,2025-10-22,1179527.0,2025-10-23
F000337,C0017,2025-11-08,2025-12-08,1608701.0,
F000338,C0017,2025-11-11,2025-12-11,1370861.0,2025-12-11
F000339,C0017,2025-12-01,2025-12-31,1439103.0,2025-12-31
F000340,C0017,2025-12-16,2026-01-15,2612733.0,2026-01-15
F000341,C0017,2026-01-20,2026-02-19,1735948.0,2026-02-23
F000342,C0017,2026-01-17,2026-02-16,889572.0,2026-02-18
F000343,C0017,2026-01-11,2026-02-10,823715.0,2026-02-12
F000344,C0017,2026-02-13,2026-03-15,1307734.0,
F000345,C0017,2026-03-16,2026-04-15,1252243.0,2026-04-15
F000346,C0017,2026-03-23,2026-04-22,914549.0,2026-04-26
F000347,C0017,2026-05-10,2026-06-09,1543660.0,2026-06-11
F000348,C0017,2026-05-26,2026-06-25,1163967.0,
F000349,C0017,2026-05-21,2026-06-20,1388818.0,2026-06-21
F000350,C0017,2026-06-24,2026-07-24,1156675.0,2026-07-24
F000351,C0017,2026-06-05,2026-07-05,1384297.0,2026-07-08
F000352,C0017,2026-06-22,2026-07-22,948192.0,2026-07-23
F000353,C0017,2026-08-24,2026-09-23,1150558.0,
F000354,C0017,2026-08-17,2026-09-16,1032591.0,
F000355,C0018,2025-08-16,2025-09-15,2734544.0,2025-09-15
F000356,C0018,2025-08-11,2025-09-10,4710824.0,2025-09-10
F000357,C0018,2025-11-02,2025-12-02,3870385.0,2025-12-02
F000358,C0018,2025-11-22,2025-12-22,3800824.0,2025-12-22
F000359,C0018,2025-11-28,2025-12-28,1947982.0,2025-12-28
F000360,C0018,2026-01-23,2026-02-22,5172061.0,2026-02-22
F000361,C0018,2026-01-17,2026-02-16,3480108.0,2026-02-16
F000362,C0018,2026-01-28,2026-02-27,3692602.0,2026-02-27
F000363,C0018,2026-02-08,2026-03-10,3477319.0,2026-03-10
F000364,C0018,2026-03-05,2026-04-04,5273902.0,2026-04-04
F000365,C0018,2026-03-07,2026-04-06,2589971.0,2026-04-06
F000366,C0018,2026-06-20,2026-07-20,4216019.0,2026-07-20
F000367,C0018,2026-06-27,2026-07-27,4503741.0,2026-07-27
F000368,C0018,2026-06-16,2026-07-16,3072941.0,2026-07-17
F000369,C0018,2026-08-18,2026-09-17,4503013.0,
F000370,C0019,2025-08-13,2025-09-12,1925576.0,2025-09-13
F000371,C0019,2025-08-01,2025-08-31,1361076.0,2025-08-31
F000372,C0019,2025-08-20,2025-09-19,1440547.0,2025-09-19
F000373,C0019,2025-09-11,2025-10-11,1128519.0,2025-10-11
F000374,C0019,2025-09-09,2025-10-09,1132852.0,2025-10-09
F000375,C0019,2025-09-17,2025-10-17,2473290.0,2025-10-17
F000376,C0019,2025-10-08,2025-11-07,910928.0,2025-11-07
F000377,C0019,2025-10-26,2025-11-25,744819.0,2025-11-26
F000378,C0019,2026-05-21,2026-06-20,1126686.0,2026-06-20
F000379,C0019,2026-05-27,2026-06-26,1194286.0,2026-06-27
F000380,C0019,2026-05-01,2026-05-31,950524.0,2026-05-31
F000381,C0020,2025-07-28,2025-08-27,942896.0,2025-08-31
F000382,C0020,2025-08-18,2025-09-17,1155105.0,2025-09-17
F000383,C0020,2025-09-05,2025-10-05,1636327.0,2025-10-05
F000384,C0020,2025-10-05,2025-11-04,1717893.0,2025-11-06
F000385,C0020,2025-10-14,2025-11-13,1401989.0,2025-11-15
F000386,C0020,2025-10-07,2025-11-06,1138386.0,2025-11-07
F000387,C0020,2025-11-24,2025-12-24,1656393.0,2025-12-26
F000388,C0020,2025-11-24,2025-12-24,1492613.0,2025-12-24
F000389,C0020,2025-12-20,2026-01-19,696793.0,2026-01-20
F000390,C0020,2025-12-09,2026-01-08,1208450.0,2026-01-11
F000391,C0020,2025-12-07,2026-01-06,812362.0,2026-01-07
F000392,C0020,2026-01-07,2026-02-06,1353856.0,2026-02-07
F000393,C0020,2026-03-12,2026-04-11,1766286.0,2026-04-12
F000394,C0020,2026-03-11,2026-04-10,815954.0,2026-04-12
F000395,C0020,2026-03-15,2026-04-14,831789.0,2026-04-20
F000396,C0020,2026-05-13,2026-06-12,1051059.0,2026-06-14
F000397,C0020,2026-06-27,2026-07-27,1873780.0,2026-07-28
F000398,C0020,2026-06-10,2026-07-10,1053566.0,2026-07-12
F000399,C0020,2026-07-01,2026-07-31,1606577.0,2026-07-31
F000400,C0020,2026-07-25,2026-08-24,1205025.0,2026-08-25
F000401,C0020,2026-07-19,2026-08-18,740619.0,2026-08-18
F000402,C0020,2026-08-11,2026-09-10,1461484.0,
F000403,C0021,2025-07-21,2025-08-20,2461477.0,2025-08-20
F000404,C0021,2025-07-03,2025-08-02,1980056.0,2025-08-02
F000405,C0021,2025-07-28,2025-08-27,4578734.0,2025-08-27
F000406,C0021,2025-08-25,2025-09-24,1283240.0,2025-09-25
F000407,C0021,2025-08-21,2025-09-20,2385925.0,2025-09-21
F000408,C0021,2025-08-12,2025-09-11,1078347.0,2025-09-11
F000409,C0021,2025-09-21,2025-10-21,1354103.0,2025-10-21
F000410,C0021,2025-09-28,2025-10-28,1756427.0,2025-10-28
F000411,C0021,2025-10-06,2025-11-05,2221634.0,2025-11-05
F000412,C0021,2026-01-28,2026-02-27,1330464.0,2026-02-27
F000413,C0021,2026-01-23,2026-02-22,1349088.0,2026-02-22
F000414,C0021,2026-01-25,2026-02-24,2845294.0,2026-02-24
F000415,C0021,2026-02-22,2026-03-24,2529535.0,2026-03-24
F000416,C0021,2026-03-17,2026-04-16,1359367.0,2026-04-16
F000417,C0021,2026-03-28,2026-04-27,1760374.0,2026-04-28
F000418,C0021,2026-04-27,2026-05-27,1767413.0,2026-05-29
F000419,C0021,2026-05-02,2026-06-01,1758537.0,2026-06-01
F000420,C0021,2026-06-28,2026-07-28,1532365.0,2026-07-29
F000421,C0021,2026-06-07,2026-07-07,1548396.0,2026-07-07
F000422,C0021,2026-06-27,2026-07-27,1502961.0,2026-07-27
F000423,C0021,2026-07-15,2026-08-14,1045067.0,2026-08-14
F000424,C0021,2026-07-07,2026-08-06,2065316.0,2026-08-06
F000425,C0021,2026-07-17,2026-08-16,1236637.0,2026-08-16
F000426,C0021,2026-08-19,2026-09-18,1046366.0,
F000427,C0021,2026-08-12,2026-09-11,2899103.0,
F000428,C0022,2025-09-07,2025-10-07,1409150.0,2025-10-07
F000429,C0022,2025-09-07,2025-10-07,2020661.0,2025-10-07
F000430,C0022,2025-09-02,2025-10-02,2454611.0,2025-10-02
F000431,C0022,2026-01-24,2026-02-23,1548377.0,2026-02-23
F000432,C0022,2026-02-17,2026-03-19,2442857.0,2026-03-19
F000433,C0022,2026-04-28,2026-05-28,1539645.0,2026-05-28
F000434,C0022,2026-04-07,2026-05-07,2808625.0,2026-05-07
F000435,C0022,2026-04-11,2026-05-11,2219086.0,2026-05-11
F000436,C0022,2026-06-20,2026-07-20,1254892.0,2026-07-20
F000437,C0022,2026-06-24,2026-07-24,1768436.0,2026-07-24
F000438,C0022,2026-07-28,2026-08-27,1654372.0,2026-08-27
F000439,C0022,2026-07-26,2026-08-25,1449801.0,2026-08-25
F000440,C0022,2026-08-07,2026-09-06,1790833.0,
F000441,C0022,2026-08-01,2026-08-31,3175134.0,2026-08-31
F000442,C0023,2025-08-05,2025-09-04,3232433.0,2025-09-05
F000443,C0023,2025-09-17,2025-10-17,2024069.0,2025-10-20
F000444,C0023,2025-09-16,2025-10-16,3421503.0,2025-10-19
F000445,C0023,2025-10-17,2025-11-16,2791624.0,2025-11-16
F000446,C0023,2025-10-22,2025-11-21,1947142.0,2025-11-22
F000447,C0023,2025-11-04,2025-12-04,2026484.0,2025-12-06
F000448,C0023,2025-11-14,2025-12-14,2903763.0,
F000449,C0023,2025-12-21,2026-01-20,2175834.0,2026-01-22
F000450,C0023,2025-12-20,2026-01-19,1376429.0,2026-01-20
F000451,C0023,2026-01-10,2026-02-09,1775441.0,
F000452,C0023,2026-02-07,2026-03-09,3259607.0,2026-03-09
F000453,C0023,2026-02-01,2026-03-03,1805292.0,2026-03-05
F000454,C0023,2026-02-11,2026-03-13,2700122.0,2026-03-16
F000455,C0023,2026-03-10,2026-04-09,3509164.0,2026-04-12
F000456,C0023,2026-03-25,2026-04-24,1278039.0,2026-04-26
F000457,C0023,2026-03-05,2026-04-04,2578178.0,2026-04-07
F000458,C0023,2026-05-01,2026-05-31,4008766.0,2026-06-01
F000459,C0023,2026-06-03,2026-07-03,1325727.0,2026-07-03
F000460,C0023,2026-06-18,2026-07-18,1467335.0,2026-07-19
F000461,C0023,2026-07-18,2026-08-17,1845661.0,
F000462,C0023,2026-07-26,2026-08-25,1945356.0,2026-08-25
F000463,C0023,2026-07-26,2026-08-25,1968398.0,2026-08-25
F000464,C0023,2026-08-18,2026-09-17,1575799.0,
F000465,C0024,2025-07-15,2025-08-14,1042084.0,
F000466,C0024,2025-07-17,2025-08-16,732122.0,2025-08-16
F000467,C0024,2025-08-20,2025-09-19,583448.0,
F000468,C0024,2025-09-08,2025-10-08,1357454.0,2025-10-09
F000469,C0024,2025-09-18,2025-10-18,889731.0,2025-10-19
F000470,C0024,2025-10-03,2025-11-02,591781.0,2025-11-03
F000471,C0024,2025-10-16,2025-11-15,809510.0,
F000472,C0024,2026-03-08,2026-04-07,821427.0,2026-04-09
F000473,C0024,2026-03-06,2026-04-05,832680.0,2026-04-05
F000474,C0024,2026-03-24,2026-04-23,1065635.0,2026-04-24
F000475,C0024,2026-04-25,2026-05-25,804381.0,2026-05-27
F000476,C0024,2026-05-26,2026-06-25,1117548.0,2026-07-04
F000477,C0024,2026-06-08,2026-07-08,409781.0,2026-07-08
F000478,C0024,2026-06-28,2026-07-28,479811.0,2026-07-30
F000479,C0024,2026-07-02,2026-08-01,606512.0,2026-08-01
F000480,C0024,2026-07-07,2026-08-06,663198.0,2026-08-08
F000481,C0024,2026-07-21,2026-08-20,582555.0,2026-08-21
F000482,C0024,2026-08-12,2026-09-11,549809.0,
F000483,C0025,2025-07-20,2025-08-19,7578019.0,2025-08-19
F000484,C0025,2025-07-18,2025-08-17,15882169.0,2025-08-17
F000485,C0025,2025-08-02,2025-09-01,15161611.0,2025-09-02
F000486,C0025,2025-09-02,2025-10-02,13816340.0,2025-10-02
F000487,C0025,2025-09-20,2025-10-20,5485925.0,2025-10-22
F000488,C0025,2025-10-25,2025-11-24,5843720.0,2025-11-24
F000489,C0025,2025-10-14,2025-11-13,12207492.0,2025-11-13
F000490,C0025,2025-11-22,2025-12-22,3718647.0,2025-12-22
F000491,C0025,2025-12-25,2026-01-24,7175229.0,2026-01-25
F000492,C0025,2025-12-19,2026-01-18,6146399.0,2026-01-20
F000493,C0025,2025-12-17,2026-01-16,6303865.0,2026-01-16
F000494,C0025,2026-01-20,2026-02-19,14050541.0,2026-02-19
F000495,C0025,2026-01-08,2026-02-07,5759112.0,2026-02-10
F000496,C0025,2026-01-08,2026-02-07,12192395.0,2026-02-07
F000497,C0025,2026-02-05,2026-03-07,8501810.0,2026-03-08
F000498,C0025,2026-02-24,2026-03-26,6928383.0,2026-03-29
F000499,C0025,2026-02-25,2026-03-27,8308639.0,2026-03-28
F000500,C0025,2026-03-18,2026-04-17,16728876.0,2026-04-17
F000501,C0025,2026-03-13,2026-04-12,10133408.0,2026-04-15
F000502,C0025,2026-03-10,2026-04-09,8946230.0,2026-04-10
F000503,C0025,2026-04-14,2026-05-14,5809658.0,2026-05-16
F000504,C0025,2026-06-28,2026-07-28,5826852.0,2026-07-28
F000505,C0025,2026-06-23,2026-07-23,8725417.0,2026-07-23
F000506,C0025,2026-06-18,2026-07-18,6759279.0,2026-07-21
F000507,C0025,2026-07-11,2026-08-10,8503673.0,2026-08-10
F000508,C0025,2026-08-24,2026-09-23,5326045.0,
F000509,C0025,2026-08-16,2026-09-15,5209253.0,
F000510,C0026,2025-07-22,2025-08-21,1779870.0,2025-08-22
F000511,C0026,2025-07-02,2025-08-01,1542575.0,2025-08-01
F000512,C0026,2025-10-20,2025-11-19,1485981.0,2025-11-19
F000513,C0026,2025-11-07,2025-12-07,1687210.0,2025-12-07
F000514,C0026,2025-11-24,2025-12-24,1718270.0,2025-12-24
F000515,C0026,2025-11-03,2025-12-03,1516904.0,2025-12-03
F000516,C0026,2025-12-22,2026-01-21,1584803.0,2026-01-21
F000517,C0026,2026-01-12,2026-02-11,2602561.0,2026-02-12
F000518,C0026,2026-01-09,2026-02-08,1333489.0,2026-02-08
F000519,C0026,2026-01-08,2026-02-07,1944855.0,2026-02-10
F000520,C0026,2026-02-20,2026-03-22,1024835.0,2026-03-22
F000521,C0026,2026-04-04,2026-05-04,980941.0,2026-05-04
F000522,C0026,2026-04-10,2026-05-10,1458731.0,2026-05-11
F000523,C0026,2026-05-07,2026-06-06,2732593.0,2026-06-06
F000524,C0026,2026-05-04,2026-06-03,1743120.0,2026-06-03
F000525,C0026,2026-06-12,2026-07-12,2096474.0,2026-07-12
F000526,C0026,2026-06-05,2026-07-05,1532524.0,2026-07-06
F000527,C0026,2026-06-06,2026-07-06,4095372.0,2026-07-06
F000528,C0026,2026-07-26,2026-08-25,1903736.0,2026-08-28
F000529,C0026,2026-07-01,2026-07-31,2295510.0,2026-07-31
F000530,C0026,2026-07-15,2026-08-14,2297059.0,2026-08-14
F000531,C0026,2026-08-07,2026-09-06,1229993.0,
F000532,C0026,2026-08-19,2026-09-18,1753263.0,
F000533,C0026,2026-08-18,2026-09-17,1700169.0,
F000534,C0027,2025-07-24,2025-08-23,1138057.0,2025-08-24
F000535,C0027,2025-07-03,2025-08-02,413016.0,2025-08-02
F000536,C0027,2025-07-09,2025-08-08,759603.0,2025-08-08
F000537,C0027,2025-09-22,2025-10-22,768093.0,2025-10-23
F000538,C0027,2025-09-13,2025-10-13,857279.0,2025-10-15
F000539,C0027,2025-09-22,2025-10-22,564627.0,2025-10-23
F000540,C0027,2025-10-21,2025-11-20,937801.0,2025-11-21
F000541,C0027,2025-10-17,2025-11-16,886311.0,2025-11-16
F000542,C0027,2025-10-21,2025-11-20,348119.0,2025-11-20
F000543,C0027,2025-11-26,2025-12-26,1271278.0,2025-12-28
F000544,C0027,2025-12-05,2026-01-04,1155776.0,2026-01-05
F000545,C0027,2026-01-23,2026-02-22,1002236.0,2026-02-22
F000546,C0027,2026-01-23,2026-02-22,510852.0,2026-02-22
F000547,C0027,2026-02-10,2026-03-12,1413045.0,2026-03-12
F000548,C0027,2026-02-02,2026-03-04,1093156.0,2026-03-04
F000549,C0027,2026-02-22,2026-03-24,1117222.0,2026-03-25
F000550,C0027,2026-03-13,2026-04-12,1169751.0,2026-04-12
F000551,C0027,2026-03-11,2026-04-10,922281.0,2026-04-11
F000552,C0027,2026-06-01,2026-07-01,720361.0,2026-07-01
F000553,C0027,2026-06-11,2026-07-11,468157.0,2026-07-12
F000554,C0027,2026-06-09,2026-07-09,1012300.0,2026-07-09
F000555,C0027,2026-08-20,2026-09-19,479537.0,
F000556,C0027,2026-08-27,2026-09-26,879139.0,
F000557,C0027,2026-08-22,2026-09-21,715130.0,
F000558,C0028,2025-07-28,2025-08-27,3245519.0,2025-08-31
F000559,C0028,2025-07-09,2025-08-08,6321573.0,2025-08-08
F000560,C0028,2025-07-20,2025-08-19,5209998.0,2025-08-19
F000561,C0028,2025-08-15,2025-09-14,1749894.0,2025-09-14
F000562,C0028,2025-08-17,2025-09-16,2667371.0,2025-09-16
F000563,C0028,2025-09-02,2025-10-02,3437835.0,2025-10-02
F000564,C0028,2025-09-04,2025-10-04,5619628.0,2025-10-04
F000565,C0028,2025-09-03,2025-10-03,5606167.0,2025-10-04
F000566,C0028,2025-11-05,2025-12-05,3891994.0,2025-12-05
F000567,C0028,2025-11-24,2025-12-24,4390752.0,2025-12-24
F000568,C0028,2025-12-18,2026-01-17,4166921.0,2026-01-17
F000569,C0028,2026-01-08,2026-02-07,5237809.0,2026-02-08
F000570,C0028,2026-01-14,2026-02-13,2763018.0,2026-02-13
F000571,C0028,2026-02-12,2026-03-14,3816434.0,2026-03-14
F000572,C0028,2026-03-18,2026-04-17,3981681.0,2026-04-17
F000573,C0028,2026-04-06,2026-05-06,3911261.0,2026-05-07
F000574,C0028,2026-04-17,2026-05-17,5623543.0,2026-05-17
F000575,C0028,2026-04-20,2026-05-20,3269168.0,2026-05-21
F000576,C0028,2026-05-13,2026-06-12,5048073.0,2026-06-13
F000577,C0028,2026-06-18,2026-07-18,3590243.0,2026-07-18
F000578,C0028,2026-08-24,2026-09-23,6037381.0,
F000579,C0028,2026-08-10,2026-09-09,2947164.0,
F000580,C0029,2025-07-09,2025-08-08,1966807.0,2025-08-13
F000581,C0029,2025-07-12,2025-08-11,2040371.0,2025-08-12
F000582,C0029,2025-07-09,2025-08-08,3119782.0,2025-08-11
F000583,C0029,2025-08-20,2025-09-19,787327.0,2025-09-19
F000584,C0029,2025-09-06,2025-10-06,1349002.0,2025-10-08
F000585,C0029,2025-10-02,2025-11-01,2909294.0,2025-11-01
F000586,C0029,2025-10-25,2025-11-24,1443804.0,2025-11-25
F000587,C0029,2025-11-23,2025-12-23,2590643.0,2025-12-25
F000588,C0029,2025-12-03,2026-01-02,3116435.0,2026-01-05
F000589,C0029,2025-12-08,2026-01-07,1843547.0,2026-01-07
F000590,C0029,2026-01-04,2026-02-03,2215238.0,
F000591,C0029,2026-02-13,2026-03-15,2723908.0,2026-03-17
F000592,C0029,2026-02-08,2026-03-10,2577642.0,
F000593,C0029,2026-02-02,2026-03-04,1997788.0,2026-03-05
F000594,C0029,2026-03-19,2026-04-18,2296462.0,2026-04-18
F000595,C0029,2026-04-13,2026-05-13,1917227.0,2026-05-13
F000596,C0029,2026-05-21,2026-06-20,2096555.0,2026-06-26
F000597,C0029,2026-06-13,2026-07-13,1950809.0,2026-07-14
F000598,C0029,2026-06-24,2026-07-24,1066906.0,2026-07-28
F000599,C0029,2026-07-06,2026-08-05,4677502.0,2026-08-09
F000600,C0029,2026-07-08,2026-08-07,4144771.0,2026-08-09
F000601,C0029,2026-08-03,2026-09-02,5226985.0,
F000602,C0030,2025-07-26,2025-08-25,2487686.0,2025-08-28
F000603,C0030,2025-07-13,2025-08-12,1570776.0,2025-08-22
F000604,C0030,2025-07-01,2025-07-31,1574637.0,2025-07-31
F000605,C0030,2025-08-18,2025-09-17,1593328.0,2025-09-24
F000606,C0030,2025-08-17,2025-09-16,2183794.0,2025-09-17
F000607,C0030,2025-08-28,2025-09-27,1734669.0,2025-09-29
F000608,C0030,2025-09-28,2025-10-28,1432401.0,2025-10-28
F000609,C0030,2025-09-01,2025-10-01,1492989.0,2025-10-02
F000610,C0030,2025-10-27,2025-11-26,1044132.0,2025-12-01
F000611,C0030,2025-10-25,2025-11-24,1462770.0,2025-11-26
F000612,C0030,2025-12-05,2026-01-04,1456018.0,2026-01-08
F000613,C0030,2025-12-27,2026-01-26,1710800.0,2026-01-28
F000614,C0030,2025-12-07,2026-01-06,877406.0,2026-01-07
F000615,C0030,2026-02-27,2026-03-29,1130208.0,2026-03-29
F000616,C0030,2026-03-15,2026-04-14,1319848.0,2026-04-18
F000617,C0030,2026-03-11,2026-04-10,1352307.0,2026-04-11
F000618,C0030,2026-05-22,2026-06-21,1276125.0,2026-06-21
F000619,C0030,2026-06-08,2026-07-08,1500011.0,2026-07-10
F000620,C0030,2026-08-06,2026-09-05,1972872.0,
F000621,C0030,2026-08-01,2026-08-31,1636836.0,2026-08-31
F000622,C0031,2025-07-23,2025-08-22,1458960.0,2025-08-22
F000623,C0031,2025-07-20,2025-08-19,1278016.0,2025-08-20
F000624,C0031,2025-07-01,2025-07-31,1769084.0,2025-07-31
F000625,C0031,2025-08-26,2025-09-25,1307400.0,2025-09-26
F000626,C0031,2025-08-26,2025-09-25,1222241.0,2025-09-26
F000627,C0031,2025-12-27,2026-01-26,1886431.0,2026-01-27
F000628,C0031,2025-12-19,2026-01-18,1851653.0,2026-01-19
F000629,C0031,2026-02-05,2026-03-07,2212052.0,2026-03-07
F000630,C0031,2026-04-13,2026-05-13,1249136.0,2026-05-13
F000631,C0031,2026-06-11,2026-07-11,1033753.0,2026-07-11
F000632,C0031,2026-06-16,2026-07-16,1610000.0,2026-07-17
F000633,C0031,2026-06-06,2026-07-06,1733837.0,2026-07-07
F000634,C0031,2026-08-13,2026-09-12,2214421.0,
F000635,C0031,2026-08-25,2026-09-24,2600288.0,
F000636,C0031,2026-08-24,2026-09-23,1424967.0,
F000637,C0032,2025-07-07,2025-08-06,590654.0,2025-08-07
F000638,C0032,2025-07-17,2025-08-16,801052.0,
F000639,C0032,2025-08-04,2025-09-03,938920.0,2025-09-03
F000640,C0032,2025-09-05,2025-10-05,847312.0,2025-10-08
F000641,C0032,2025-09-12,2025-10-12,740591.0,2025-10-13
F000642,C0032,2025-10-04,2025-11-03,722455.0,2025-11-03
F000643,C0032,2025-11-19,2025-12-19,431816.0,2025-12-19
F000644,C0032,2025-12-14,2026-01-13,648118.0,
F000645,C0032,2025-12-07,2026-01-06,526680.0,2026-01-06
F000646,C0032,2025-12-20,2026-01-19,745748.0,2026-01-20
F000647,C0032,2026-01-09,2026-02-08,919344.0,2026-02-10
F000648,C0032,2026-02-18,2026-03-20,795046.0,2026-03-25
F000649,C0032,2026-02-20,2026-03-22,851784.0,2026-03-24
F000650,C0032,2026-03-22,2026-04-21,786999.0,2026-04-23
F000651,C0032,2026-04-16,2026-05-16,611070.0,2026-05-22
F000652,C0032,2026-04-25,2026-05-25,789859.0,2026-05-26
F000653,C0032,2026-05-04,2026-06-03,488941.0,2026-06-04
F000654,C0032,2026-05-25,2026-06-24,839400.0,2026-06-24
F000655,C0032,2026-06-22,2026-07-22,810818.0,2026-07-24
F000656,C0032,2026-06-17,2026-07-17,721781.0,2026-07-20
F000657,C0032,2026-07-02,2026-08-01,991257.0,2026-08-01
F000658,C0032,2026-08-19,2026-09-18,1044466.0,
F000659,C0033,2025-09-23,2025-10-23,2444515.0,2025-10-23
F000660,C0033,2025-11-04,2025-12-04,999598.0,2025-12-04
F000661,C0033,2025-11-07,2025-12-07,1144032.0,2025-12-07
F000662,C0033,2025-11-28,2025-12-28,1640612.0,2025-12-28
F000663,C0033,2026-01-19,2026-02-18,794088.0,2026-02-20
F000664,C0033,2026-01-10,2026-02-09,1299491.0,2026-02-09
F000665,C0033,2026-01-27,2026-02-26,1968495.0,2026-03-01
F000666,C0033,2026-02-19,2026-03-21,1392238.0,
F000667,C0033,2026-02-27,2026-03-29,620319.0,2026-03-29
F000668,C0033,2026-03-27,2026-04-26,1132620.0,2026-04-26
F000669,C0033,2026-03-17,2026-04-16,931605.0,2026-04-17
F000670,C0033,2026-03-27,2026-04-26,674441.0,2026-04-26
F000671,C0033,2026-04-17,2026-05-17,1333429.0,2026-05-17
F000672,C0033,2026-05-05,2026-06-04,1422867.0,2026-06-04
F000673,C0033,2026-05-28,2026-06-27,1338971.0,2026-06-27
F000674,C0033,2026-08-14,2026-09-13,1083528.0,
F000675,C0033,2026-08-28,2026-09-27,659016.0,
F000676,C0033,2026-08-09,2026-09-08,819742.0,
F000677,C0034,2025-07-22,2025-08-21,987088.0,2025-08-21
F000678,C0034,2025-07-12,2025-08-11,796926.0,2025-08-11
F000679,C0034,2025-08-15,2025-09-14,524036.0,2025-09-14
F000680,C0034,2025-08-04,2025-09-03,643145.0,2025-09-03
F000681,C0034,2025-08-02,2025-09-01,506085.0,2025-09-02
F000682,C0034,2025-09-19,2025-10-19,581540.0,2025-10-19
F000683,C0034,2025-09-23,2025-10-23,362168.0,2025-10-24
F000684,C0034,2025-10-16,2025-11-15,275102.0,2025-11-17
F000685,C0034,2025-10-01,2025-10-31,571228.0,2025-11-02
F000686,C0034,2025-11-14,2025-12-14,506957.0,
F000687,C0034,2025-11-07,2025-12-07,840562.0,2025-12-07
F000688,C0034,2025-11-25,2025-12-25,1106745.0,2025-12-25
F000689,C0034,2025-12-18,2026-01-17,549122.0,2026-01-17
F000690,C0034,2025-12-20,2026-01-19,403091.0,2026-01-19
F000691,C0034,2025-12-06,2026-01-05,610612.0,2026-01-05
F000692,C0034,2026-02-17,2026-03-19,1318955.0,
F000693,C0034,2026-02-17,2026-03-19,553320.0,2026-03-20
F000694,C0034,2026-03-25,2026-04-24,565314.0,2026-04-24
F000695,C0034,2026-04-24,2026-05-24,689529.0,2026-05-24
F000696,C0034,2026-04-14,2026-05-14,774893.0,2026-05-15
F000697,C0034,2026-04-01,2026-05-01,793622.0,2026-05-03
F000698,C0034,2026-05-21,2026-06-20,378133.0,2026-06-21
F000699,C0034,2026-05-06,2026-06-05,916963.0,2026-06-06
F000700,C0034,2026-07-15,2026-08-14,445821.0,2026-08-14
F000701,C0034,2026-07-09,2026-08-08,793475.0,2026-08-08
F000702,C0034,2026-07-15,2026-08-14,836085.0,2026-08-14
F000703,C0034,2026-08-21,2026-09-20,842441.0,
F000704,C0035,2025-07-08,2025-08-07,1419898.0,2025-08-07
F000705,C0035,2025-08-21,2025-09-20,1258188.0,2025-09-20
F000706,C0035,2025-08-04,2025-09-03,1777165.0,2025-09-03
F000707,C0035,2025-08-02,2025-09-01,1462389.0,2025-09-02
F000708,C0035,2025-09-08,2025-10-08,1004344.0,2025-10-09
F000709,C0035,2025-09-11,2025-10-11,2110076.0,2025-10-11
F000710,C0035,2025-09-28,2025-10-28,1267942.0,2025-10-28
F000711,C0035,2025-10-21,2025-11-20,1361743.0,2025-11-21
F000712,C0035,2025-11-04,2025-12-04,505526.0,2025-12-04
F000713,C0035,2025-11-05,2025-12-05,1574250.0,2025-12-05
F000714,C0035,2025-11-16,2025-12-16,1508873.0,2025-12-16
F000715,C0035,2025-12-09,2026-01-08,1485936.0,2026-01-08
F000716,C0035,2026-01-05,2026-02-04,1471298.0,2026-02-04
F000717,C0035,2026-01-07,2026-02-06,778021.0,2026-02-06
F000718,C0035,2026-03-27,2026-04-26,1079811.0,2026-04-26
F000719,C0035,2026-03-13,2026-04-12,2027443.0,2026-04-12
F000720,C0035,2026-04-08,2026-05-08,1523418.0,2026-05-08
F000721,C0035,2026-05-28,2026-06-27,1009052.0,2026-06-27
F000722,C0035,2026-05-06,2026-06-05,1130396.0,2026-06-05
F000723,C0035,2026-06-21,2026-07-21,2020217.0,2026-07-21
F000724,C0035,2026-06-27,2026-07-27,1007748.0,2026-07-28
F000725,C0035,2026-06-03,2026-07-03,1559683.0,2026-07-04
F000726,C0036,2025-07-22,2025-08-21,1239003.0,2025-08-23
F000727,C0036,2025-07-17,2025-08-16,2307150.0,2025-08-16
F000728,C0036,2025-07-06,2025-08-05,2355380.0,2025-08-05
F000729,C0036,2025-09-13,2025-10-13,2650905.0,2025-10-13
F000730,C0036,2025-09-06,2025-10-06,1782530.0,2025-10-06
F000731,C0036,2025-09-21,2025-10-21,1313187.0,2025-10-21
F000732,C0036,2026-01-02,2026-02-01,1170716.0,2026-02-01
F000733,C0036,2026-02-02,2026-03-04,1810828.0,2026-03-04
F000734,C0036,2026-02-16,2026-03-18,1839689.0,2026-03-18
F000735,C0036,2026-02-24,2026-03-26,809481.0,2026-03-27
F000736,C0036,2026-05-19,2026-06-18,1207228.0,2026-06-18
F000737,C0036,2026-05-28,2026-06-27,1341713.0,2026-06-27
F000738,C0036,2026-06-18,2026-07-18,1385183.0,2026-07-20
F000739,C0036,2026-06-12,2026-07-12,2181351.0,2026-07-12
F000740,C0036,2026-07-22,2026-08-21,1562121.0,2026-08-21
F000741,C0036,2026-07-26,2026-08-25,2479835.0,2026-08-25
F000742,C0037,2025-07-19,2025-08-18,3176134.0,2025-08-19
F000743,C0037,2025-07-01,2025-07-31,1503260.0,2025-07-31
F000744,C0037,2025-07-15,2025-08-14,1323481.0,2025-08-14
F000745,C0037,2025-08-11,2025-09-10,2349175.0,2025-09-10
F000746,C0037,2025-08-15,2025-09-14,2743439.0,2025-09-14
F000747,C0037,2025-08-19,2025-09-18,3266453.0,2025-09-18
F000748,C0037,2025-09-19,2025-10-19,3180312.0,2025-10-19
F000749,C0037,2025-09-15,2025-10-15,2660388.0,2025-10-15
F000750,C0037,2025-10-09,2025-11-08,731902.0,2025-11-08
F000751,C0037,2025-10-21,2025-11-20,1448597.0,2025-11-20
F000752,C0037,2025-10-27,2025-11-26,1453218.0,2025-11-26
F000753,C0037,2025-11-05,2025-12-05,1951304.0,2025-12-05
F000754,C0037,2025-11-21,2025-12-21,1767342.0,2025-12-21
F000755,C0037,2025-11-03,2025-12-03,1597421.0,2025-12-04
F000756,C0037,2025-12-18,2026-01-17,2351269.0,2026-01-17
F000757,C0037,2025-12-18,2026-01-17,1712061.0,2026-01-17
F000758,C0037,2025-12-05,2026-01-04,2396930.0,2026-01-04
F000759,C0037,2026-01-13,2026-02-12,4059393.0,2026-02-12
F000760,C0037,2026-01-25,2026-02-24,1206683.0,2026-02-24
F000761,C0037,2026-03-20,2026-04-19,2158602.0,2026-04-19
F000762,C0037,2026-03-26,2026-04-25,2286985.0,2026-04-25
F000763,C0037,2026-04-23,2026-05-23,2241638.0,2026-05-23
F000764,C0037,2026-05-20,2026-06-19,2239894.0,2026-06-19
F000765,C0037,2026-05-12,2026-06-11,2333572.0,2026-06-11
F000766,C0037,2026-06-04,2026-07-04,1593534.0,2026-07-04
F000767,C0037,2026-07-11,2026-08-10,2002072.0,2026-08-10
F000768,C0037,2026-08-03,2026-09-02,3225041.0,
F000769,C0037,2026-08-09,2026-09-08,2315744.0,
F000770,C0038,2025-07-16,2025-08-15,717867.0,2025-08-18
F000771,C0038,2025-08-17,2025-09-16,526665.0,2025-09-16
F000772,C0038,2025-09-20,2025-10-20,1333215.0,2025-10-22
F000773,C0038,2025-10-18,2025-11-17,741191.0,2025-11-20
F000774,C0038,2025-11-24,2025-12-24,678511.0,
F000775,C0038,2025-11-06,2025-12-06,718153.0,2025-12-11
F000776,C0038,2025-11-09,2025-12-09,883802.0,2025-12-10
F000777,C0038,2025-12-05,2026-01-04,1174104.0,2026-01-05
F000778,C0038,2025-12-04,2026-01-03,636421.0,2026-01-04
F000779,C0038,2025-12-24,2026-01-23,905991.0,2026-01-25
F000780,C0038,2026-01-23,2026-02-22,1318980.0,2026-02-23
F000781,C0038,2026-01-05,2026-02-04,568493.0,2026-02-05
F000782,C0038,2026-01-18,2026-02-17,673289.0,2026-02-18
F000783,C0038,2026-02-20,2026-03-22,829099.0,2026-03-27
F000784,C0038,2026-02-04,2026-03-06,1016336.0,2026-03-08
F000785,C0038,2026-04-16,2026-05-16,1063233.0,2026-05-23
F000786,C0038,2026-04-25,2026-05-25,966579.0,2026-05-26
F000787,C0038,2026-05-06,2026-06-05,648964.0,2026-06-06
F000788,C0038,2026-05-09,2026-06-08,792322.0,2026-06-09
F000789,C0038,2026-05-26,2026-06-25,607773.0,
F000790,C0038,2026-07-07,2026-08-06,554109.0,2026-08-11
F000791,C0038,2026-07-27,2026-08-26,1048597.0,2026-08-26
F000792,C0038,2026-07-26,2026-08-25,1916140.0,2026-08-27
F000793,C0038,2026-08-13,2026-09-12,1050902.0,
F000794,C0039,2025-07-19,2025-08-18,1842701.0,2025-08-18
F000795,C0039,2025-07-08,2025-08-07,3044120.0,2025-08-07
F000796,C0039,2025-10-28,2025-11-27,1883543.0,2025-11-27
F000797,C0039,2025-12-20,2026-01-19,1191040.0,2026-01-19
F000798,C0039,2025-12-12,2026-01-11,2711907.0,2026-01-12
F000799,C0039,2026-01-10,2026-02-09,2730418.0,2026-02-09
F000800,C0039,2026-01-07,2026-02-06,2703137.0,2026-02-06
F000801,C0039,2026-01-11,2026-02-10,1315116.0,2026-02-10
F000802,C0039,2026-02-13,2026-03-15,1848881.0,2026-03-15
F000803,C0039,2026-03-04,2026-04-03,2186288.0,2026-04-06
F000804,C0039,2026-03-12,2026-04-11,2455556.0,2026-04-11
F000805,C0039,2026-03-26,2026-04-25,1460696.0,2026-04-25
F000806,C0039,2026-06-12,2026-07-12,926909.0,2026-07-12
F000807,C0039,2026-06-03,2026-07-03,1240496.0,2026-07-03
F000808,C0039,2026-07-18,2026-08-17,1502416.0,2026-08-17
F000809,C0040,2025-07-01,2025-07-31,2033071.0,2025-08-01
F000810,C0040,2025-07-05,2025-08-04,1571470.0,
F000811,C0040,2025-07-05,2025-08-04,2323005.0,2025-08-04
F000812,C0040,2025-09-23,2025-10-23,3242240.0,2025-10-24
F000813,C0040,2025-09-16,2025-10-16,1902723.0,2025-10-18
F000814,C0040,2025-09-18,2025-10-18,2028591.0,2025-10-20
F000815,C0040,2025-10-01,2025-10-31,1635445.0,2025-10-31
F000816,C0040,2026-04-23,2026-05-23,2283164.0,2026-05-25
F000817,C0040,2026-04-06,2026-05-06,1524972.0,2026-05-08
F000818,C0040,2026-05-18,2026-06-17,1720286.0,2026-06-20
F000819,C0040,2026-08-15,2026-09-14,2677801.0,
F000820,C0041,2025-07-11,2025-08-10,1919876.0,2025-08-10
F000821,C0041,2025-07-05,2025-08-04,882219.0,2025-08-04
F000822,C0041,2025-08-28,2025-09-27,920822.0,2025-09-27
F000823,C0041,2025-08-03,2025-09-02,1535257.0,2025-09-02
F000824,C0041,2025-08-06,2025-09-05,1630763.0,2025-09-05
F000825,C0041,2025-09-04,2025-10-04,2907169.0,2025-10-05
F000826,C0041,2025-10-25,2025-11-24,2262422.0,2025-11-24
F000827,C0041,2025-11-24,2025-12-24,1336821.0,2025-12-25
F000828,C0041,2025-11-16,2025-12-16,1847105.0,2025-12-16
F000829,C0041,2025-11-27,2025-12-27,1592690.0,2025-12-27
F000830,C0041,2025-12-26,2026-01-25,1473162.0,2026-01-25
F000831,C0041,2025-12-22,2026-01-21,927323.0,2026-01-21
F000832,C0041,2026-02-18,2026-03-20,2426622.0,2026-03-20
F000833,C0041,2026-03-25,2026-04-24,1382924.0,2026-04-24
F000834,C0041,2026-04-19,2026-05-19,2176542.0,2026-05-19
F000835,C0041,2026-04-28,2026-05-28,1820358.0,2026-05-28
F000836,C0041,2026-04-19,2026-05-19,1142212.0,2026-05-20
F000837,C0041,2026-05-23,2026-06-22,855897.0,2026-06-22
F000838,C0041,2026-05-11,2026-06-10,1249790.0,2026-06-10
F000839,C0041,2026-05-09,2026-06-08,3145707.0,2026-06-08
F000840,C0041,2026-06-22,2026-07-22,1201905.0,
F000841,C0041,2026-06-25,2026-07-25,3527036.0,2026-07-25
F000842,C0041,2026-07-22,2026-08-21,3420546.0,2026-08-23
F000843,C0041,2026-08-16,2026-09-15,976439.0,
F000844,C0041,2026-08-18,2026-09-17,1531220.0,
F000845,C0042,2025-07-02,2025-08-01,2897500.0,2025-08-01
F000846,C0042,2026-02-03,2026-03-05,2076355.0,2026-03-05
F000847,C0042,2026-02-28,2026-03-30,3339116.0,2026-04-01
F000848,C0042,2026-02-18,2026-03-20,3538226.0,
F000849,C0042,2026-06-08,2026-07-08,4086291.0,2026-07-10
F000850,C0042,2026-06-01,2026-07-01,2808676.0,2026-07-02
F000851,C0043,2025-09-15,2025-10-15,1349956.0,2025-10-15
F000852,C0043,2025-11-21,2025-12-21,3182917.0,2025-12-23
F000853,C0043,2025-11-16,2025-12-16,1515325.0,2025-12-16
F000854,C0043,2026-02-08,2026-03-10,2393535.0,2026-03-13
F000855,C0043,2026-03-18,2026-04-17,1895949.0,2026-04-17
F000856,C0043,2026-03-17,2026-04-16,1489126.0,
F000857,C0043,2026-03-12,2026-04-11,869793.0,2026-04-14
F000858,C0043,2026-05-21,2026-06-20,1651548.0,2026-06-21
F000859,C0043,2026-06-02,2026-07-02,2029601.0,2026-07-04
F000860,C0043,2026-06-14,2026-07-14,2281073.0,2026-07-14
F000861,C0043,2026-06-26,2026-07-26,1073199.0,2026-07-27
F000862,C0043,2026-08-09,2026-09-08,1230882.0,
F000863,C0044,2025-07-25,2025-08-24,1755429.0,2025-08-26
F000864,C0044,2025-08-04,2025-09-03,1662504.0,
F000865,C0044,2025-08-24,2025-09-23,1083854.0,2025-09-26
F000866,C0044,2025-09-24,2025-10-24,2001773.0,2025-10-27
F000867,C0044,2025-09-22,2025-10-22,1448949.0,2025-10-22
F000868,C0044,2025-10-02,2025-11-01,1154879.0,2025-11-04
F000869,C0044,2025-12-20,2026-01-19,1884536.0,2026-01-24
F000870,C0044,2025-12-07,2026-01-06,1044294.0,2026-01-07
F000871,C0044,2026-01-04,2026-02-03,1044440.0,2026-02-07
F000872,C0044,2026-02-05,2026-03-07,844446.0,2026-03-12
F000873,C0044,2026-02-28,2026-03-30,1426536.0,2026-04-02
F000874,C0044,2026-02-20,2026-03-22,734740.0,2026-03-24
F000875,C0044,2026-03-25,2026-04-24,1806553.0,2026-04-29
F000876,C0044,2026-04-20,2026-05-20,951343.0,2026-05-21
F000877,C0044,2026-05-19,2026-06-18,1031269.0,2026-06-19
F000878,C0044,2026-05-27,2026-06-26,1285907.0,2026-06-26
F000879,C0044,2026-07-26,2026-08-25,1221978.0,2026-08-26
F000880,C0044,2026-07-22,2026-08-21,984720.0,2026-08-21
F000881,C0044,2026-07-26,2026-08-25,1115839.0,
F000882,C0044,2026-08-15,2026-09-14,1031107.0,
F000883,C0045,2025-07-25,2025-08-24,2518930.0,2025-08-24
F000884,C0045,2025-07-17,2025-08-16,2957119.0,2025-08-17
F000885,C0045,2025-07-07,2025-08-06,1541030.0,2025-08-06
F000886,C0045,2025-08-20,2025-09-19,2693819.0,2025-09-19
F000887,C0045,2025-09-28,2025-10-28,4981025.0,2025-10-31
F000888,C0045,2025-11-01,2025-12-01,2406553.0,2025-12-01
F000889,C0045,2025-11-14,2025-12-14,1720905.0,2025-12-14
F000890,C0045,2026-01-09,2026-02-08,2230173.0,2026-02-08
F000891,C0045,2026-02-14,2026-03-16,2793133.0,2026-03-16
F000892,C0045,2026-02-01,2026-03-03,858615.0,2026-03-03
F000893,C0045,2026-02-16,2026-03-18,3066924.0,2026-03-18
F000894,C0045,2026-04-28,2026-05-28,2445120.0,2026-05-28
F000895,C0045,2026-04-25,2026-05-25,2372870.0,2026-05-25
F000896,C0045,2026-08-10,2026-09-09,2788817.0,
F000897,C0046,2025-07-22,2025-08-21,2961542.0,2025-08-21
F000898,C0046,2025-08-02,2025-09-01,1727001.0,2025-09-04
F000899,C0046,2025-09-14,2025-10-14,2020800.0,2025-10-16
F000900,C0046,2025-10-12,2025-11-11,2695041.0,2025-11-12
F000901,C0046,2025-10-14,2025-11-13,4273407.0,2025-11-14
F000902,C0046,2025-10-17,2025-11-16,3268071.0,2025-11-21
F000903,C0046,2025-11-18,2025-12-18,2251460.0,2025-12-20
F000904,C0046,2025-12-03,2026-01-02,1870197.0,2026-01-02
F000905,C0046,2025-12-24,2026-01-23,2536547.0,2026-01-28
F000906,C0046,2025-12-02,2026-01-01,2281942.0,2026-01-01
F000907,C0046,2026-01-17,2026-02-16,1090802.0,2026-02-16
F000908,C0046,2026-02-01,2026-03-03,4840155.0,2026-03-06
F000909,C0046,2026-03-21,2026-04-20,1073567.0,2026-04-22
F000910,C0046,2026-03-23,2026-04-22,1397088.0,2026-04-23
F000911,C0046,2026-03-21,2026-04-20,2838512.0,2026-04-21
F000912,C0046,2026-04-02,2026-05-02,2009666.0,2026-05-04
F000913,C0046,2026-04-03,2026-05-03,3099183.0,2026-05-05
F000914,C0046,2026-04-02,2026-05-02,1335643.0,2026-05-05
F000915,C0046,2026-05-02,2026-06-01,2154262.0,2026-06-05
F000916,C0046,2026-05-15,2026-06-14,2870657.0,2026-06-16
F000917,C0046,2026-06-14,2026-07-14,1385668.0,2026-07-14
F000918,C0046,2026-06-06,2026-07-06,1877277.0,2026-07-07
F000919,C0046,2026-06-12,2026-07-12,1690437.0,2026-07-14
F000920,C0046,2026-07-09,2026-08-08,2220173.0,2026-08-08
F000921,C0046,2026-08-01,2026-08-31,1140643.0,2026-08-31
F000922,C0046,2026-08-11,2026-09-10,1381784.0,
F000923,C0047,2025-07-27,2025-08-26,1995895.0,2025-08-28
F000924,C0047,2025-08-15,2025-09-14,1578260.0,2025-09-14
F000925,C0047,2025-08-06,2025-09-05,2170271.0,2025-09-05
F000926,C0047,2025-08-18,2025-09-17,1698188.0,2025-09-18
F000927,C0047,2025-09-15,2025-10-15,2734753.0,2025-10-15
F000928,C0047,2025-09-17,2025-10-17,1090648.0,2025-10-17
F000929,C0047,2025-10-08,2025-11-07,983131.0,2025-11-08
F000930,C0047,2025-10-13,2025-11-12,1215759.0,2025-11-13
F000931,C0047,2025-10-19,2025-11-18,1407538.0,2025-11-18
F000932,C0047,2025-12-09,2026-01-08,1667765.0,2026-01-10
F000933,C0047,2025-12-03,2026-01-02,2276803.0,2026-01-03
F000934,C0047,2026-01-28,2026-02-27,2607767.0,2026-02-27
F000935,C0047,2026-01-14,2026-02-13,1504138.0,2026-02-13
F000936,C0047,2026-04-26,2026-05-26,1521791.0,2026-05-30
F000937,C0047,2026-05-17,2026-06-16,1258878.0,2026-06-18
F000938,C0047,2026-06-22,2026-07-22,1868336.0,2026-07-22
F000939,C0047,2026-07-21,2026-08-20,1705202.0,2026-08-22
F000940,C0047,2026-07-14,2026-08-13,2108413.0,2026-08-15
F000941,C0047,2026-08-18,2026-09-17,1724747.0,
F000942,C0047,2026-08-24,2026-09-23,2159067.0,
F000943,C0048,2025-07-01,2025-07-31,3611771.0,2025-07-31
F000944,C0048,2025-07-04,2025-08-03,2364527.0,2025-08-04
F000945,C0048,2025-08-13,2025-09-12,2454999.0,2025-09-13
F000946,C0048,2025-08-13,2025-09-12,4288555.0,2025-09-12
F000947,C0048,2025-08-12,2025-09-11,10016909.0,2025-09-11
F000948,C0048,2025-09-08,2025-10-08,2137903.0,2025-10-08
F000949,C0048,2026-02-19,2026-03-21,3660235.0,
F000950,C0048,2026-03-23,2026-04-22,3093699.0,2026-04-22
F000951,C0048,2026-03-08,2026-04-07,4701389.0,2026-04-07
F000952,C0048,2026-03-08,2026-04-07,1864496.0,2026-04-07
F000953,C0048,2026-04-24,2026-05-24,5572068.0,2026-05-24
F000954,C0048,2026-04-24,2026-05-24,4193683.0,2026-05-24
F000955,C0048,2026-04-11,2026-05-11,4570203.0,2026-05-12
F000956,C0048,2026-06-06,2026-07-06,3790821.0,2026-07-09
F000957,C0048,2026-06-19,2026-07-19,4169761.0,2026-07-19
F000958,C0048,2026-08-07,2026-09-06,3590042.0,
F000959,C0048,2026-08-20,2026-09-19,5083447.0,
F000960,C0048,2026-08-24,2026-09-23,2962462.0,
F000961,C0049,2025-07-18,2025-08-17,2093910.0,2025-08-18
F000962,C0049,2025-07-23,2025-08-22,2710363.0,2025-08-22
F000963,C0049,2025-08-15,2025-09-14,931696.0,2025-09-16
F000964,C0049,2025-09-08,2025-10-08,1530326.0,2025-10-09
F000965,C0049,2025-09-13,2025-10-13,1145677.0,2025-10-13
F000966,C0049,2025-09-11,2025-10-11,1102162.0,2025-10-11
F000967,C0049,2025-12-09,2026-01-08,1367282.0,
F000968,C0049,2026-01-15,2026-02-14,898125.0,2026-02-14
F000969,C0049,2026-01-28,2026-02-27,1069336.0,2026-02-28
F000970,C0049,2026-02-16,2026-03-18,1692339.0,2026-03-19
F000971,C0049,2026-02-24,2026-03-26,1578949.0,2026-03-26
F000972,C0049,2026-03-05,2026-04-04,737729.0,2026-04-05
F000973,C0049,2026-03-27,2026-04-26,1873397.0,2026-04-30
F000974,C0049,2026-03-21,2026-04-20,1086699.0,2026-04-20
F000975,C0049,2026-04-21,2026-05-21,1387681.0,2026-05-22
F000976,C0049,2026-05-07,2026-06-06,1126910.0,2026-06-06
F000977,C0049,2026-05-22,2026-06-21,1355858.0,2026-06-21
F000978,C0049,2026-05-04,2026-06-03,1745363.0,2026-06-04
F000979,C0049,2026-06-06,2026-07-06,928685.0,2026-07-06
F000980,C0049,2026-06-12,2026-07-12,908887.0,2026-07-14
F000981,C0049,2026-06-04,2026-07-04,871430.0,2026-07-05
F000982,C0049,2026-07-05,2026-08-04,1266338.0,2026-08-04
F000983,C0049,2026-07-04,2026-08-03,1532308.0,2026-08-03
F000984,C0049,2026-07-03,2026-08-02,1081209.0,2026-08-03
F000985,C0049,2026-08-15,2026-09-14,1057063.0,
F000986,C0049,2026-08-07,2026-09-06,1085454.0,
F000987,C0049,2026-08-19,2026-09-18,1952985.0,
F000988,C0050,2025-07-04,2025-08-03,517911.0,2025-08-03
F000989,C0050,2025-08-11,2025-09-10,557066.0,2025-09-10
F000990,C0050,2025-09-24,2025-10-24,519827.0,2025-10-24
F000991,C0050,2025-10-04,2025-11-03,340577.0,2025-11-03
F000992,C0050,2025-10-14,2025-11-13,676549.0,2025-11-13
F000993,C0050,2025-10-22,2025-11-21,480401.0,2025-11-21
F000994,C0050,2025-12-09,2026-01-08,412376.0,2026-01-10
F000995,C0050,2025-12-21,2026-01-20,355520.0,2026-01-20
F000996,C0050,2026-01-16,2026-02-15,711563.0,2026-02-15
F000997,C0050,2026-01-18,2026-02-17,443642.0,2026-02-17
F000998,C0050,2026-01-07,2026-02-06,784825.0,2026-02-06
F000999,C0050,2026-02-19,2026-03-21,405367.0,2026-03-21
F001000,C0050,2026-02-10,2026-03-12,443525.0,2026-03-14
F001001,C0050,2026-02-18,2026-03-20,474436.0,2026-03-22
F001002,C0050,2026-03-12,2026-04-11,380449.0,2026-04-11
F001003,C0050,2026-03-28,2026-04-27,649440.0,2026-04-27
F001004,C0050,2026-03-02,2026-04-01,560419.0,2026-04-01
F001005,C0050,2026-07-10,2026-08-09,664681.0,2026-08-09
F001006,C0050,2026-07-12,2026-08-11,365907.0,2026-08-12
F001007,C0050,2026-07-27,2026-08-26,368449.0,2026-08-26
F001008,C0051,2025-07-13,2025-08-12,1656157.0,2025-08-12
F001009,C0051,2025-07-01,2025-07-31,2325554.0,2025-08-01
F001010,C0051,2025-07-13,2025-08-12,2219016.0,2025-08-12
F001011,C0051,2025-08-02,2025-09-01,1324848.0,2025-09-01
F001012,C0051,2025-08-04,2025-09-03,1672673.0,2025-09-03
F001013,C0051,2025-08-11,2025-09-10,1318789.0,2025-09-10
F001014,C0051,2025-10-14,2025-11-13,1811062.0,2025-11-13
F001015,C0051,2025-11-01,2025-12-01,2466742.0,2025-12-01
F001016,C0051,2025-11-18,2025-12-18,1697903.0,2025-12-18
F001017,C0051,2025-12-12,2026-01-11,2344217.0,
F001018,C0051,2025-12-22,2026-01-21,3439077.0,2026-01-21
F001019,C0051,2026-01-21,2026-02-20,1660084.0,2026-02-20
F001020,C0051,2026-01-22,2026-02-21,2301087.0,2026-02-22
F001021,C0051,2026-01-14,2026-02-13,2382082.0,2026-02-13
F001022,C0051,2026-02-04,2026-03-06,1191388.0,2026-03-06
F001023,C0051,2026-02-20,2026-03-22,2527352.0,
F001024,C0051,2026-02-12,2026-03-14,2815316.0,2026-03-14
F001025,C0051,2026-04-09,2026-05-09,1613694.0,2026-05-09
F001026,C0051,2026-04-02,2026-05-02,2000512.0,2026-05-02
F001027,C0051,2026-04-09,2026-05-09,1401428.0,2026-05-10
F001028,C0051,2026-05-13,2026-06-12,1221541.0,2026-06-12
F001029,C0052,2025-07-18,2025-08-17,1790641.0,2025-08-17
F001030,C0052,2025-07-13,2025-08-12,1011154.0,
F001031,C0052,2025-07-18,2025-08-17,1187189.0,2025-08-20
F001032,C0052,2025-09-18,2025-10-18,1413489.0,2025-10-26
F001033,C0052,2025-10-19,2025-11-18,1878735.0,2025-11-24
F001034,C0052,2025-10-22,2025-11-21,1387315.0,2025-11-27
F001035,C0052,2025-11-24,2025-12-24,1056099.0,2025-12-24
F001036,C0052,2025-11-26,2025-12-26,1113884.0,2025-12-28
F001037,C0052,2025-11-22,2025-12-22,1733669.0,2025-12-31
F001038,C0052,2026-05-13,2026-06-12,1350729.0,2026-06-21
F001039,C0052,2026-06-16,2026-07-16,910905.0,2026-08-01
F001040,C0052,2026-07-16,2026-08-15,1166737.0,2026-08-20
F001041,C0052,2026-07-28,2026-08-27,2351946.0,
F001042,C0052,2026-08-15,2026-09-14,2329517.0,
F001043,C0052,2026-08-21,2026-09-20,1377631.0,
F001044,C0052,2026-08-01,2026-08-31,1391746.0,
F001045,C0053,2025-09-28,2025-10-28,3268970.0,
F001046,C0053,2025-10-15,2025-11-14,1960744.0,2025-11-15
F001047,C0053,2025-10-13,2025-11-12,2220776.0,2025-11-13
F001048,C0053,2025-10-19,2025-11-18,6267893.0,2025-11-22
F001049,C0053,2025-11-16,2025-12-16,5303383.0,2025-12-17
F001050,C0053,2025-11-05,2025-12-05,5694567.0,2025-12-08
F001051,C0053,2025-11-12,2025-12-12,2957200.0,2025-12-15
F001052,C0053,2026-02-17,2026-03-19,2430303.0,
F001053,C0053,2026-02-27,2026-03-29,4730367.0,
F001054,C0053,2026-02-09,2026-03-11,3289862.0,2026-03-14
F001055,C0053,2026-03-03,2026-04-02,2289636.0,2026-04-04
F001056,C0053,2026-04-28,2026-05-28,3433830.0,2026-06-01
F001057,C0053,2026-05-15,2026-06-14,4385801.0,2026-06-22
F001058,C0053,2026-08-08,2026-09-07,3959963.0,
F001059,C0054,2025-09-19,2025-10-19,3379204.0,2025-10-19
F001060,C0054,2026-01-26,2026-02-25,1931944.0,2026-02-25
F001061,C0054,2026-01-14,2026-02-13,1753000.0,2026-02-15
F001062,C0054,2026-01-23,2026-02-22,1428042.0,2026-02-22
F001063,C0054,2026-02-16,2026-03-18,1718414.0,2026-03-18
F001064,C0054,2026-02-12,2026-03-14,1235169.0,2026-03-14
F001065,C0054,2026-04-24,2026-05-24,2377021.0,2026-05-25
F001066,C0054,2026-06-18,2026-07-18,3097832.0,2026-07-19
F001067,C0054,2026-06-02,2026-07-02,2073198.0,2026-07-02
F001068,C0054,2026-06-05,2026-07-05,1086923.0,2026-07-05
F001069,C0055,2025-07-16,2025-08-15,827160.0,2025-08-15
F001070,C0055,2025-07-01,2025-07-31,1228349.0,2025-07-31
F001071,C0055,2025-07-02,2025-08-01,757510.0,2025-08-01
F001072,C0055,2025-09-02,2025-10-02,1230444.0,2025-10-02
F001073,C0055,2025-09-22,2025-10-22,996581.0,2025-10-22
F001074,C0055,2025-09-13,2025-10-13,774292.0,2025-10-13
F001075,C0055,2025-10-14,2025-11-13,1236110.0,2025-11-15
F001076,C0055,2025-10-11,2025-11-10,1146914.0,2025-11-10
F001077,C0055,2025-11-14,2025-12-14,1029328.0,2025-12-14
F001078,C0055,2025-11-04,2025-12-04,1922983.0,2025-12-04
F001079,C0055,2025-11-26,2025-12-26,1098362.0,2025-12-26
F001080,C0055,2025-12-04,2026-01-03,881534.0,2026-01-03
F001081,C0055,2025-12-22,2026-01-21,651933.0,2026-01-21
F001082,C0055,2025-12-07,2026-01-06,749681.0,2026-01-07
F001083,C0055,2026-01-16,2026-02-15,1196521.0,2026-02-15
F001084,C0055,2026-01-14,2026-02-13,1051697.0,2026-02-15
F001085,C0055,2026-01-27,2026-02-26,1254603.0,2026-02-26
F001086,C0055,2026-02-11,2026-03-13,1016277.0,2026-03-14
F001087,C0055,2026-02-18,2026-03-20,1084207.0,2026-03-20
F001088,C0055,2026-03-22,2026-04-21,1842748.0,2026-04-21
F001089,C0055,2026-03-24,2026-04-23,626636.0,2026-04-23
F001090,C0055,2026-05-18,2026-06-17,775054.0,2026-06-17
F001091,C0055,2026-06-13,2026-07-13,1148321.0,2026-07-13
F001092,C0055,2026-07-23,2026-08-22,913167.0,2026-08-22
F001093,C0055,2026-07-16,2026-08-15,732945.0,2026-08-15
F001094,C0055,2026-08-01,2026-08-31,1804501.0,2026-08-31
F001095,C0055,2026-08-02,2026-09-01,1198380.0,
F001096,C0056,2025-08-24,2025-09-23,2926032.0,2025-09-23
F001097,C0056,2025-08-13,2025-09-12,3130573.0,2025-09-12
F001098,C0056,2025-10-10,2025-11-09,6698362.0,
F001099,C0056,2025-10-15,2025-11-14,4234542.0,2025-11-14
F001100,C0056,2026-01-18,2026-02-17,4066345.0,2026-02-17
F001101,C0056,2026-02-26,2026-03-28,7632608.0,2026-03-29
F001102,C0056,2026-04-24,2026-05-24,2333925.0,2026-05-24
F001103,C0056,2026-06-19,2026-07-19,2841773.0,2026-07-19
F001104,C0056,2026-06-10,2026-07-10,1580302.0,2026-07-10
F001105,C0056,2026-08-09,2026-09-08,3505969.0,
F001106,C0056,2026-08-25,2026-09-24,1677640.0,
F001107,C0057,2025-08-23,2025-09-22,1067394.0,2025-09-22
F001108,C0057,2025-08-26,2025-09-25,812752.0,2025-09-25
F001109,C0057,2025-08-15,2025-09-14,1064603.0,2025-09-15
F001110,C0057,2025-09-10,2025-10-10,789199.0,2025-10-11
F001111,C0057,2025-10-04,2025-11-03,957594.0,
F001112,C0057,2025-11-23,2025-12-23,736256.0,
F001113,C0057,2025-12-23,2026-01-22,717206.0,2026-01-22
F001114,C0057,2025-12-06,2026-01-05,1277899.0,2026-01-05
F001115,C0057,2026-01-22,2026-02-21,724451.0,2026-02-21
F001116,C0057,2026-01-01,2026-01-31,1051560.0,2026-01-31
F001117,C0057,2026-01-26,2026-02-25,2049665.0,
F001118,C0057,2026-02-11,2026-03-13,1066617.0,2026-03-16
F001119,C0057,2026-03-28,2026-04-27,526844.0,2026-04-27
F001120,C0057,2026-03-01,2026-03-31,983671.0,2026-04-05
F001121,C0057,2026-03-26,2026-04-25,1285699.0,2026-04-27
F001122,C0057,2026-04-04,2026-05-04,1322316.0,2026-05-12
F001123,C0057,2026-05-05,2026-06-04,718721.0,2026-06-04
F001124,C0057,2026-07-04,2026-08-03,990265.0,2026-08-03
F001125,C0057,2026-07-28,2026-08-27,1273389.0,2026-08-28
F001126,C0057,2026-07-24,2026-08-23,540134.0,2026-08-23
F001127,C0057,2026-08-20,2026-09-19,602091.0,
F001128,C0057,2026-08-25,2026-09-24,625853.0,
F001129,C0057,2026-08-01,2026-08-31,1078642.0,
F001130,C0058,2025-08-03,2025-09-02,4190238.0,2025-09-04
F001131,C0058,2025-08-23,2025-09-22,2079249.0,2025-09-22
F001132,C0058,2025-08-17,2025-09-16,2462729.0,2025-09-16
F001133,C0058,2025-11-05,2025-12-05,3423178.0,2025-12-05
F001134,C0058,2025-11-24,2025-12-24,3198261.0,2025-12-24
F001135,C0058,2025-12-25,2026-01-24,5172585.0,2026-01-24
F001136,C0058,2025-12-17,2026-01-16,3933415.0,2026-01-17
F001137,C0058,2026-01-02,2026-02-01,3605668.0,2026-02-01
F001138,C0058,2026-03-12,2026-04-11,3425108.0,2026-04-11
F001139,C0058,2026-03-09,2026-04-08,2874901.0,2026-04-09
F001140,C0058,2026-03-01,2026-03-31,1971206.0,2026-04-01
F001141,C0058,2026-05-15,2026-06-14,3028916.0,2026-06-17
F001142,C0058,2026-05-25,2026-06-24,5218726.0,2026-06-25
F001143,C0058,2026-06-25,2026-07-25,3473404.0,2026-07-25
F001144,C0058,2026-08-28,2026-09-27,3449902.0,
F001145,C0058,2026-08-20,2026-09-19,3707877.0,
F001146,C0058,2026-08-14,2026-09-13,5114581.0,
F001147,C0059,2025-07-26,2025-08-25,979867.0,2025-08-25
F001148,C0059,2025-07-02,2025-08-01,930893.0,2025-08-01
F001149,C0059,2025-07-28,2025-08-27,779469.0,2025-08-27
F001150,C0059,2025-08-06,2025-09-05,1590802.0,2025-09-07
F001151,C0059,2025-08-03,2025-09-02,789704.0,
F001152,C0059,2025-09-13,2025-10-13,802188.0,2025-10-14
F001153,C0059,2025-09-11,2025-10-11,2409095.0,2025-10-13
F001154,C0059,2025-10-04,2025-11-03,824907.0,2025-11-05
F001155,C0059,2025-10-19,2025-11-18,755998.0,2025-11-22
F001156,C0059,2025-10-27,2025-11-26,1019484.0,2025-12-02
F001157,C0059,2025-11-04,2025-12-04,1950307.0,2025-12-04
F001158,C0059,2025-12-19,2026-01-18,1960714.0,2026-01-18
F001159,C0059,2025-12-06,2026-01-05,1632947.0,2026-01-07
F001160,C0059,2026-01-22,2026-02-21,1322886.0,2026-02-23
F001161,C0059,2026-01-28,2026-02-27,1226131.0,2026-02-28
F001162,C0059,2026-01-23,2026-02-22,964131.0,2026-02-22
F001163,C0059,2026-02-26,2026-03-28,1164259.0,2026-03-30
F001164,C0059,2026-03-27,2026-04-26,1767881.0,2026-04-27
F001165,C0059,2026-03-08,2026-04-07,774321.0,2026-04-07
F001166,C0059,2026-04-08,2026-05-08,854274.0,2026-05-08
F001167,C0059,2026-04-21,2026-05-21,943750.0,2026-05-21
F001168,C0059,2026-05-12,2026-06-11,1058816.0,2026-06-11
F001169,C0059,2026-05-23,2026-06-22,1390151.0,2026-06-23
F001170,C0059,2026-05-25,2026-06-24,1781578.0,2026-06-24
F001171,C0059,2026-06-02,2026-07-02,1759133.0,2026-07-03
F001172,C0059,2026-06-09,2026-07-09,1598018.0,2026-07-11
F001173,C0059,2026-06-03,2026-07-03,1220124.0,2026-07-04
F001174,C0059,2026-07-25,2026-08-24,1900767.0,2026-08-27
F001175,C0059,2026-07-24,2026-08-23,1601042.0,2026-08-24
F001176,C0059,2026-07-08,2026-08-07,581625.0,2026-08-09
F001177,C0059,2026-08-17,2026-09-16,1077021.0,
F001178,C0060,2025-07-03,2025-08-02,4766560.0,2025-08-03
F001179,C0060,2025-07-20,2025-08-19,4600950.0,2025-08-21
F001180,C0060,2025-08-22,2025-09-21,3053832.0,2025-09-21
F001181,C0060,2025-08-08,2025-09-07,4032088.0,2025-09-08
F001182,C0060,2025-08-14,2025-09-13,3546101.0,2025-09-13
F001183,C0060,2025-09-08,2025-10-08,3751935.0,
F001184,C0060,2025-10-02,2025-11-01,6202227.0,2025-11-02
F001185,C0060,2025-10-01,2025-10-31,6365242.0,2025-11-02
F001186,C0060,2025-11-02,2025-12-02,6694733.0,2025-12-05
F001187,C0060,2025-11-12,2025-12-12,4379699.0,2025-12-12
F001188,C0060,2025-11-06,2025-12-06,3754864.0,2025-12-08
F001189,C0060,2025-12-15,2026-01-14,5613755.0,2026-01-14
F001190,C0060,2025-12-25,2026-01-24,4283994.0,2026-01-26
F001191,C0060,2026-01-27,2026-02-26,5325674.0,2026-03-01
F001192,C0060,2026-01-23,2026-02-22,3116503.0,2026-02-22
F001193,C0060,2026-02-10,2026-03-12,3049607.0,2026-03-15
F001194,C0060,2026-02-17,2026-03-19,4941565.0,2026-03-22
F001195,C0060,2026-02-21,2026-03-23,3825667.0,2026-03-23
F001196,C0060,2026-03-24,2026-04-23,4354496.0,2026-04-25
F001197,C0060,2026-03-26,2026-04-25,3099133.0,2026-04-28
F001198,C0060,2026-03-14,2026-04-13,2948635.0,2026-04-13
F001199,C0060,2026-04-04,2026-05-04,4859806.0,2026-05-04
F001200,C0060,2026-05-12,2026-06-11,2796938.0,2026-06-14
F001201,C0060,2026-05-28,2026-06-27,2987600.0,2026-06-29
F001202,C0060,2026-07-22,2026-08-21,3248352.0,2026-08-21
F001203,C0060,2026-07-11,2026-08-10,9509865.0,2026-08-10
F001204,C0061,2025-07-14,2025-08-13,969343.0,2025-08-16
F001205,C0061,2025-07-28,2025-08-27,1635503.0,2025-08-27
F001206,C0061,2025-07-28,2025-08-27,1790988.0,2025-08-27
F001207,C0061,2025-08-03,2025-09-02,1433627.0,2025-09-02
F001208,C0061,2025-08-01,2025-08-31,1264819.0,2025-08-31
F001209,C0061,2025-08-09,2025-09-08,1711109.0,2025-09-09
F001210,C0061,2025-09-21,2025-10-21,1743518.0,2025-10-22
F001211,C0061,2025-09-23,2025-10-23,2304351.0,2025-10-23
F001212,C0061,2025-09-19,2025-10-19,2381418.0,2025-10-19
F001213,C0061,2025-10-19,2025-11-18,3555151.0,2025-11-18
F001214,C0061,2025-11-26,2025-12-26,1222386.0,2025-12-26
F001215,C0061,2025-11-04,2025-12-04,968833.0,2025-12-04
F001216,C0061,2025-11-04,2025-12-04,1814964.0,2025-12-06
F001217,C0061,2025-12-16,2026-01-15,2433010.0,2026-01-16
F001218,C0061,2026-01-18,2026-02-17,1353649.0,2026-02-17
F001219,C0061,2026-01-10,2026-02-09,1186181.0,2026-02-12
F001220,C0061,2026-01-27,2026-02-26,1438332.0,2026-02-26
F001221,C0061,2026-02-05,2026-03-07,1110324.0,2026-03-07
F001222,C0061,2026-02-03,2026-03-05,789466.0,2026-03-07
F001223,C0061,2026-04-25,2026-05-25,2642208.0,2026-05-27
F001224,C0061,2026-04-12,2026-05-12,2023787.0,2026-05-12
F001225,C0061,2026-05-12,2026-06-11,1596081.0,2026-06-11
F001226,C0061,2026-06-18,2026-07-18,816118.0,2026-07-18
F001227,C0062,2025-08-22,2025-09-21,1406581.0,2025-09-22
F001228,C0062,2025-08-18,2025-09-17,3145130.0,2025-09-17
F001229,C0062,2025-08-24,2025-09-23,1140527.0,2025-09-24
F001230,C0062,2025-11-27,2025-12-27,967300.0,2025-12-28
F001231,C0062,2026-01-14,2026-02-13,880955.0,
F001232,C0062,2026-04-07,2026-05-07,684636.0,2026-05-10
F001233,C0062,2026-04-10,2026-05-10,1860134.0,2026-05-12
F001234,C0062,2026-04-12,2026-05-12,1410270.0,2026-05-12
F001235,C0062,2026-05-12,2026-06-11,1534597.0,
F001236,C0062,2026-05-17,2026-06-16,1419389.0,2026-06-17
F001237,C0062,2026-05-02,2026-06-01,910721.0,2026-06-01
F001238,C0062,2026-06-09,2026-07-09,1863483.0,2026-07-10
F001239,C0062,2026-06-19,2026-07-19,1467447.0,2026-07-19
F001240,C0062,2026-07-17,2026-08-16,1166653.0,2026-08-17
F001241,C0062,2026-07-14,2026-08-13,1055997.0,2026-08-13
F001242,C0062,2026-07-27,2026-08-26,1331923.0,2026-08-28
F001243,C0063,2026-01-16,2026-02-15,2231112.0,2026-02-17
F001244,C0063,2026-01-25,2026-02-24,1156898.0,2026-02-26
F001245,C0063,2026-04-20,2026-05-20,1242246.0,2026-05-20
F001246,C0063,2026-04-09,2026-05-09,1210645.0,2026-05-12
F001247,C0063,2026-04-05,2026-05-05,2737157.0,2026-05-10
F001248,C0063,2026-05-08,2026-06-07,2491615.0,
F001249,C0063,2026-05-06,2026-06-05,1876655.0,2026-06-06
F001250,C0063,2026-05-19,2026-06-18,1596615.0,2026-06-19
F001251,C0063,2026-06-12,2026-07-12,1748246.0,2026-07-12
F001252,C0063,2026-06-10,2026-07-10,1251455.0,2026-07-10
F001253,C0063,2026-06-15,2026-07-15,3370538.0,2026-07-15
F001254,C0063,2026-07-01,2026-07-31,2527794.0,2026-08-02
F001255,C0064,2025-07-19,2025-08-18,2895562.0,2025-08-18
F001256,C0064,2025-07-10,2025-08-09,1734374.0,2025-08-09
F001257,C0064,2025-07-11,2025-08-10,2776031.0,2025-08-10
F001258,C0064,2025-08-26,2025-09-25,4223091.0,2025-09-25
F001259,C0064,2025-08-15,2025-09-14,2624122.0,2025-09-15
F001260,C0064,2025-08-08,2025-09-07,2857035.0,2025-09-07
F001261,C0064,2025-09-01,2025-10-01,1508279.0,2025-10-01
F001262,C0064,2025-09-13,2025-10-13,3147778.0,2025-10-13
F001263,C0064,2025-10-19,2025-11-18,1811162.0,2025-11-18
F001264,C0064,2025-10-07,2025-11-06,2020846.0,2025-11-06
F001265,C0064,2025-10-18,2025-11-17,2350124.0,2025-11-17
F001266,C0064,2025-12-27,2026-01-26,2001322.0,
F001267,C0064,2025-12-08,2026-01-07,3486397.0,2026-01-09
F001268,C0064,2025-12-13,2026-01-12,2112446.0,2026-01-14
F001269,C0064,2026-01-10,2026-02-09,2782936.0,
F001270,C0064,2026-01-04,2026-02-03,2417415.0,2026-02-03
F001271,C0064,2026-01-02,2026-02-01,2490221.0,2026-02-01
F001272,C0064,2026-03-04,2026-04-03,1558216.0,2026-04-03
F001273,C0064,2026-03-21,2026-04-20,3795404.0,2026-04-20
F001274,C0064,2026-03-12,2026-04-11,1980294.0,2026-04-11
F001275,C0064,2026-04-16,2026-05-16,2190434.0,2026-05-18
F001276,C0064,2026-05-11,2026-06-10,2729489.0,2026-06-11
F001277,C0064,2026-05-13,2026-06-12,3305972.0,2026-06-13
F001278,C0064,2026-05-02,2026-06-01,3747199.0,2026-06-01
F001279,C0064,2026-06-18,2026-07-18,2770381.0,2026-07-19
F001280,C0064,2026-06-08,2026-07-08,2578861.0,2026-07-08
F001281,C0064,2026-06-10,2026-07-10,2817500.0,2026-07-10
F001282,C0064,2026-08-12,2026-09-11,4493443.0,
F001283,C0065,2025-07-05,2025-08-04,337972.0,2025-08-04
F001284,C0065,2025-07-17,2025-08-16,385118.0,
F001285,C0065,2025-09-24,2025-10-24,524703.0,2025-10-24
F001286,C0065,2025-09-27,2025-10-27,801790.0,2025-10-28
F001287,C0065,2025-12-08,2026-01-07,363016.0,2026-01-07
F001288,C0065,2026-02-10,2026-03-12,447213.0,2026-03-14
F001289,C0065,2026-03-12,2026-04-11,654663.0,2026-04-11
F001290,C0065,2026-04-03,2026-05-03,811835.0,2026-05-03
F001291,C0065,2026-06-03,2026-07-03,731073.0,
F001292,C0065,2026-06-09,2026-07-09,387674.0,2026-07-09
F001293,C0065,2026-07-09,2026-08-08,607315.0,2026-08-08
F001294,C0065,2026-08-12,2026-09-11,1147879.0,
F001295,C0066,2025-11-24,2025-12-24,3203074.0,2025-12-24
F001296,C0066,2025-11-07,2025-12-07,2695847.0,2025-12-07
F001297,C0066,2025-11-22,2025-12-22,2764245.0,2025-12-22
F001298,C0066,2026-05-17,2026-06-16,2851075.0,2026-06-16
F001299,C0066,2026-05-02,2026-06-01,2926376.0,2026-06-01
F001300,C0066,2026-05-08,2026-06-07,1531105.0,2026-06-07
F001301,C0066,2026-06-15,2026-07-15,3475545.0,2026-07-15
F001302,C0067,2025-08-24,2025-09-23,930032.0,2025-09-23
F001303,C0067,2025-08-23,2025-09-22,1464498.0,2025-09-22
F001304,C0067,2025-08-09,2025-09-08,773724.0,2025-09-08
F001305,C0067,2025-09-06,2025-10-06,691695.0,2025-10-06
F001306,C0067,2025-10-28,2025-11-27,1425598.0,2025-11-27
F001307,C0067,2025-10-18,2025-11-17,303545.0,2025-11-17
F001308,C0067,2025-10-01,2025-10-31,669319.0,2025-10-31
F001309,C0067,2025-11-07,2025-12-07,1201328.0,2025-12-07
F001310,C0067,2025-11-12,2025-12-12,1268760.0,2025-12-12
F001311,C0067,2026-01-17,2026-02-16,892600.0,2026-02-16
F001312,C0067,2026-04-20,2026-05-20,719027.0,2026-05-20
F001313,C0067,2026-04-20,2026-05-20,724704.0,2026-05-20
F001314,C0067,2026-04-05,2026-05-05,508181.0,2026-05-05
F001315,C0067,2026-05-22,2026-06-21,1546466.0,2026-06-21
F001316,C0067,2026-05-11,2026-06-10,802203.0,2026-06-11
F001317,C0067,2026-07-06,2026-08-05,514980.0,2026-08-05
F001318,C0067,2026-07-05,2026-08-04,1334563.0,2026-08-04
F001319,C0067,2026-07-14,2026-08-13,681898.0,2026-08-14
F001320,C0068,2025-08-23,2025-09-22,1186064.0,2025-09-24
F001321,C0068,2025-09-27,2025-10-27,2825119.0,2025-10-27
F001322,C0068,2025-09-04,2025-10-04,579223.0,2025-10-04
F001323,C0068,2025-10-13,2025-11-12,1432591.0,2025-11-13
F001324,C0068,2025-11-12,2025-12-12,880561.0,2025-12-12
F001325,C0068,2026-01-13,2026-02-12,1185250.0,2026-02-13
F001326,C0068,2026-01-16,2026-02-15,920869.0,2026-02-15
F001327,C0068,2026-04-07,2026-05-07,1438302.0,2026-05-07
F001328,C0068,2026-05-12,2026-06-11,1512674.0,2026-06-12
F001329,C0068,2026-06-28,2026-07-28,1381117.0,2026-07-28
F001330,C0068,2026-06-18,2026-07-18,684439.0,2026-07-19
F001331,C0069,2025-07-26,2025-08-25,1591614.0,2025-08-28
F001332,C0069,2025-07-11,2025-08-10,1696760.0,2025-08-11
F001333,C0069,2025-07-24,2025-08-23,952988.0,2025-08-23
F001334,C0069,2025-08-04,2025-09-03,944349.0,2025-09-03
F001335,C0069,2025-08-06,2025-09-05,683521.0,2025-09-07
F001336,C0069,2025-12-12,2026-01-11,684951.0,2026-01-12
F001337,C0069,2025-12-11,2026-01-10,1545679.0,2026-01-11
F001338,C0069,2026-02-07,2026-03-09,1841636.0,2026-03-09
F001339,C0069,2026-04-10,2026-05-10,2326096.0,2026-05-10
F001340,C0069,2026-04-02,2026-05-02,1732400.0,2026-05-03
F001341,C0069,2026-06-25,2026-07-25,2055263.0,2026-07-25
F001342,C0069,2026-06-25,2026-07-25,897343.0,2026-07-26
F001343,C0069,2026-07-13,2026-08-12,806544.0,2026-08-13
F001344,C0069,2026-07-18,2026-08-17,1153738.0,2026-08-21
F001345,C0069,2026-08-20,2026-09-19,924279.0,
F001346,C0069,2026-08-17,2026-09-16,1061078.0,
F001347,C0069,2026-08-20,2026-09-19,1888653.0,
F001348,C0070,2025-08-14,2025-09-13,2339867.0,2025-09-13
F001349,C0070,2025-08-21,2025-09-20,1992637.0,2025-09-21
F001350,C0070,2025-10-01,2025-10-31,1611407.0,2025-11-01
F001351,C0070,2025-10-23,2025-11-22,2393468.0,2025-11-23
F001352,C0070,2025-10-21,2025-11-20,2312167.0,2025-11-20
F001353,C0070,2025-12-23,2026-01-22,2977493.0,2026-01-23
F001354,C0070,2025-12-09,2026-01-08,2397022.0,2026-01-08
F001355,C0070,2025-12-02,2026-01-01,2071462.0,2026-01-01
F001356,C0070,2026-01-01,2026-01-31,2812717.0,2026-01-31
F001357,C0070,2026-02-23,2026-03-25,2372154.0,2026-03-27
F001358,C0070,2026-08-28,2026-09-27,2547736.0,
F001359,C0070,2026-08-23,2026-09-22,1871552.0,
F001360,C0070,2026-08-23,2026-09-22,2063056.0,
F001361,C0071,2025-07-02,2025-08-01,663922.0,2025-08-01
F001362,C0071,2025-07-01,2025-07-31,324773.0,
F001363,C0071,2025-07-14,2025-08-13,818720.0,2025-08-14
F001364,C0071,2025-08-09,2025-09-08,1014705.0,2025-09-08
F001365,C0071,2025-09-01,2025-10-01,832370.0,2025-10-01
F001366,C0071,2025-09-10,2025-10-10,1154965.0,2025-10-10
F001367,C0071,2025-09-16,2025-10-16,1180635.0,2025-10-18
F001368,C0071,2025-11-07,2025-12-07,596464.0,2025-12-08
F001369,C0071,2026-01-03,2026-02-02,620987.0,2026-02-02
F001370,C0071,2026-01-09,2026-02-08,779488.0,2026-02-08
F001371,C0071,2026-01-06,2026-02-05,452489.0,2026-02-05
F001372,C0071,2026-02-09,2026-03-11,803646.0,2026-03-11
F001373,C0071,2026-02-11,2026-03-13,793287.0,2026-03-14
F001374,C0071,2026-02-23,2026-03-25,929556.0,2026-03-25
F001375,C0071,2026-05-20,2026-06-19,783810.0,2026-06-19
F001376,C0071,2026-05-09,2026-06-08,1397097.0,2026-06-09
F001377,C0071,2026-06-09,2026-07-09,519368.0,
F001378,C0071,2026-08-08,2026-09-07,905775.0,
F001379,C0071,2026-08-20,2026-09-19,1042359.0,
F001380,C0072,2025-07-07,2025-08-06,3100200.0,2025-08-07
F001381,C0072,2025-08-03,2025-09-02,2331940.0,2025-09-04
F001382,C0072,2025-08-23,2025-09-22,4620031.0,2025-09-23
F001383,C0072,2025-08-21,2025-09-20,1740439.0,
F001384,C0072,2025-09-28,2025-10-28,2604302.0,2025-10-28
F001385,C0072,2025-10-05,2025-11-04,1717365.0,2025-11-09
F001386,C0072,2025-12-23,2026-01-22,2864095.0,2026-01-24
F001387,C0072,2025-12-20,2026-01-19,3498656.0,2026-01-25
F001388,C0072,2025-12-25,2026-01-24,3725161.0,2026-01-24
F001389,C0072,2026-01-26,2026-02-25,2023980.0,
F001390,C0072,2026-01-12,2026-02-11,1377278.0,2026-02-16
F001391,C0072,2026-03-04,2026-04-03,2698605.0,2026-04-11
F001392,C0072,2026-03-25,2026-04-24,2842107.0,2026-04-26
F001393,C0072,2026-03-20,2026-04-19,2407382.0,2026-04-20
F001394,C0072,2026-04-15,2026-05-15,1002610.0,2026-05-18
F001395,C0072,2026-04-25,2026-05-25,2677612.0,2026-05-26
F001396,C0072,2026-04-04,2026-05-04,2218611.0,2026-05-10
F001397,C0072,2026-05-09,2026-06-08,2683043.0,2026-06-11
F001398,C0072,2026-06-15,2026-07-15,2135204.0,2026-07-16
F001399,C0072,2026-06-27,2026-07-27,1728336.0,2026-07-30
F001400,C0072,2026-08-20,2026-09-19,3233190.0,
F001401,C0073,2025-07-08,2025-08-07,3700237.0,2025-08-07
F001402,C0073,2025-07-24,2025-08-23,1917670.0,2025-08-23
F001403,C0073,2025-08-11,2025-09-10,1548316.0,2025-09-12
F001404,C0073,2025-08-18,2025-09-17,1444220.0,2025-09-17
F001405,C0073,2025-08-23,2025-09-22,1939629.0,2025-09-22
F001406,C0073,2025-10-09,2025-11-08,2199732.0,2025-11-10
F001407,C0073,2025-10-25,2025-11-24,1048152.0,2025-11-24
F001408,C0073,2025-10-15,2025-11-14,1682508.0,2025-11-16
F001409,C0073,2025-11-13,2025-12-13,1643422.0,2025-12-13
F001410,C0073,2025-11-17,2025-12-17,2716792.0,2025-12-17
F001411,C0073,2026-01-10,2026-02-09,4216846.0,2026-02-10
F001412,C0073,2026-03-09,2026-04-08,2419956.0,2026-04-10
F001413,C0073,2026-04-01,2026-05-01,2653630.0,2026-05-03
F001414,C0073,2026-06-02,2026-07-02,2346879.0,2026-07-02
F001415,C0073,2026-06-28,2026-07-28,2860656.0,2026-07-28
F001416,C0073,2026-06-19,2026-07-19,2297312.0,2026-07-20
F001417,C0073,2026-08-03,2026-09-02,1488199.0,
F001418,C0074,2025-10-25,2025-11-24,2121665.0,2025-11-25
F001419,C0074,2025-10-23,2025-11-22,2488980.0,2025-11-23
F001420,C0074,2025-10-02,2025-11-01,1019753.0,2025-11-01
F001421,C0074,2025-11-07,2025-12-07,2018287.0,2025-12-07
F001422,C0074,2025-11-15,2025-12-15,1350295.0,2025-12-15
F001423,C0074,2026-01-23,2026-02-22,1487878.0,2026-02-23
F001424,C0074,2026-01-03,2026-02-02,857882.0,2026-02-03
F001425,C0074,2026-02-24,2026-03-26,2004809.0,2026-03-27
F001426,C0074,2026-02-19,2026-03-21,2956714.0,2026-03-24
F001427,C0074,2026-03-20,2026-04-19,780638.0,2026-04-19
F001428,C0074,2026-03-26,2026-04-25,2103519.0,2026-04-25
F001429,C0074,2026-03-20,2026-04-19,1980257.0,
F001430,C0074,2026-05-01,2026-05-31,2784794.0,2026-06-01
F001431,C0074,2026-06-03,2026-07-03,1914443.0,2026-07-03
F001432,C0074,2026-06-12,2026-07-12,1205387.0,2026-07-12
F001433,C0074,2026-07-28,2026-08-27,1566205.0,2026-08-27
F001434,C0074,2026-07-25,2026-08-24,1624011.0,2026-08-24
F001435,C0074,2026-07-19,2026-08-18,1310636.0,2026-08-19
F001436,C0074,2026-08-24,2026-09-23,1674759.0,
F001437,C0074,2026-08-21,2026-09-20,1657523.0,
F001438,C0075,2025-08-12,2025-09-11,1931441.0,2025-09-12
F001439,C0075,2025-08-18,2025-09-17,2886659.0,2025-09-17
F001440,C0075,2025-08-28,2025-09-27,1966800.0,2025-09-27
F001441,C0075,2025-09-24,2025-10-24,2249771.0,2025-10-24
F001442,C0075,2025-09-22,2025-10-22,3253364.0,2025-10-22
F001443,C0075,2025-09-13,2025-10-13,5944917.0,2025-10-13
F001444,C0075,2025-10-06,2025-11-05,3054194.0,2025-11-05
F001445,C0075,2025-10-13,2025-11-12,1999713.0,2025-11-12
F001446,C0075,2025-12-19,2026-01-18,3977387.0,2026-01-20
F001447,C0075,2025-12-19,2026-01-18,4957198.0,
F001448,C0075,2026-01-04,2026-02-03,2076696.0,2026-02-03
F001449,C0075,2026-02-10,2026-03-12,6006584.0,2026-03-13
F001450,C0075,2026-02-05,2026-03-07,4442641.0,2026-03-08
F001451,C0075,2026-03-04,2026-04-03,1622099.0,2026-04-03
F001452,C0075,2026-03-15,2026-04-14,3203161.0,2026-04-14
F001453,C0075,2026-03-07,2026-04-06,2476628.0,2026-04-06
F001454,C0075,2026-05-16,2026-06-15,3017484.0,2026-06-16
F001455,C0075,2026-05-23,2026-06-22,2108837.0,2026-06-23
F001456,C0075,2026-06-13,2026-07-13,5027895.0,2026-07-13
F001457,C0075,2026-07-13,2026-08-12,2711701.0,
F001458,C0075,2026-07-17,2026-08-16,5028631.0,2026-08-17
F001459,C0076,2025-08-11,2025-09-10,826097.0,2025-09-11
F001460,C0076,2025-09-27,2025-10-27,843692.0,2025-11-02
F001461,C0076,2025-10-02,2025-11-01,1158278.0,2025-11-06
F001462,C0076,2025-11-28,2025-12-28,865565.0,2025-12-31
F001463,C0076,2025-11-19,2025-12-19,839436.0,2025-12-20
F001464,C0076,2025-11-07,2025-12-07,564460.0,2025-12-08
F001465,C0076,2025-12-01,2025-12-31,790655.0,2026-01-01
F001466,C0076,2025-12-28,2026-01-27,874855.0,2026-02-02
F001467,C0076,2026-01-08,2026-02-07,652562.0,2026-02-07
F001468,C0076,2026-01-03,2026-02-02,779395.0,2026-02-05
F001469,C0076,2026-04-09,2026-05-09,646880.0,2026-05-13
F001470,C0076,2026-04-01,2026-05-01,576155.0,2026-05-02
F001471,C0076,2026-08-05,2026-09-04,451658.0,
F001472,C0077,2025-07-24,2025-08-23,1243191.0,2025-08-23
F001473,C0077,2025-07-14,2025-08-13,1627371.0,2025-08-13
F001474,C0077,2025-08-18,2025-09-17,902716.0,2025-09-17
F001475,C0077,2025-08-03,2025-09-02,1564012.0,2025-09-02
F001476,C0077,2025-08-21,2025-09-20,1660552.0,2025-09-20
F001477,C0077,2025-09-28,2025-10-28,1211582.0,2025-10-28
F001478,C0077,2025-09-08,2025-10-08,603008.0,
F001479,C0077,2025-09-02,2025-10-02,1577587.0,2025-10-02
F001480,C0077,2025-11-07,2025-12-07,717983.0,2025-12-07
F001481,C0077,2025-11-12,2025-12-12,1121741.0,2025-12-12
F001482,C0077,2025-11-18,2025-12-18,1944935.0,2025-12-18
F001483,C0077,2026-01-06,2026-02-05,1032189.0,2026-02-05
F001484,C0077,2026-01-14,2026-02-13,852014.0,2026-02-13
F001485,C0077,2026-02-27,2026-03-29,1268571.0,2026-03-29
F001486,C0077,2026-02-03,2026-03-05,666399.0,2026-03-05
F001487,C0077,2026-04-03,2026-05-03,1062251.0,2026-05-04
F001488,C0077,2026-06-07,2026-07-07,1156934.0,2026-07-07
F001489,C0077,2026-07-02,2026-08-01,1817701.0,2026-08-01
F001490,C0077,2026-08-19,2026-09-18,1260454.0,
F001491,C0078,2025-08-12,2025-09-11,1715490.0,2025-09-11
F001492,C0078,2025-08-08,2025-09-07,1540252.0,2025-09-07
F001493,C0078,2025-08-05,2025-09-04,1742010.0,2025-09-05
F001494,C0078,2025-10-27,2025-11-26,1766510.0,2025-11-26
F001495,C0078,2025-11-17,2025-12-17,1959048.0,2025-12-17
F001496,C0078,2025-11-19,2025-12-19,2463599.0,2025-12-21
F001497,C0078,2025-12-18,2026-01-17,1924697.0,2026-01-17
F001498,C0078,2026-01-02,2026-02-01,921514.0,2026-02-01
F001499,C0078,2026-01-22,2026-02-21,1618666.0,2026-02-21
F001500,C0078,2026-01-12,2026-02-11,2977008.0,2026-02-11
F001501,C0078,2026-02-17,2026-03-19,1308721.0,2026-03-22
F001502,C0078,2026-02-06,2026-03-08,2233200.0,2026-03-08
F001503,C0078,2026-02-06,2026-03-08,1101148.0,2026-03-08
F001504,C0078,2026-03-12,2026-04-11,1024064.0,2026-04-11
F001505,C0078,2026-03-23,2026-04-22,1114450.0,2026-04-24
F001506,C0078,2026-04-11,2026-05-11,2206892.0,2026-05-11
F001507,C0078,2026-04-27,2026-05-27,978303.0,2026-05-28
F001508,C0078,2026-04-18,2026-05-18,1382597.0,2026-05-18
F001509,C0078,2026-07-05,2026-08-04,960336.0,2026-08-05
F001510,C0078,2026-07-11,2026-08-10,786037.0,2026-08-11
F001511,C0078,2026-08-19,2026-09-18,1767291.0,
F001512,C0078,2026-08-08,2026-09-07,747656.0,
F001513,C0078,2026-08-23,2026-09-22,1034659.0,
F001514,C0079,2025-07-13,2025-08-12,1306389.0,2025-08-13
F001515,C0079,2025-07-07,2025-08-06,1461966.0,2025-08-06
F001516,C0079,2025-08-15,2025-09-14,835915.0,2025-09-14
F001517,C0079,2025-08-20,2025-09-19,2279196.0,2025-09-21
F001518,C0079,2025-09-17,2025-10-17,838094.0,2025-10-17
F001519,C0079,2025-10-28,2025-11-27,1891896.0,
F001520,C0079,2025-10-22,2025-11-21,1571798.0,2025-11-21
F001521,C0079,2025-10-23,2025-11-22,2696197.0,2025-11-22
F001522,C0079,2025-12-21,2026-01-20,1210873.0,2026-01-20
F001523,C0079,2026-01-06,2026-02-05,1214049.0,2026-02-07
F001524,C0079,2026-01-03,2026-02-02,812536.0,2026-02-03
F001525,C0079,2026-02-17,2026-03-19,2112770.0,2026-03-20
F001526,C0079,2026-03-26,2026-04-25,1162546.0,2026-04-26
F001527,C0079,2026-05-27,2026-06-26,2043244.0,2026-06-27
F001528,C0079,2026-05-18,2026-06-17,634171.0,2026-06-20
F001529,C0079,2026-05-27,2026-06-26,551789.0,2026-06-26
F001530,C0079,2026-06-25,2026-07-25,1065940.0,2026-07-25
F001531,C0079,2026-06-26,2026-07-26,1510143.0,2026-07-26
F001532,C0079,2026-07-01,2026-07-31,1557231.0,2026-08-01
F001533,C0079,2026-08-20,2026-09-19,1110444.0,
F001534,C0079,2026-08-18,2026-09-17,1616661.0,
F001535,C0080,2025-12-25,2026-01-24,1596551.0,2026-01-24
F001536,C0080,2026-01-16,2026-02-15,1621001.0,2026-02-16
F001537,C0080,2026-01-08,2026-02-07,1669122.0,2026-02-10
F001538,C0080,2026-02-10,2026-03-12,1561974.0,2026-03-12
F001539,C0080,2026-02-04,2026-03-06,1134293.0,2026-03-06
F001540,C0080,2026-04-08,2026-05-08,1325446.0,
F001541,C0080,2026-05-14,2026-06-13,2083763.0,2026-06-14
F001542,C0080,2026-05-03,2026-06-02,1915548.0,2026-06-02
F001543,C0080,2026-05-18,2026-06-17,1918496.0,2026-06-17
F001544,C0080,2026-06-21,2026-07-21,1702271.0,2026-07-22
F001545,C0080,2026-06-28,2026-07-28,831840.0,2026-07-28
F001546,C0081,2025-07-20,2025-08-19,1986156.0,2025-08-19
F001547,C0081,2025-07-05,2025-08-04,2042987.0,2025-08-04
F001548,C0081,2025-08-11,2025-09-10,1935982.0,2025-09-10
F001549,C0081,2025-08-13,2025-09-12,2649738.0,2025-09-13
F001550,C0081,2025-08-11,2025-09-10,1462872.0,2025-09-10
F001551,C0081,2025-09-09,2025-10-09,3872108.0,2025-10-11
F001552,C0081,2025-09-11,2025-10-11,2382814.0,2025-10-11
F001553,C0081,2025-10-07,2025-11-06,3178432.0,2025-11-06
F001554,C0081,2025-10-23,2025-11-22,1681621.0,2025-11-22
F001555,C0081,2025-11-24,2025-12-24,1818400.0,2025-12-25
F001556,C0081,2025-11-25,2025-12-25,2652575.0,2025-12-25
F001557,C0081,2025-11-03,2025-12-03,2156850.0,2025-12-05
F001558,C0081,2025-12-11,2026-01-10,3836426.0,2026-01-10
F001559,C0081,2026-01-18,2026-02-17,1566968.0,2026-02-18
F001560,C0081,2026-01-28,2026-02-27,3440344.0,2026-03-01
F001561,C0081,2026-02-10,2026-03-12,2861964.0,2026-03-12
F001562,C0081,2026-02-03,2026-03-05,2581109.0,2026-03-05
F001563,C0081,2026-03-09,2026-04-08,2328430.0,2026-04-08
F001564,C0081,2026-04-11,2026-05-11,1224725.0,2026-05-11
F001565,C0081,2026-04-06,2026-05-06,2887866.0,2026-05-06
F001566,C0081,2026-05-10,2026-06-09,3727320.0,2026-06-09
F001567,C0081,2026-05-09,2026-06-08,3176335.0,2026-06-08
F001568,C0081,2026-05-21,2026-06-20,2995864.0,2026-06-20
F001569,C0081,2026-06-20,2026-07-20,2066733.0,2026-07-20
F001570,C0081,2026-06-22,2026-07-22,2977871.0,2026-07-22
F001571,C0081,2026-06-22,2026-07-22,2410581.0,2026-07-22
F001572,C0081,2026-07-10,2026-08-09,2077147.0,2026-08-09
F001573,C0081,2026-07-19,2026-08-18,3451058.0,2026-08-18
F001574,C0081,2026-07-03,2026-08-02,2756817.0,2026-08-02
F001575,C0081,2026-08-20,2026-09-19,3920010.0,
F001576,C0082,2025-07-01,2025-07-31,2291991.0,2025-07-31
F001577,C0082,2025-09-11,2025-10-11,1619590.0,2025-10-11
F001578,C0082,2025-10-03,2025-11-02,2436185.0,2025-11-03
F001579,C0082,2025-10-23,2025-11-22,2363174.0,2025-11-22
F001580,C0082,2025-11-23,2025-12-23,2040846.0,2025-12-23
F001581,C0082,2025-11-08,2025-12-08,5400047.0,2025-12-08
F001582,C0082,2025-12-03,2026-01-02,2697627.0,2026-01-03
F001583,C0082,2025-12-24,2026-01-23,4167627.0,
F001584,C0082,2025-12-13,2026-01-12,1726303.0,2026-01-12
F001585,C0082,2026-01-14,2026-02-13,2225026.0,2026-02-13
F001586,C0082,2026-01-14,2026-02-13,1960552.0,2026-02-13
F001587,C0082,2026-02-26,2026-03-28,3638115.0,2026-03-28
F001588,C0082,2026-03-08,2026-04-07,2375409.0,2026-04-07
F001589,C0082,2026-03-26,2026-04-25,2221749.0,2026-04-25
F001590,C0082,2026-03-12,2026-04-11,3723834.0,2026-04-13
F001591,C0082,2026-04-27,2026-05-27,1471714.0,2026-05-27
F001592,C0082,2026-04-18,2026-05-18,2799921.0,2026-05-19
F001593,C0082,2026-05-23,2026-06-22,2609788.0,2026-06-22
F001594,C0082,2026-06-06,2026-07-06,2645085.0,2026-07-06
F001595,C0082,2026-07-23,2026-08-22,4710972.0,2026-08-22
F001596,C0082,2026-07-13,2026-08-12,2200758.0,2026-08-13
F001597,C0082,2026-08-21,2026-09-20,3781489.0,
F001598,C0082,2026-08-03,2026-09-02,2906636.0,
F001599,C0082,2026-08-17,2026-09-16,2291784.0,
F001600,C0083,2025-09-22,2025-10-22,2888718.0,2025-10-23
F001601,C0083,2025-09-21,2025-10-21,1770185.0,2025-10-21
F001602,C0083,2025-09-10,2025-10-10,1547657.0,2025-10-11
F001603,C0083,2025-12-03,2026-01-02,2270764.0,2026-01-02
F001604,C0083,2025-12-06,2026-01-05,2172798.0,2026-01-08
F001605,C0083,2025-12-17,2026-01-16,1713797.0,2026-01-16
F001606,C0083,2026-03-18,2026-04-17,2148618.0,2026-04-18
F001607,C0083,2026-03-19,2026-04-18,807640.0,
F001608,C0083,2026-03-19,2026-04-18,1864150.0,2026-04-18
F001609,C0083,2026-05-03,2026-06-02,2519374.0,2026-06-02
F001610,C0083,2026-05-18,2026-06-17,1283699.0,2026-06-17
F001611,C0083,2026-06-17,2026-07-17,2010662.0,2026-07-18
F001612,C0083,2026-06-06,2026-07-06,2257213.0,2026-07-06
F001613,C0083,2026-07-06,2026-08-05,1985956.0,2026-08-07
F001614,C0083,2026-07-13,2026-08-12,1230851.0,2026-08-12
F001615,C0083,2026-08-25,2026-09-24,3588174.0,
F001616,C0083,2026-08-05,2026-09-04,1291030.0,
F001617,C0083,2026-08-20,2026-09-19,3395731.0,
F001618,C0084,2025-07-18,2025-08-17,3392303.0,2025-08-17
F001619,C0084,2025-08-16,2025-09-15,3377568.0,2025-09-15
F001620,C0084,2025-08-11,2025-09-10,2176912.0,2025-09-10
F001621,C0084,2025-09-26,2025-10-26,4796317.0,2025-10-26
F001622,C0084,2025-09-24,2025-10-24,1828559.0,2025-10-24
F001623,C0084,2025-10-20,2025-11-19,4012616.0,2025-11-19
F001624,C0084,2025-11-13,2025-12-13,1799812.0,2025-12-13
F001625,C0084,2025-11-18,2025-12-18,3268602.0,2025-12-19
F001626,C0084,2025-11-22,2025-12-22,2882575.0,2025-12-22
F001627,C0084,2025-12-12,2026-01-11,3089218.0,2026-01-11
F001628,C0084,2025-12-13,2026-01-12,2265705.0,2026-01-13
F001629,C0084,2026-01-20,2026-02-19,2751537.0,2026-02-19
F001630,C0084,2026-02-16,2026-03-18,2981270.0,2026-03-18
F001631,C0084,2026-04-25,2026-05-25,2261052.0,2026-05-25
F001632,C0084,2026-06-19,2026-07-19,3449550.0,2026-07-19
F001633,C0084,2026-06-02,2026-07-02,4435525.0,2026-07-02
F001634,C0084,2026-06-09,2026-07-09,2711636.0,2026-07-09
F001635,C0084,2026-07-15,2026-08-14,1528903.0,2026-08-14
F001636,C0084,2026-07-01,2026-07-31,6107932.0,2026-07-31
F001637,C0084,2026-07-28,2026-08-27,2723795.0,2026-08-27
F001638,C0084,2026-08-24,2026-09-23,4093407.0,
F001639,C0085,2025-07-14,2025-08-13,4290386.0,2025-08-14
F001640,C0085,2025-08-08,2025-09-07,4031699.0,2025-09-07
F001641,C0085,2025-09-15,2025-10-15,6707190.0,2025-10-15
F001642,C0085,2025-10-04,2025-11-03,4935922.0,2025-11-06
F001643,C0085,2026-01-10,2026-02-09,3421872.0,2026-02-09
F001644,C0085,2026-01-06,2026-02-05,3868091.0,2026-02-07
F001645,C0085,2026-02-03,2026-03-05,5988753.0,2026-03-05
F001646,C0085,2026-02-19,2026-03-21,3115778.0,2026-03-21
F001647,C0085,2026-02-09,2026-03-11,2739630.0,2026-03-12
F001648,C0085,2026-03-24,2026-04-23,6641386.0,2026-04-24
F001649,C0085,2026-04-25,2026-05-25,7157044.0,2026-05-25
F001650,C0085,2026-06-06,2026-07-06,8495232.0,2026-07-06
F001651,C0085,2026-06-21,2026-07-21,5352437.0,2026-07-22
F001652,C0085,2026-06-08,2026-07-08,1828936.0,2026-07-10
F001653,C0085,2026-08-22,2026-09-21,2421402.0,
F001654,C0086,2025-07-14,2025-08-13,4028537.0,2025-08-13
F001655,C0086,2025-09-04,2025-10-04,11481013.0,2025-10-04
F001656,C0086,2025-09-12,2025-10-12,4004213.0,2025-10-12
F001657,C0086,2025-10-16,2025-11-15,2730972.0,2025-11-15
F001658,C0086,2025-10-02,2025-11-01,4836029.0,2025-11-01
F001659,C0086,2025-10-13,2025-11-12,8974958.0,2025-11-13
F001660,C0086,2025-12-07,2026-01-06,6795690.0,2026-01-06
F001661,C0086,2025-12-05,2026-01-04,4560746.0,2026-01-04
F001662,C0086,2026-01-20,2026-02-19,5039594.0,2026-02-19
F001663,C0086,2026-01-09,2026-02-08,4692531.0,2026-02-08
F001664,C0086,2026-01-19,2026-02-18,5059256.0,2026-02-18
F001665,C0086,2026-03-27,2026-04-26,3540011.0,2026-04-26
F001666,C0086,2026-03-20,2026-04-19,6922919.0,2026-04-19
F001667,C0086,2026-04-04,2026-05-04,11050839.0,2026-05-05
F001668,C0086,2026-05-09,2026-06-08,7692044.0,2026-06-08
F001669,C0086,2026-06-03,2026-07-03,4148791.0,2026-07-03
F001670,C0086,2026-06-22,2026-07-22,2829132.0,2026-07-22
F001671,C0086,2026-08-27,2026-09-26,6466989.0,
F001672,C0087,2025-08-05,2025-09-04,608461.0,2025-09-04
F001673,C0087,2025-08-23,2025-09-22,998402.0,2025-09-22
F001674,C0087,2025-10-15,2025-11-14,1217626.0,2025-11-14
F001675,C0087,2025-10-12,2025-11-11,879864.0,2025-11-11
F001676,C0087,2025-10-06,2025-11-05,1022280.0,2025-11-08
F001677,C0087,2025-11-16,2025-12-16,735162.0,2025-12-16
F001678,C0087,2025-11-20,2025-12-20,1160368.0,2025-12-21
F001679,C0087,2025-12-13,2026-01-12,1039124.0,2026-01-12
F001680,C0087,2026-01-17,2026-02-16,1351921.0,2026-02-18
F001681,C0087,2026-03-11,2026-04-10,1376303.0,2026-04-10
F001682,C0087,2026-03-01,2026-03-31,1244746.0,2026-03-31
F001683,C0087,2026-04-27,2026-05-27,892585.0,2026-05-27
F001684,C0087,2026-04-05,2026-05-05,700631.0,2026-05-05
F001685,C0087,2026-05-20,2026-06-19,853116.0,2026-06-19
F001686,C0087,2026-05-20,2026-06-19,1494787.0,2026-06-19
F001687,C0087,2026-05-08,2026-06-07,959649.0,2026-06-07
F001688,C0087,2026-06-04,2026-07-04,782761.0,2026-07-04
F001689,C0087,2026-07-07,2026-08-06,1082142.0,2026-08-06
F001690,C0087,2026-08-18,2026-09-17,775774.0,
F001691,C0087,2026-08-07,2026-09-06,1147132.0,
F001692,C0087,2026-08-02,2026-09-01,873345.0,
F001693,C0088,2025-07-08,2025-08-07,622961.0,2025-08-07
F001694,C0088,2025-07-28,2025-08-27,964427.0,2025-08-28
F001695,C0088,2025-07-27,2025-08-26,844294.0,2025-08-26
F001696,C0088,2025-08-14,2025-09-13,1412332.0,2025-09-14
F001697,C0088,2025-09-26,2025-10-26,1118679.0,2025-10-26
F001698,C0088,2025-10-02,2025-11-01,1172237.0,2025-11-01
F001699,C0088,2025-11-15,2025-12-15,629525.0,2025-12-15
F001700,C0088,2025-11-26,2025-12-26,804351.0,2025-12-26
F001701,C0088,2025-11-27,2025-12-27,841983.0,2025-12-27
F001702,C0088,2025-12-16,2026-01-15,1023695.0,2026-01-15
F001703,C0088,2026-01-20,2026-02-19,644815.0,2026-02-19
F001704,C0088,2026-01-26,2026-02-25,511697.0,2026-02-25
F001705,C0088,2026-01-28,2026-02-27,558566.0,2026-02-27
F001706,C0088,2026-02-16,2026-03-18,693284.0,2026-03-18
F001707,C0088,2026-02-17,2026-03-19,857138.0,2026-03-19
F001708,C0088,2026-04-24,2026-05-24,975490.0,2026-05-24
F001709,C0088,2026-05-25,2026-06-24,623684.0,2026-06-26
F001710,C0088,2026-05-22,2026-06-21,406290.0,2026-06-21
F001711,C0088,2026-06-28,2026-07-28,1484898.0,2026-07-28
F001712,C0088,2026-06-15,2026-07-15,703933.0,2026-07-15
F001713,C0088,2026-06-15,2026-07-15,960847.0,2026-07-15
F001714,C0088,2026-07-21,2026-08-20,614234.0,2026-08-21
F001715,C0088,2026-07-22,2026-08-21,623036.0,2026-08-23
F001716,C0089,2025-07-14,2025-08-13,743350.0,2025-08-14
F001717,C0089,2025-07-17,2025-08-16,1314720.0,2025-08-20
F001718,C0089,2025-09-22,2025-10-22,691891.0,2025-10-25
F001719,C0089,2025-09-17,2025-10-17,1368564.0,2025-10-19
F001720,C0089,2025-09-16,2025-10-16,912101.0,2025-10-22
F001721,C0089,2025-10-06,2025-11-05,981444.0,2025-11-06
F001722,C0089,2025-10-10,2025-11-09,1377170.0,2025-11-11
F001723,C0089,2025-10-02,2025-11-01,616517.0,2025-11-01
F001724,C0089,2025-12-09,2026-01-08,1178065.0,2026-01-08
F001725,C0089,2026-01-28,2026-02-27,1439237.0,2026-03-01
F001726,C0089,2026-01-26,2026-02-25,752880.0,2026-02-27
F001727,C0089,2026-01-22,2026-02-21,785879.0,2026-02-21
F001728,C0089,2026-02-10,2026-03-12,900748.0,2026-03-12
F001729,C0089,2026-02-11,2026-03-13,2384775.0,
F001730,C0089,2026-05-12,2026-06-11,1101256.0,2026-06-11
F001731,C0089,2026-05-06,2026-06-05,732227.0,2026-06-05
F001732,C0089,2026-06-04,2026-07-04,773417.0,2026-07-05
F001733,C0089,2026-06-27,2026-07-27,1192646.0,2026-07-29
F001734,C0089,2026-07-10,2026-08-09,799028.0,2026-08-09
F001735,C0089,2026-07-28,2026-08-27,1223651.0,2026-08-27
F001736,C0089,2026-07-08,2026-08-07,1606559.0,2026-08-08
F001737,C0089,2026-08-24,2026-09-23,874027.0,
F001738,C0090,2025-07-28,2025-08-27,2784686.0,2025-08-27
F001739,C0090,2025-07-23,2025-08-22,934724.0,2025-08-24
F001740,C0090,2025-07-05,2025-08-04,781369.0,2025-08-04
F001741,C0090,2025-09-23,2025-10-23,687557.0,2025-10-23
F001742,C0090,2025-09-16,2025-10-16,712955.0,2025-10-16
F001743,C0090,2025-09-10,2025-10-10,1040418.0,2025-10-10
F001744,C0090,2025-11-13,2025-12-13,1144189.0,2025-12-13
F001745,C0090,2025-11-26,2025-12-26,770954.0,2025-12-26
F001746,C0090,2025-12-05,2026-01-04,2218070.0,2026-01-04
F001747,C0090,2025-12-26,2026-01-25,1494665.0,2026-01-25
F001748,C0090,2026-01-17,2026-02-16,902521.0,2026-02-16
F001749,C0090,2026-01-06,2026-02-05,1277183.0,2026-02-07
F001750,C0090,2026-02-19,2026-03-21,1009029.0,2026-03-21
F001751,C0090,2026-02-26,2026-03-28,983307.0,2026-03-29
F001752,C0090,2026-06-01,2026-07-01,1286925.0,2026-07-01
F001753,C0090,2026-07-22,2026-08-21,637838.0,2026-08-21
F001754,C0090,2026-07-07,2026-08-06,907582.0,2026-08-06
F001755,C0090,2026-08-24,2026-09-23,2033537.0,
F001756,C0091,2025-08-03,2025-09-02,1403738.0,2025-09-02
F001757,C0091,2025-09-03,2025-10-03,2964389.0,2025-10-03
F001758,C0091,2025-09-17,2025-10-17,2556848.0,2025-10-18
F001759,C0091,2025-09-01,2025-10-01,1502112.0,2025-10-01
F001760,C0091,2025-10-10,2025-11-09,1522166.0,2025-11-09
F001761,C0091,2025-10-04,2025-11-03,3291978.0,2025-11-05
F001762,C0091,2025-10-14,2025-11-13,1693456.0,2025-11-14
F001763,C0091,2025-12-07,2026-01-06,2679019.0,2026-01-06
F001764,C0091,2025-12-21,2026-01-20,1032208.0,2026-01-20
F001765,C0091,2026-02-10,2026-03-12,1107577.0,2026-03-12
F001766,C0091,2026-03-20,2026-04-19,1365101.0,2026-04-19
F001767,C0091,2026-03-20,2026-04-19,2503478.0,2026-04-19
F001768,C0091,2026-03-02,2026-04-01,2684255.0,2026-04-01
F001769,C0091,2026-04-03,2026-05-03,4997066.0,2026-05-04
F001770,C0091,2026-04-20,2026-05-20,5196283.0,2026-05-24
F001771,C0091,2026-04-17,2026-05-17,1924504.0,2026-05-18
F001772,C0091,2026-05-23,2026-06-22,1469740.0,2026-06-23
F001773,C0091,2026-05-10,2026-06-09,1788374.0,2026-06-09
F001774,C0091,2026-05-21,2026-06-20,2632677.0,2026-06-20
F001775,C0091,2026-06-09,2026-07-09,2971519.0,2026-07-10
F001776,C0091,2026-06-08,2026-07-08,1818413.0,2026-07-10
F001777,C0091,2026-07-22,2026-08-21,1693895.0,2026-08-22
F001778,C0091,2026-07-20,2026-08-19,2775380.0,2026-08-19
F001779,C0091,2026-07-18,2026-08-17,3605851.0,2026-08-21
F001780,C0091,2026-08-01,2026-08-31,2718679.0,
F001781,C0091,2026-08-08,2026-09-07,3633622.0,
F001782,C0091,2026-08-17,2026-09-16,1831791.0,
F001783,C0092,2025-07-13,2025-08-12,2079146.0,2025-08-12
F001784,C0092,2025-07-18,2025-08-17,1667475.0,2025-08-18
F001785,C0092,2025-07-28,2025-08-27,3084827.0,2025-08-28
F001786,C0092,2025-08-06,2025-09-05,1689650.0,2025-09-05
F001787,C0092,2025-08-18,2025-09-17,1315482.0,2025-09-17
F001788,C0092,2025-09-26,2025-10-26,1783454.0,2025-10-26
F001789,C0092,2025-09-21,2025-10-21,1662410.0,2025-10-24
F001790,C0092,2025-09-12,2025-10-12,3259732.0,2025-10-16
F001791,C0092,2025-10-02,2025-11-01,1433833.0,2025-11-04
F001792,C0092,2025-11-24,2025-12-24,2267783.0,2025-12-25
F001793,C0092,2025-12-25,2026-01-24,1541511.0,2026-01-25
F001794,C0092,2025-12-21,2026-01-20,2054661.0,
F001795,C0092,2025-12-05,2026-01-04,2672974.0,2026-01-04
F001796,C0092,2026-01-18,2026-02-17,1836777.0,2026-02-18
F001797,C0092,2026-02-07,2026-03-09,2646126.0,2026-03-10
F001798,C0092,2026-02-17,2026-03-19,1464046.0,2026-03-19
F001799,C0092,2026-03-05,2026-04-04,1347869.0,2026-04-04
F001800,C0092,2026-05-10,2026-06-09,3809065.0,2026-06-10
F001801,C0092,2026-05-27,2026-06-26,1921298.0,2026-06-26
F001802,C0092,2026-05-14,2026-06-13,2806191.0,2026-06-14
F001803,C0092,2026-06-26,2026-07-26,2397915.0,
F001804,C0092,2026-06-15,2026-07-15,1670001.0,2026-07-15
F001805,C0092,2026-07-13,2026-08-12,1103633.0,2026-08-13
F001806,C0092,2026-07-14,2026-08-13,1321615.0,2026-08-13
F001807,C0092,2026-08-08,2026-09-07,2257792.0,
F001808,C0092,2026-08-11,2026-09-10,2892971.0,
F001809,C0093,2025-07-08,2025-08-07,734807.0,2025-08-07
F001810,C0093,2025-07-01,2025-07-31,788007.0,2025-08-02
F001811,C0093,2025-07-12,2025-08-11,325369.0,2025-08-11
F001812,C0093,2025-08-24,2025-09-23,939821.0,2025-09-23
F001813,C0093,2025-09-09,2025-10-09,527327.0,2025-10-13
F001814,C0093,2025-09-04,2025-10-04,537810.0,2025-10-06
F001815,C0093,2025-09-20,2025-10-20,970693.0,2025-10-22
F001816,C0093,2025-12-01,2025-12-31,989689.0,2026-01-01
F001817,C0093,2025-12-19,2026-01-18,1171848.0,2026-01-18
F001818,C0093,2026-01-26,2026-02-25,940052.0,2026-02-25
F001819,C0093,2026-02-20,2026-03-22,939922.0,2026-03-22
F001820,C0093,2026-03-23,2026-04-22,561376.0,2026-04-23
F001821,C0093,2026-03-25,2026-04-24,792422.0,2026-04-24
F001822,C0093,2026-05-05,2026-06-04,683863.0,2026-06-08
F001823,C0093,2026-05-15,2026-06-14,415157.0,2026-06-15
F001824,C0093,2026-05-16,2026-06-15,415525.0,2026-06-19
F001825,C0093,2026-06-25,2026-07-25,690528.0,2026-07-25
F001826,C0093,2026-06-19,2026-07-19,715963.0,2026-07-19
F001827,C0093,2026-07-27,2026-08-26,1186635.0,2026-08-26
F001828,C0093,2026-07-11,2026-08-10,314910.0,2026-08-10
F001829,C0093,2026-07-11,2026-08-10,815849.0,2026-08-11
F001830,C0093,2026-08-01,2026-08-31,457294.0,
F001831,C0093,2026-08-08,2026-09-07,715948.0,
F001832,C0093,2026-08-20,2026-09-19,345383.0,
F001833,C0094,2025-07-18,2025-08-17,1663089.0,2025-08-20
F001834,C0094,2025-07-04,2025-08-03,1144613.0,2025-08-05
F001835,C0094,2025-08-06,2025-09-05,956619.0,2025-09-11
F001836,C0094,2025-10-23,2025-11-22,1447708.0,
F001837,C0094,2025-10-20,2025-11-19,1679817.0,
F001838,C0094,2025-10-18,2025-11-17,486797.0,2025-11-24
F001839,C0094,2025-11-08,2025-12-08,2011431.0,2025-12-08
F001840,C0094,2025-12-13,2026-01-12,978067.0,2026-01-26
F001841,C0094,2025-12-13,2026-01-12,1536632.0,2026-01-15
F001842,C0094,2025-12-08,2026-01-07,1933552.0,2026-01-11
F001843,C0094,2026-01-18,2026-02-17,1171820.0,2026-02-17
F001844,C0094,2026-01-09,2026-02-08,2016606.0,2026-02-11
F001845,C0094,2026-02-21,2026-03-23,1643680.0,
F001846,C0094,2026-03-21,2026-04-20,711053.0,
F001847,C0094,2026-03-04,2026-04-03,1407470.0,2026-04-17
F001848,C0094,2026-04-13,2026-05-13,1168143.0,2026-05-16
F001849,C0094,2026-04-16,2026-05-16,1047242.0,2026-05-27
F001850,C0094,2026-04-19,2026-05-19,897376.0,2026-05-29
F001851,C0094,2026-05-02,2026-06-01,920625.0,2026-06-08
F001852,C0094,2026-05-05,2026-06-04,1135734.0,2026-06-07
F001853,C0094,2026-07-14,2026-08-13,1240940.0,2026-08-20
F001854,C0095,2025-08-22,2025-09-21,3542355.0,2025-09-21
F001855,C0095,2025-08-18,2025-09-17,1823029.0,2025-09-17
F001856,C0095,2025-08-11,2025-09-10,3495326.0,2025-09-11
F001857,C0095,2025-09-22,2025-10-22,2123994.0,
F001858,C0095,2025-09-22,2025-10-22,1699789.0,2025-10-22
F001859,C0095,2025-11-27,2025-12-27,1930463.0,2025-12-27
F001860,C0095,2025-11-20,2025-12-20,2201698.0,2025-12-20
F001861,C0095,2025-12-23,2026-01-22,2684464.0,2026-01-22
F001862,C0095,2026-01-28,2026-02-27,2590319.0,2026-02-28
F001863,C0095,2026-01-18,2026-02-17,2588569.0,2026-02-17
F001864,C0095,2026-02-28,2026-03-30,3373621.0,2026-03-31
F001865,C0095,2026-02-21,2026-03-23,2657231.0,2026-03-24
F001866,C0095,2026-03-17,2026-04-16,2516278.0,2026-04-16
F001867,C0095,2026-04-02,2026-05-02,1875983.0,2026-05-02
F001868,C0095,2026-04-19,2026-05-19,3360967.0,2026-05-20
F001869,C0095,2026-04-14,2026-05-14,2061971.0,2026-05-15
F001870,C0095,2026-05-26,2026-06-25,1721256.0,2026-06-26
F001871,C0095,2026-05-19,2026-06-18,1365583.0,2026-06-18
F001872,C0095,2026-05-14,2026-06-13,1765582.0,2026-06-13
F001873,C0095,2026-06-06,2026-07-06,2476584.0,2026-07-06
F001874,C0095,2026-06-11,2026-07-11,2994471.0,2026-07-12
F001875,C0095,2026-06-14,2026-07-14,2552245.0,2026-07-14
F001876,C0095,2026-07-20,2026-08-19,3502693.0,2026-08-20
F001877,C0095,2026-07-10,2026-08-09,3438573.0,2026-08-09
F001878,C0095,2026-08-27,2026-09-26,1218728.0,
F001879,C0096,2025-07-11,2025-08-10,686299.0,2025-08-10
F001880,C0096,2025-07-22,2025-08-21,1211293.0,2025-08-22
F001881,C0096,2025-09-01,2025-10-01,379763.0,2025-10-02
F001882,C0096,2025-09-12,2025-10-12,625158.0,2025-10-12
F001883,C0096,2025-09-03,2025-10-03,656341.0,2025-10-06
F001884,C0096,2026-01-27,2026-02-26,504728.0,2026-02-27
F001885,C0096,2026-02-17,2026-03-19,870729.0,2026-03-19
F001886,C0096,2026-02-17,2026-03-19,497241.0,2026-03-20
F001887,C0096,2026-03-08,2026-04-07,823015.0,2026-04-09
F001888,C0096,2026-03-11,2026-04-10,757899.0,2026-04-13
F001889,C0096,2026-03-09,2026-04-08,1089255.0,2026-04-09
F001890,C0096,2026-04-11,2026-05-11,395520.0,2026-05-11
F001891,C0096,2026-06-10,2026-07-10,297759.0,2026-07-10
F001892,C0096,2026-06-02,2026-07-02,872643.0,2026-07-02
F001893,C0097,2025-07-06,2025-08-05,1875473.0,2025-08-05
F001894,C0097,2025-07-11,2025-08-10,1793267.0,2025-08-11
F001895,C0097,2025-08-01,2025-08-31,2333841.0,2025-09-01
F001896,C0097,2025-08-27,2025-09-26,1384422.0,2025-09-26
F001897,C0097,2025-09-25,2025-10-25,1453862.0,2025-10-25
F001898,C0097,2025-09-03,2025-10-03,1544851.0,2025-10-03
F001899,C0097,2025-09-10,2025-10-10,2095814.0,2025-10-10
F001900,C0097,2026-02-26,2026-03-28,2337248.0,2026-03-28
F001901,C0097,2026-02-18,2026-03-20,1662613.0,2026-03-20
F001902,C0097,2026-02-03,2026-03-05,1749845.0,2026-03-05
F001903,C0097,2026-05-07,2026-06-06,1381806.0,2026-06-06
F001904,C0097,2026-05-20,2026-06-19,1268344.0,2026-06-19
F001905,C0097,2026-05-03,2026-06-02,1266652.0,2026-06-02
F001906,C0097,2026-06-23,2026-07-23,1308201.0,2026-07-23
F001907,C0097,2026-06-14,2026-07-14,1162802.0,2026-07-15
F001908,C0097,2026-08-25,2026-09-24,1106694.0,
F001909,C0098,2025-07-28,2025-08-27,1144766.0,2025-08-29
F001910,C0098,2025-07-04,2025-08-03,2562443.0,2025-08-03
F001911,C0098,2025-07-14,2025-08-13,892388.0,2025-08-13
F001912,C0098,2025-08-16,2025-09-15,1028380.0,2025-09-18
F001913,C0098,2025-08-05,2025-09-04,1920064.0,2025-09-07
F001914,C0098,2025-09-19,2025-10-19,2093237.0,
F001915,C0098,2025-09-10,2025-10-10,1087275.0,2025-10-16
F001916,C0098,2025-10-10,2025-11-09,2197942.0,2025-11-09
F001917,C0098,2025-11-15,2025-12-15,1396236.0,2025-12-17
F001918,C0098,2025-11-14,2025-12-14,2071790.0,2025-12-17
F001919,C0098,2025-12-24,2026-01-23,1077379.0,2026-01-24
F001920,C0098,2026-01-04,2026-02-03,1928191.0,2026-02-07
F001921,C0098,2026-01-25,2026-02-24,1311843.0,2026-02-24
F001922,C0098,2026-02-28,2026-03-30,1802677.0,2026-04-01
F001923,C0098,2026-02-02,2026-03-04,1534164.0,2026-03-07
F001924,C0098,2026-02-12,2026-03-14,1907906.0,2026-03-16
F001925,C0098,2026-03-11,2026-04-10,2076774.0,2026-04-11
F001926,C0098,2026-03-24,2026-04-23,1878988.0,
F001927,C0098,2026-03-06,2026-04-05,1531930.0,2026-04-05
F001928,C0098,2026-04-15,2026-05-15,2332704.0,2026-05-15
F001929,C0098,2026-04-27,2026-05-27,1728951.0,
F001930,C0098,2026-04-15,2026-05-15,1517739.0,2026-05-18
F001931,C0098,2026-06-06,2026-07-06,2571284.0,2026-07-06
F001932,C0098,2026-06-23,2026-07-23,1354867.0,2026-07-26
F001933,C0098,2026-06-22,2026-07-22,1190748.0,
F001934,C0098,2026-07-18,2026-08-17,911326.0,2026-08-19
F001935,C0098,2026-07-13,2026-08-12,1824887.0,
F001936,C0098,2026-07-08,2026-08-07,2522172.0,2026-08-07
F001937,C0098,2026-08-18,2026-09-17,1836094.0,
F001938,C0098,2026-08-02,2026-09-01,1013727.0,
F001939,C0098,2026-08-26,2026-09-25,1819414.0,
F001940,C0099,2025-08-28,2025-09-27,1234999.0,2025-09-28
F001941,C0099,2025-09-07,2025-10-07,1272151.0,2025-10-07
F001942,C0099,2025-09-24,2025-10-24,1845623.0,2025-10-27
F001943,C0099,2025-10-03,2025-11-02,999352.0,2025-11-02
F001944,C0099,2025-11-27,2025-12-27,1197651.0,2025-12-30
F001945,C0099,2025-12-08,2026-01-07,2189722.0,
F001946,C0099,2025-12-18,2026-01-17,1164594.0,2026-01-20
F001947,C0099,2026-01-22,2026-02-21,1133096.0,2026-02-25
F001948,C0099,2026-01-19,2026-02-18,1237018.0,2026-02-22
F001949,C0099,2026-01-06,2026-02-05,1481196.0,2026-02-05
F001950,C0099,2026-02-15,2026-03-17,790134.0,2026-03-20
F001951,C0099,2026-02-21,2026-03-23,2784263.0,2026-03-26
F001952,C0099,2026-02-21,2026-03-23,1037092.0,2026-03-23
F001953,C0099,2026-03-20,2026-04-19,1222848.0,2026-04-19
F001954,C0099,2026-03-27,2026-04-26,2269917.0,2026-04-27
F001955,C0099,2026-03-17,2026-04-16,1660013.0,2026-04-19
F001956,C0099,2026-04-17,2026-05-17,1350170.0,
F001957,C0099,2026-05-21,2026-06-20,748954.0,2026-06-25
F001958,C0099,2026-05-12,2026-06-11,940861.0,2026-06-12
F001959,C0099,2026-06-09,2026-07-09,543343.0,2026-07-09
F001960,C0099,2026-06-16,2026-07-16,1770315.0,2026-07-16
F001961,C0099,2026-06-26,2026-07-26,1703970.0,2026-07-27
F001962,C0099,2026-07-05,2026-08-04,1141977.0,2026-08-04
F001963,C0099,2026-07-04,2026-08-03,1346154.0,2026-08-05
F001964,C0099,2026-07-09,2026-08-08,1042052.0,
F001965,C0099,2026-08-20,2026-09-19,2297936.0,
F001966,C0099,2026-08-07,2026-09-06,1223514.0,
F001967,C0099,2026-08-20,2026-09-19,1003123.0,
F001968,C0100,2025-07-19,2025-08-18,2307031.0,2025-08-19
F001969,C0100,2025-07-17,2025-08-16,1338678.0,2025-08-16
F001970,C0100,2025-08-06,2025-09-05,1620977.0,2025-09-05
F001971,C0100,2025-09-12,2025-10-12,1860072.0,2025-10-13
F001972,C0100,2025-10-09,2025-11-08,2044487.0,2025-11-08
F001973,C0100,2025-11-22,2025-12-22,1470831.0,2025-12-22
F001974,C0100,2025-11-19,2025-12-19,2711506.0,2025-12-19
F001975,C0100,2025-12-22,2026-01-21,1891981.0,2026-01-21
F001976,C0100,2025-12-17,2026-01-16,1280486.0,2026-01-17
F001977,C0100,2026-01-20,2026-02-19,1300468.0,2026-02-19
F001978,C0100,2026-01-25,2026-02-24,1607315.0,2026-02-24
F001979,C0100,2026-01-21,2026-02-20,1191956.0,2026-02-20
F001980,C0100,2026-02-07,2026-03-09,1240448.0,2026-03-09
F001981,C0100,2026-02-28,2026-03-30,1194613.0,2026-03-30
F001982,C0100,2026-04-16,2026-05-16,957475.0,2026-05-17
F001983,C0100,2026-05-10,2026-06-09,1245549.0,2026-06-10
F001984,C0100,2026-05-14,2026-06-13,1503328.0,2026-06-13
F001985,C0100,2026-06-04,2026-07-04,905224.0,2026-07-04
F001986,C0100,2026-08-10,2026-09-09,1542802.0,
F001987,C0100,2026-08-18,2026-09-17,1553545.0,
F001988,C0100,2026-08-23,2026-09-22,1140969.0,
F001989,C0101,2025-07-10,2025-08-09,970400.0,2025-08-11
F001990,C0101,2025-07-12,2025-08-11,1042703.0,2025-08-15
F001991,C0101,2025-07-26,2025-08-25,607601.0,2025-08-26
F001992,C0101,2025-08-11,2025-09-10,789073.0,2025-09-12
F001993,C0101,2025-08-21,2025-09-20,1113328.0,2025-09-24
F001994,C0101,2025-08-02,2025-09-01,1772499.0,2025-09-04
F001995,C0101,2025-10-21,2025-11-20,730847.0,2025-11-22
F001996,C0101,2025-11-19,2025-12-19,1142745.0,2025-12-21
F001997,C0101,2026-01-15,2026-02-14,886698.0,2026-02-14
F001998,C0101,2026-02-04,2026-03-06,428873.0,2026-03-08
F001999,C0101,2026-03-06,2026-04-05,2240335.0,2026-04-06
F002000,C0101,2026-03-06,2026-04-05,686409.0,2026-04-05
F002001,C0101,2026-03-04,2026-04-03,886572.0,2026-04-06
F002002,C0101,2026-04-10,2026-05-10,733192.0,2026-05-11
F002003,C0101,2026-04-25,2026-05-25,837880.0,2026-05-26
F002004,C0101,2026-04-24,2026-05-24,903165.0,2026-05-27
F002005,C0101,2026-05-22,2026-06-21,379611.0,2026-06-25
F002006,C0101,2026-06-13,2026-07-13,677134.0,2026-07-15
F002007,C0101,2026-06-22,2026-07-22,1420783.0,2026-07-24
F002008,C0101,2026-06-10,2026-07-10,995699.0,2026-07-11
F002009,C0101,2026-07-18,2026-08-17,708460.0,2026-08-19
F002010,C0101,2026-07-26,2026-08-25,1233240.0,2026-08-29
F002011,C0101,2026-07-06,2026-08-05,1235499.0,2026-08-05
F002012,C0101,2026-08-13,2026-09-12,1621753.0,
F002013,C0101,2026-08-18,2026-09-17,744064.0,
F002014,C0102,2025-07-02,2025-08-01,2901255.0,2025-08-01
F002015,C0102,2025-07-15,2025-08-14,2926505.0,2025-08-14
F002016,C0102,2025-07-03,2025-08-02,2528735.0,2025-08-02
F002017,C0102,2025-08-19,2025-09-18,4291035.0,2025-09-20
F002018,C0102,2025-08-09,2025-09-08,1981014.0,2025-09-08
F002019,C0102,2025-08-16,2025-09-15,3234552.0,2025-09-15
F002020,C0102,2025-09-24,2025-10-24,3115046.0,2025-10-24
F002021,C0102,2025-09-18,2025-10-18,2283438.0,2025-10-18
F002022,C0102,2025-10-03,2025-11-02,2710707.0,2025-11-02
F002023,C0102,2025-10-15,2025-11-14,2452288.0,2025-11-14
F002024,C0102,2025-10-26,2025-11-25,1565424.0,2025-11-25
F002025,C0102,2025-11-08,2025-12-08,1615854.0,2025-12-11
F002026,C0102,2025-12-22,2026-01-21,3216588.0,2026-01-23
F002027,C0102,2026-01-22,2026-02-21,2804427.0,2026-02-21
F002028,C0102,2026-01-13,2026-02-12,3748014.0,2026-02-12
F002029,C0102,2026-02-23,2026-03-25,2860088.0,2026-03-26
F002030,C0102,2026-02-24,2026-03-26,2306602.0,2026-03-26
F002031,C0102,2026-02-25,2026-03-27,3763632.0,2026-03-28
F002032,C0102,2026-03-11,2026-04-10,1666976.0,2026-04-10
F002033,C0102,2026-03-14,2026-04-13,3263282.0,2026-04-13
F002034,C0102,2026-03-21,2026-04-20,1390409.0,2026-04-20
F002035,C0102,2026-04-21,2026-05-21,3056304.0,2026-05-21
F002036,C0102,2026-04-18,2026-05-18,3165455.0,2026-05-18
F002037,C0102,2026-04-11,2026-05-11,1833964.0,2026-05-11
F002038,C0102,2026-06-27,2026-07-27,1909246.0,2026-07-29
F002039,C0102,2026-06-19,2026-07-19,2763649.0,2026-07-20
F002040,C0103,2025-08-27,2025-09-26,785722.0,2025-09-27
F002041,C0103,2025-09-28,2025-10-28,471362.0,2025-10-28
F002042,C0103,2025-09-02,2025-10-02,437447.0,2025-10-03
F002043,C0103,2025-09-17,2025-10-17,449074.0,2025-10-18
F002044,C0103,2025-10-22,2025-11-21,1098938.0,2025-11-21
F002045,C0103,2025-12-09,2026-01-08,445825.0,2026-01-11
F002046,C0103,2025-12-01,2025-12-31,1155524.0,
F002047,C0103,2025-12-25,2026-01-24,448127.0,2026-01-26
F002048,C0103,2026-01-13,2026-02-12,555804.0,2026-02-17
F002049,C0103,2026-01-09,2026-02-08,351218.0,2026-02-10
F002050,C0103,2026-02-19,2026-03-21,756324.0,2026-03-24
F002051,C0103,2026-02-17,2026-03-19,769182.0,2026-03-23
F002052,C0103,2026-03-01,2026-03-31,1085188.0,2026-04-02
F002053,C0103,2026-03-12,2026-04-11,762289.0,2026-04-15
F002054,C0103,2026-03-08,2026-04-07,506171.0,2026-04-07
F002055,C0103,2026-04-06,2026-05-06,524511.0,2026-05-08
F002056,C0103,2026-05-24,2026-06-23,463859.0,2026-06-24
F002057,C0103,2026-06-08,2026-07-08,941470.0,2026-07-09
F002058,C0103,2026-06-21,2026-07-21,771454.0,2026-07-23
F002059,C0103,2026-06-01,2026-07-01,581414.0,2026-07-02
F002060,C0104,2025-08-05,2025-09-04,1848609.0,
F002061,C0104,2025-08-15,2025-09-14,1233746.0,2025-09-14
F002062,C0104,2025-09-18,2025-10-18,1709975.0,2025-10-18
F002063,C0104,2025-09-13,2025-10-13,2663215.0,2025-10-14
F002064,C0104,2025-10-22,2025-11-21,2585351.0,2025-11-21
F002065,C0104,2025-10-08,2025-11-07,849267.0,2025-11-08
F002066,C0104,2025-10-06,2025-11-05,1302257.0,2025-11-05
F002067,C0104,2025-11-03,2025-12-03,1518693.0,2025-12-03
F002068,C0104,2026-02-25,2026-03-27,1842306.0,2026-03-27
F002069,C0104,2026-02-21,2026-03-23,1386949.0,2026-03-23
F002070,C0104,2026-03-28,2026-04-27,2437585.0,2026-04-28
F002071,C0104,2026-03-25,2026-04-24,1117846.0,2026-04-25
F002072,C0104,2026-03-01,2026-03-31,1965690.0,2026-03-31
F002073,C0104,2026-04-07,2026-05-07,760181.0,2026-05-07
F002074,C0104,2026-05-07,2026-06-06,1209831.0,2026-06-08
F002075,C0104,2026-07-18,2026-08-17,1514557.0,2026-08-18
F002076,C0105,2025-09-04,2025-10-04,1587313.0,2025-10-04
F002077,C0105,2025-09-21,2025-10-21,582805.0,2025-10-21
F002078,C0105,2025-12-18,2026-01-17,1659757.0,2026-01-17
F002079,C0105,2025-12-12,2026-01-11,1085039.0,2026-01-12
F002080,C0105,2026-02-20,2026-03-22,1089223.0,2026-03-22
F002081,C0105,2026-02-16,2026-03-18,506430.0,2026-03-19
F002082,C0105,2026-02-21,2026-03-23,1023898.0,2026-03-23
F002083,C0105,2026-03-28,2026-04-27,1680002.0,2026-04-28
F002084,C0105,2026-03-18,2026-04-17,1296702.0,2026-04-17
F002085,C0105,2026-04-14,2026-05-14,1628211.0,2026-05-14
F002086,C0105,2026-04-10,2026-05-10,642546.0,2026-05-10
F002087,C0105,2026-04-07,2026-05-07,1191493.0,2026-05-07
F002088,C0105,2026-05-03,2026-06-02,950213.0,2026-06-04
F002089,C0105,2026-05-05,2026-06-04,601074.0,2026-06-06
F002090,C0105,2026-08-20,2026-09-19,1854575.0,
F002091,C0105,2026-08-20,2026-09-19,982634.0,
F002092,C0105,2026-08-27,2026-09-26,418729.0,
F002093,C0106,2025-07-23,2025-08-22,348046.0,2025-08-25
F002094,C0106,2025-07-07,2025-08-06,744077.0,2025-08-07
F002095,C0106,2025-08-19,2025-09-18,473681.0,2025-09-25
F002096,C0106,2025-08-18,2025-09-17,547527.0,2025-09-18
F002097,C0106,2025-09-24,2025-10-24,342065.0,
F002098,C0106,2025-09-28,2025-10-28,378400.0,2025-11-01
F002099,C0106,2025-09-04,2025-10-04,503167.0,
F002100,C0106,2025-10-02,2025-11-01,549929.0,2025-11-04
F002101,C0106,2025-10-05,2025-11-04,563714.0,2025-11-07
F002102,C0106,2025-10-03,2025-11-02,266592.0,2025-11-06
F002103,C0106,2025-12-07,2026-01-06,367609.0,2026-01-13
F002104,C0106,2025-12-05,2026-01-04,623703.0,2026-01-04
F002105,C0106,2025-12-18,2026-01-17,723648.0,2026-01-19
F002106,C0106,2026-01-21,2026-02-20,754932.0,2026-03-11
F002107,C0106,2026-01-18,2026-02-17,318026.0,2026-02-19
F002108,C0106,2026-02-01,2026-03-03,954666.0,2026-03-11
F002109,C0106,2026-04-22,2026-05-22,277580.0,2026-05-24
F002110,C0106,2026-04-01,2026-05-01,184646.0,2026-05-10
F002111,C0106,2026-04-07,2026-05-07,647341.0,2026-05-11
F002112,C0106,2026-05-20,2026-06-19,319075.0,2026-06-22
F002113,C0106,2026-06-07,2026-07-07,410655.0,2026-07-23
F002114,C0106,2026-06-02,2026-07-02,696695.0,2026-07-15
F002115,C0107,2025-07-24,2025-08-23,1202908.0,2025-08-24
F002116,C0107,2025-07-02,2025-08-01,1514602.0,2025-08-01
F002117,C0107,2025-08-27,2025-09-26,1283417.0,2025-09-26
F002118,C0107,2025-08-28,2025-09-27,1014032.0,2025-09-27
F002119,C0107,2025-08-21,2025-09-20,1591143.0,2025-09-20
F002120,C0107,2025-09-05,2025-10-05,1048379.0,2025-10-05
F002121,C0107,2025-10-12,2025-11-11,713115.0,2025-11-14
F002122,C0107,2025-10-04,2025-11-03,1499253.0,2025-11-06
F002123,C0107,2025-10-26,2025-11-25,1545452.0,2025-11-25
F002124,C0107,2025-12-26,2026-01-25,1181339.0,2026-01-25
F002125,C0107,2025-12-12,2026-01-11,974044.0,2026-01-11
F002126,C0107,2026-01-02,2026-02-01,798286.0,2026-02-03
F002127,C0107,2026-01-06,2026-02-05,1110042.0,2026-02-05
F002128,C0107,2026-01-14,2026-02-13,1489213.0,2026-02-13
F002129,C0107,2026-02-03,2026-03-05,1452079.0,2026-03-05
F002130,C0107,2026-03-02,2026-04-01,2128584.0,2026-04-02
F002131,C0107,2026-03-02,2026-04-01,1452968.0,2026-04-01
F002132,C0107,2026-03-01,2026-03-31,1750492.0,2026-03-31
F002133,C0107,2026-04-11,2026-05-11,977716.0,2026-05-11
F002134,C0107,2026-04-09,2026-05-09,1191474.0,2026-05-10
F002135,C0107,2026-05-20,2026-06-19,1724643.0,2026-06-19
F002136,C0107,2026-05-05,2026-06-04,1150858.0,2026-06-06
F002137,C0107,2026-05-02,2026-06-01,1422584.0,2026-06-01
F002138,C0107,2026-06-17,2026-07-17,1444489.0,2026-07-17
F002139,C0107,2026-06-23,2026-07-23,1144338.0,2026-07-23
F002140,C0107,2026-08-06,2026-09-05,1538690.0,
F002141,C0108,2025-07-09,2025-08-08,1330903.0,2025-08-09
F002142,C0108,2025-07-09,2025-08-08,573072.0,2025-08-09
F002143,C0108,2025-07-13,2025-08-12,737562.0,2025-08-12
F002144,C0108,2025-08-11,2025-09-10,991968.0,2025-09-10
F002145,C0108,2025-08-14,2025-09-13,1685468.0,2025-09-13
F002146,C0108,2025-09-01,2025-10-01,1938351.0,2025-10-01
F002147,C0108,2025-10-07,2025-11-06,1529881.0,2025-11-06
F002148,C0108,2025-11-19,2025-12-19,1324014.0,2025-12-20
F002149,C0108,2025-11-25,2025-12-25,1016459.0,2025-12-26
F002150,C0108,2025-11-06,2025-12-06,1189420.0,2025-12-06
F002151,C0108,2025-12-09,2026-01-08,1708854.0,2026-01-08
F002152,C0108,2025-12-22,2026-01-21,1158755.0,2026-01-22
F002153,C0108,2025-12-26,2026-01-25,761096.0,2026-01-25
F002154,C0108,2026-01-23,2026-02-22,1307879.0,2026-02-22
F002155,C0108,2026-01-14,2026-02-13,723184.0,2026-02-14
F002156,C0108,2026-02-01,2026-03-03,1035897.0,2026-03-04
F002157,C0108,2026-03-26,2026-04-25,676873.0,2026-04-26
F002158,C0108,2026-03-21,2026-04-20,1070499.0,2026-04-21
F002159,C0108,2026-03-07,2026-04-06,1593890.0,2026-04-06
F002160,C0108,2026-04-27,2026-05-27,942385.0,2026-05-27
F002161,C0108,2026-04-22,2026-05-22,1056253.0,2026-05-22
F002162,C0108,2026-04-08,2026-05-08,2005631.0,2026-05-08
F002163,C0108,2026-05-03,2026-06-02,790514.0,2026-06-02
F002164,C0108,2026-07-27,2026-08-26,1058336.0,2026-08-26
F002165,C0108,2026-08-27,2026-09-26,1052457.0,
F002166,C0108,2026-08-11,2026-09-10,1369369.0,
F002167,C0108,2026-08-03,2026-09-02,602253.0,
F002168,C0109,2025-07-16,2025-08-15,5892976.0,2025-08-18
F002169,C0109,2025-07-07,2025-08-06,4450350.0,2025-08-07
F002170,C0109,2025-07-08,2025-08-07,4190156.0,2025-08-09
F002171,C0109,2025-09-13,2025-10-13,3916122.0,2025-10-14
F002172,C0109,2025-09-25,2025-10-25,5516432.0,2025-10-28
F002173,C0109,2025-09-26,2025-10-26,2648902.0,2025-10-27
F002174,C0109,2025-10-17,2025-11-16,7213449.0,2025-11-17
F002175,C0109,2025-11-07,2025-12-07,2476366.0,2025-12-08
F002176,C0109,2025-11-23,2025-12-23,3732432.0,2025-12-23
F002177,C0109,2025-12-18,2026-01-17,8301253.0,2026-01-17
F002178,C0109,2026-01-17,2026-02-16,1692663.0,2026-02-16
F002179,C0109,2026-01-27,2026-02-26,7161831.0,2026-02-26
F002180,C0109,2026-03-10,2026-04-09,6610057.0,2026-04-09
F002181,C0109,2026-03-04,2026-04-03,3874965.0,2026-04-06
F002182,C0109,2026-03-24,2026-04-23,6759450.0,2026-04-23
F002183,C0109,2026-05-13,2026-06-12,2650208.0,2026-06-13
F002184,C0109,2026-05-05,2026-06-04,5075955.0,2026-06-05
F002185,C0109,2026-05-04,2026-06-03,8261352.0,2026-06-03
F002186,C0109,2026-06-04,2026-07-04,3302517.0,2026-07-05
F002187,C0109,2026-06-13,2026-07-13,5013803.0,2026-07-13
F002188,C0109,2026-06-27,2026-07-27,4319653.0,2026-07-27
F002189,C0109,2026-07-15,2026-08-14,3104626.0,2026-08-14
F002190,C0109,2026-07-28,2026-08-27,4478377.0,
F002191,C0109,2026-08-23,2026-09-22,4648426.0,
F002192,C0109,2026-08-04,2026-09-03,3405814.0,
F002193,C0110,2025-07-10,2025-08-09,1189947.0,2025-08-09
F002194,C0110,2025-07-13,2025-08-12,1304897.0,2025-08-12
F002195,C0110,2025-08-03,2025-09-02,2639829.0,2025-09-02
F002196,C0110,2025-08-10,2025-09-09,753956.0,2025-09-09
F002197,C0110,2025-08-02,2025-09-01,1840175.0,2025-09-01
F002198,C0110,2025-09-04,2025-10-04,1198393.0,2025-10-06
F002199,C0110,2025-10-11,2025-11-10,1769197.0,2025-11-11
F002200,C0110,2025-10-14,2025-11-13,594962.0,2025-11-13
F002201,C0110,2025-11-06,2025-12-06,1678329.0,2025-12-07
F002202,C0110,2025-12-14,2026-01-13,1132052.0,2026-01-13
F002203,C0110,2026-01-02,2026-02-01,1533829.0,2026-02-02
F002204,C0110,2026-02-24,2026-03-26,963586.0,2026-03-28
F002205,C0110,2026-04-24,2026-05-24,1567884.0,2026-05-24
F002206,C0110,2026-04-05,2026-05-05,1700146.0,2026-05-05
F002207,C0110,2026-05-10,2026-06-09,2882196.0,2026-06-10
F002208,C0110,2026-06-24,2026-07-24,1274844.0,
F002209,C0110,2026-07-22,2026-08-21,869402.0,2026-08-21
F002210,C0110,2026-07-10,2026-08-09,1681137.0,2026-08-09
F002211,C0110,2026-07-13,2026-08-12,1437004.0,
F002212,C0110,2026-08-22,2026-09-21,1002463.0,
F002213,C0110,2026-08-16,2026-09-15,1118111.0,
F002214,C0110,2026-08-24,2026-09-23,1372737.0,
F002215,C0111,2025-07-17,2025-08-16,1138742.0,2025-08-16
F002216,C0111,2025-08-06,2025-09-05,592639.0,2025-09-05
F002217,C0111,2025-09-23,2025-10-23,701102.0,2025-10-23
F002218,C0111,2025-09-03,2025-10-03,670778.0,2025-10-04
F002219,C0111,2025-09-27,2025-10-27,780457.0,2025-10-28
F002220,C0111,2025-11-26,2025-12-26,1386485.0,2025-12-27
F002221,C0111,2025-11-09,2025-12-09,1140761.0,2025-12-11
F002222,C0111,2025-12-12,2026-01-11,721954.0,2026-01-11
F002223,C0111,2025-12-13,2026-01-12,989310.0,2026-01-14
F002224,C0111,2025-12-11,2026-01-10,844270.0,2026-01-10
F002225,C0111,2026-01-19,2026-02-18,668067.0,2026-02-18
F002226,C0111,2026-03-16,2026-04-15,808865.0,2026-04-15
F002227,C0111,2026-04-19,2026-05-19,782212.0,2026-05-19
F002228,C0111,2026-04-17,2026-05-17,819204.0,2026-05-19
F002229,C0111,2026-05-10,2026-06-09,734453.0,2026-06-09
F002230,C0111,2026-07-05,2026-08-04,873386.0,2026-08-04
F002231,C0111,2026-07-23,2026-08-22,551033.0,2026-08-26
F002232,C0111,2026-08-12,2026-09-11,675215.0,
F002233,C0111,2026-08-20,2026-09-19,805336.0,
F002234,C0112,2025-07-28,2025-08-27,788200.0,2025-08-30
F002235,C0112,2025-07-04,2025-08-03,443937.0,2025-08-06
F002236,C0112,2025-07-11,2025-08-10,849443.0,2025-08-10
F002237,C0112,2025-08-16,2025-09-15,1741124.0,
F002238,C0112,2025-08-22,2025-09-21,848761.0,2025-09-21
F002239,C0112,2025-08-13,2025-09-12,569820.0,2025-09-14
F002240,C0112,2025-11-27,2025-12-27,675896.0,2025-12-31
F002241,C0112,2025-11-03,2025-12-03,519811.0,2025-12-03
F002242,C0112,2025-12-21,2026-01-20,701537.0,2026-01-24
F002243,C0112,2026-01-27,2026-02-26,1604247.0,2026-03-02
F002244,C0112,2026-01-24,2026-02-23,898922.0,2026-03-01
F002245,C0112,2026-01-05,2026-02-04,807773.0,2026-02-06
F002246,C0112,2026-02-24,2026-03-26,803062.0,2026-03-28
F002247,C0112,2026-04-23,2026-05-23,1426268.0,2026-05-26
F002248,C0112,2026-04-25,2026-05-25,705727.0,2026-05-26
F002249,C0112,2026-04-11,2026-05-11,1023378.0,2026-05-13
F002250,C0112,2026-05-22,2026-06-21,738072.0,2026-06-21
F002251,C0112,2026-05-06,2026-06-05,778641.0,2026-06-07
F002252,C0112,2026-07-10,2026-08-09,687909.0,2026-08-09
F002253,C0112,2026-07-01,2026-07-31,1311590.0,2026-08-03
F002254,C0112,2026-08-26,2026-09-25,1091472.0,
F002255,C0112,2026-08-01,2026-08-31,668246.0,
F002256,C0112,2026-08-23,2026-09-22,769715.0,
F002257,C0113,2025-08-07,2025-09-06,1575710.0,2025-09-06
F002258,C0113,2025-08-20,2025-09-19,1465445.0,2025-09-20
F002259,C0113,2025-09-28,2025-10-28,2178010.0,2025-10-29
F002260,C0113,2025-09-24,2025-10-24,2250171.0,2025-10-25
F002261,C0113,2025-10-19,2025-11-18,1855604.0,2025-11-19
F002262,C0113,2025-12-25,2026-01-24,1456318.0,
F002263,C0113,2026-01-18,2026-02-17,1837725.0,2026-02-17
F002264,C0113,2026-02-23,2026-03-25,3552915.0,2026-03-25
F002265,C0113,2026-05-24,2026-06-23,2577617.0,2026-06-25
F002266,C0113,2026-07-28,2026-08-27,1828958.0,2026-08-27
F002267,C0113,2026-07-17,2026-08-16,2400726.0,2026-08-16
F002268,C0113,2026-07-17,2026-08-16,3173022.0,2026-08-16
F002269,C0113,2026-08-25,2026-09-24,4045206.0,
F002270,C0114,2025-07-13,2025-08-12,1279407.0,2025-08-14
F002271,C0114,2025-07-19,2025-08-18,1685310.0,2025-08-19
F002272,C0114,2025-07-06,2025-08-05,1154858.0,
F002273,C0114,2025-08-20,2025-09-19,1904407.0,2025-09-22
F002274,C0114,2025-09-23,2025-10-23,1843029.0,2025-10-24
F002275,C0114,2025-11-13,2025-12-13,1300157.0,2025-12-17
F002276,C0114,2026-01-20,2026-02-19,1919608.0,2026-02-21
F002277,C0114,2026-01-16,2026-02-15,1260358.0,
F002278,C0114,2026-01-21,2026-02-20,1474967.0,2026-02-22
F002279,C0114,2026-02-21,2026-03-23,1934027.0,2026-03-24
F002280,C0114,2026-02-08,2026-03-10,1675199.0,2026-03-10
F002281,C0114,2026-03-17,2026-04-16,1723769.0,2026-04-20
F002282,C0114,2026-04-13,2026-05-13,2695690.0,2026-05-14
F002283,C0114,2026-04-10,2026-05-10,1051849.0,2026-05-15
F002284,C0114,2026-05-23,2026-06-22,1060667.0,2026-06-22
F002285,C0114,2026-05-01,2026-05-31,1815570.0,2026-06-04
F002286,C0114,2026-05-21,2026-06-20,1266498.0,2026-06-29
F002287,C0114,2026-06-08,2026-07-08,1109263.0,2026-07-13
F002288,C0114,2026-06-01,2026-07-01,563647.0,2026-07-02
F002289,C0114,2026-07-11,2026-08-10,2800000.0,2026-08-13
F002290,C0114,2026-08-17,2026-09-16,1148577.0,
F002291,C0114,2026-08-21,2026-09-20,1946872.0,
F002292,C0114,2026-08-11,2026-09-10,2274236.0,
F002293,C0115,2025-07-20,2025-08-19,2146650.0,2025-08-22
F002294,C0115,2025-07-06,2025-08-05,1118126.0,2025-08-05
F002295,C0115,2025-09-05,2025-10-05,1858516.0,2025-10-06
F002296,C0115,2025-09-21,2025-10-21,2412781.0,2025-10-23
F002297,C0115,2025-10-05,2025-11-04,3606022.0,2025-11-07
F002298,C0115,2025-11-05,2025-12-05,1737681.0,2025-12-06
F002299,C0115,2025-11-05,2025-12-05,1351706.0,2025-12-06
F002300,C0115,2025-12-10,2026-01-09,1417070.0,2026-01-11
F002301,C0115,2025-12-26,2026-01-25,1170309.0,2026-01-26
F002302,C0115,2026-02-16,2026-03-18,1443947.0,2026-03-20
F002303,C0115,2026-02-19,2026-03-21,1500684.0,2026-03-21
F002304,C0115,2026-02-14,2026-03-16,1394024.0,2026-03-16
F002305,C0115,2026-05-24,2026-06-23,1459082.0,2026-06-25
F002306,C0115,2026-05-06,2026-06-05,1173331.0,2026-06-05
F002307,C0115,2026-05-04,2026-06-03,1819044.0,2026-06-05
F002308,C0115,2026-06-12,2026-07-12,1767523.0,2026-07-14
F002309,C0115,2026-06-20,2026-07-20,1420482.0,2026-07-20
F002310,C0115,2026-06-25,2026-07-25,1640006.0,2026-07-25
F002311,C0115,2026-07-07,2026-08-06,2056327.0,2026-08-06
F002312,C0115,2026-07-21,2026-08-20,1258703.0,2026-08-23
F002313,C0116,2025-07-05,2025-08-04,2154179.0,2025-08-05
F002314,C0116,2025-09-17,2025-10-17,1720225.0,2025-10-19
F002315,C0116,2025-09-04,2025-10-04,1950880.0,2025-10-07
F002316,C0116,2025-09-22,2025-10-22,1268423.0,2025-10-22
F002317,C0116,2025-10-16,2025-11-15,2088526.0,2025-11-16
F002318,C0116,2025-10-15,2025-11-14,1205007.0,2025-11-17
F002319,C0116,2025-11-21,2025-12-21,2200566.0,2025-12-24
F002320,C0116,2025-11-01,2025-12-01,1423428.0,2025-12-02
F002321,C0116,2025-11-25,2025-12-25,1865686.0,2025-12-26
F002322,C0116,2025-12-02,2026-01-01,2185046.0,2026-01-01
F002323,C0116,2025-12-11,2026-01-10,1482179.0,2026-01-11
F002324,C0116,2025-12-09,2026-01-08,1846816.0,2026-01-09
F002325,C0116,2026-01-26,2026-02-25,1548703.0,2026-02-25
F002326,C0116,2026-03-13,2026-04-12,1003379.0,2026-04-14
F002327,C0116,2026-03-24,2026-04-23,2165256.0,2026-04-23
F002328,C0116,2026-04-19,2026-05-19,1473668.0,2026-05-21
F002329,C0116,2026-07-07,2026-08-06,1698978.0,2026-08-06
F002330,C0116,2026-07-11,2026-08-10,873316.0,2026-08-10
F002331,C0116,2026-07-05,2026-08-04,1215133.0,2026-08-04
F002332,C0117,2025-09-03,2025-10-03,5012100.0,2025-10-03
F002333,C0117,2025-11-16,2025-12-16,2520406.0,2025-12-17
F002334,C0117,2025-12-26,2026-01-25,2831967.0,2026-01-26
F002335,C0117,2026-01-05,2026-02-04,1702617.0,2026-02-05
F002336,C0117,2026-01-18,2026-02-17,1788136.0,2026-02-17
F002337,C0117,2026-02-20,2026-03-22,1019829.0,2026-03-23
F002338,C0117,2026-03-09,2026-04-08,1323213.0,2026-04-09
F002339,C0117,2026-03-11,2026-04-10,2542026.0,2026-04-10
F002340,C0117,2026-03-20,2026-04-19,2559705.0,2026-04-21
F002341,C0117,2026-04-01,2026-05-01,1745762.0,2026-05-02
F002342,C0117,2026-05-20,2026-06-19,1838157.0,2026-06-19
F002343,C0117,2026-05-16,2026-06-15,2269705.0,2026-06-15
F002344,C0117,2026-05-19,2026-06-18,2119364.0,2026-06-19
F002345,C0117,2026-06-03,2026-07-03,1333369.0,2026-07-03
F002346,C0117,2026-06-01,2026-07-01,3056223.0,2026-07-03
F002347,C0117,2026-06-22,2026-07-22,2768309.0,2026-07-23
F002348,C0117,2026-07-12,2026-08-11,2024618.0,2026-08-12
F002349,C0117,2026-07-05,2026-08-04,3016466.0,2026-08-04
F002350,C0117,2026-07-01,2026-07-31,1161527.0,2026-08-01
F002351,C0117,2026-08-23,2026-09-22,2508758.0,
F002352,C0117,2026-08-03,2026-09-02,3239913.0,
F002353,C0118,2025-07-06,2025-08-05,1476403.0,2025-08-07
F002354,C0118,2025-07-03,2025-08-02,1291280.0,2025-08-02
F002355,C0118,2025-07-20,2025-08-19,2078609.0,2025-08-20
F002356,C0118,2025-08-06,2025-09-05,2127804.0,2025-09-05
F002357,C0118,2025-08-11,2025-09-10,1536496.0,2025-09-10
F002358,C0118,2025-08-24,2025-09-23,1157665.0,2025-09-23
F002359,C0118,2025-09-05,2025-10-05,2065516.0,2025-10-05
F002360,C0118,2025-09-22,2025-10-22,1272789.0,2025-10-23
F002361,C0118,2025-10-06,2025-11-05,1708335.0,2025-11-06
F002362,C0118,2025-11-04,2025-12-04,3242017.0,
F002363,C0118,2025-12-20,2026-01-19,1449578.0,2026-01-19
F002364,C0118,2025-12-24,2026-01-23,1762181.0,2026-01-23
F002365,C0118,2025-12-22,2026-01-21,1232368.0,2026-01-21
F002366,C0118,2026-01-12,2026-02-11,1907429.0,2026-02-11
F002367,C0118,2026-03-23,2026-04-22,1774395.0,2026-04-23
F002368,C0118,2026-04-07,2026-05-07,1424627.0,2026-05-07
F002369,C0118,2026-04-25,2026-05-25,1650177.0,2026-05-27
F002370,C0118,2026-06-10,2026-07-10,2532181.0,2026-07-10
F002371,C0118,2026-07-28,2026-08-27,2803699.0,2026-08-27
F002372,C0118,2026-07-15,2026-08-14,1335271.0,2026-08-14
F002373,C0118,2026-07-08,2026-08-07,1485910.0,2026-08-07
F002374,C0118,2026-08-21,2026-09-20,3047810.0,
F002375,C0119,2025-08-28,2025-09-27,961749.0,2025-09-30
F002376,C0119,2025-08-07,2025-09-06,684183.0,2025-09-08
F002377,C0119,2025-09-28,2025-10-28,536394.0,2025-10-30
F002378,C0119,2025-09-05,2025-10-05,493881.0,2025-10-09
F002379,C0119,2025-09-12,2025-10-12,385082.0,2025-10-15
F002380,C0119,2025-11-16,2025-12-16,268272.0,
F002381,C0119,2025-11-05,2025-12-05,451690.0,2025-12-07
F002382,C0119,2025-12-07,2026-01-06,1628714.0,2026-01-08
F002383,C0119,2025-12-05,2026-01-04,973249.0,2026-01-05
F002384,C0119,2026-02-09,2026-03-11,550302.0,2026-03-14
F002385,C0119,2026-03-17,2026-04-16,376407.0,2026-04-21
F002386,C0119,2026-03-27,2026-04-26,466404.0,2026-04-30
F002387,C0119,2026-03-20,2026-04-19,509542.0,2026-04-19
F002388,C0119,2026-04-06,2026-05-06,1146657.0,2026-05-07
F002389,C0119,2026-05-20,2026-06-19,885578.0,
F002390,C0119,2026-05-17,2026-06-16,610069.0,2026-06-20
F002391,C0119,2026-08-13,2026-09-12,673692.0,
F002392,C0119,2026-08-18,2026-09-17,577584.0,
F002393,C0119,2026-08-19,2026-09-18,459540.0,
F002394,C0120,2025-07-13,2025-08-12,1931972.0,
F002395,C0120,2025-08-18,2025-09-17,2486489.0,2025-09-19
F002396,C0120,2025-08-14,2025-09-13,1780579.0,2025-09-14
F002397,C0120,2025-09-05,2025-10-05,1669732.0,2025-10-07
F002398,C0120,2025-09-25,2025-10-25,1235435.0,2025-10-26
F002399,C0120,2025-10-21,2025-11-20,3010659.0,2025-11-23
F002400,C0120,2025-10-09,2025-11-08,2605110.0,2025-11-10
F002401,C0120,2025-10-10,2025-11-09,2516871.0,2025-11-10
F002402,C0120,2025-11-15,2025-12-15,1630801.0,2025-12-15
F002403,C0120,2025-11-19,2025-12-19,1768404.0,2025-12-20
F002404,C0120,2025-12-12,2026-01-11,2320255.0,2026-01-12
F002405,C0120,2026-01-27,2026-02-26,1371023.0,2026-03-03
F002406,C0120,2026-01-08,2026-02-07,3118836.0,2026-02-07
F002407,C0120,2026-02-13,2026-03-15,1981953.0,2026-03-16
F002408,C0120,2026-02-14,2026-03-16,2739985.0,2026-03-17
F002409,C0120,2026-02-03,2026-03-05,1317710.0,2026-03-05
F002410,C0120,2026-04-06,2026-05-06,4460138.0,2026-05-07
F002411,C0120,2026-04-07,2026-05-07,2266968.0,2026-05-10
F002412,C0120,2026-05-09,2026-06-08,2238766.0,
F002413,C0120,2026-05-08,2026-06-07,2181355.0,2026-06-09
F002414,C0120,2026-05-02,2026-06-01,1344368.0,2026-06-03
F002415,C0120,2026-06-09,2026-07-09,1120765.0,2026-07-09
F002416,C0120,2026-06-13,2026-07-13,2355032.0,2026-07-13
F002417,C0120,2026-07-10,2026-08-09,4163986.0,2026-08-11
F002418,C0120,2026-07-03,2026-08-02,1321104.0,2026-08-02
F002419,C0120,2026-07-23,2026-08-22,2026224.0,2026-08-23
F002420,C0120,2026-08-03,2026-09-02,3284649.0,
F002421,C0120,2026-08-11,2026-09-10,6316155.0,
F002422,C0120,2026-08-17,2026-09-16,2372206.0,
F002423,C0121,2025-08-25,2025-09-24,2528299.0,2025-09-24
F002424,C0121,2025-08-07,2025-09-06,3531206.0,2025-09-06
F002425,C0121,2025-09-26,2025-10-26,2376786.0,2025-10-26
F002426,C0121,2025-11-09,2025-12-09,2553386.0,2025-12-09
F002427,C0121,2025-12-18,2026-01-17,5691204.0,2026-01-17
F002428,C0121,2025-12-10,2026-01-09,3470287.0,2026-01-10
F002429,C0121,2025-12-10,2026-01-09,5339984.0,2026-01-09
F002430,C0121,2026-01-12,2026-02-11,2492999.0,2026-02-11
F002431,C0121,2026-03-26,2026-04-25,3646213.0,2026-04-25
F002432,C0121,2026-03-05,2026-04-04,2052696.0,2026-04-04
F002433,C0121,2026-03-15,2026-04-14,3229346.0,2026-04-14
F002434,C0121,2026-05-24,2026-06-23,2520805.0,2026-06-23
F002435,C0121,2026-06-17,2026-07-17,3779606.0,2026-07-17
F002436,C0121,2026-06-14,2026-07-14,3734559.0,2026-07-14
F002437,C0121,2026-06-04,2026-07-04,4802363.0,2026-07-04
F002438,C0121,2026-08-05,2026-09-04,1748454.0,
F002439,C0121,2026-08-06,2026-09-05,3639763.0,
F002440,C0122,2025-08-20,2025-09-19,1124636.0,2025-09-20
F002441,C0122,2025-08-25,2025-09-24,2101614.0,2025-09-24
F002442,C0122,2025-08-12,2025-09-11,1276199.0,2025-09-12
F002443,C0122,2025-09-18,2025-10-18,1175252.0,2025-10-18
F002444,C0122,2025-10-02,2025-11-01,1738248.0,2025-11-02
F002445,C0122,2025-10-26,2025-11-25,2465685.0,2025-11-26
F002446,C0122,2026-01-18,2026-02-17,830755.0,
F002447,C0122,2026-05-24,2026-06-23,1494367.0,2026-06-24
F002448,C0122,2026-05-02,2026-06-01,2440613.0,2026-06-03
F002449,C0123,2025-07-27,2025-08-26,3554329.0,2025-08-26
F002450,C0123,2025-08-19,2025-09-18,2698868.0,2025-09-18
F002451,C0123,2025-11-26,2025-12-26,2280991.0,2025-12-26
F002452,C0123,2025-11-03,2025-12-03,2706821.0,2025-12-03
F002453,C0123,2025-12-24,2026-01-23,4324903.0,2026-01-23
F002454,C0123,2026-01-19,2026-02-18,4313197.0,2026-02-18
F002455,C0123,2026-02-12,2026-03-14,2661307.0,2026-03-14
F002456,C0123,2026-02-27,2026-03-29,2397725.0,2026-03-29
F002457,C0123,2026-03-07,2026-04-06,3254769.0,2026-04-06
F002458,C0123,2026-04-27,2026-05-27,2385954.0,2026-05-28
F002459,C0123,2026-05-02,2026-06-01,3560376.0,2026-06-01
F002460,C0123,2026-05-18,2026-06-17,9139399.0,2026-06-17
F002461,C0123,2026-06-18,2026-07-18,3756217.0,2026-07-18
F002462,C0123,2026-06-09,2026-07-09,3852802.0,2026-07-09
F002463,C0124,2025-07-18,2025-08-17,3116710.0,2025-08-17
F002464,C0124,2025-07-28,2025-08-27,1357495.0,2025-08-28
F002465,C0124,2025-07-27,2025-08-26,1718385.0,2025-08-28
F002466,C0124,2025-09-25,2025-10-25,1885461.0,2025-10-27
F002467,C0124,2025-10-25,2025-11-24,1354338.0,2025-11-24
F002468,C0124,2025-11-02,2025-12-02,1495078.0,2025-12-02
F002469,C0124,2025-11-26,2025-12-26,1635792.0,2025-12-27
F002470,C0124,2025-11-22,2025-12-22,3033022.0,2025-12-24
F002471,C0124,2025-12-15,2026-01-14,3439221.0,2026-01-14
F002472,C0124,2025-12-16,2026-01-15,1808332.0,2026-01-16
F002473,C0124,2025-12-12,2026-01-11,1542829.0,2026-01-11
F002474,C0124,2026-01-10,2026-02-09,1747699.0,2026-02-10
F002475,C0124,2026-01-17,2026-02-16,1654326.0,2026-02-16
F002476,C0124,2026-01-16,2026-02-15,1634377.0,2026-02-15
F002477,C0124,2026-02-28,2026-03-30,2478933.0,2026-03-30
F002478,C0124,2026-02-22,2026-03-24,1752424.0,2026-03-24
F002479,C0124,2026-02-10,2026-03-12,1087587.0,2026-03-13
F002480,C0124,2026-03-15,2026-04-14,2492295.0,2026-04-14
F002481,C0124,2026-03-15,2026-04-14,1206460.0,2026-04-16
F002482,C0124,2026-03-27,2026-04-26,1929406.0,2026-04-26
F002483,C0124,2026-04-05,2026-05-05,2103310.0,2026-05-08
F002484,C0124,2026-04-15,2026-05-15,1691842.0,
F002485,C0124,2026-05-08,2026-06-07,2710928.0,2026-06-09
F002486,C0124,2026-05-05,2026-06-04,3271331.0,2026-06-05
F002487,C0124,2026-05-01,2026-05-31,1914402.0,2026-05-31
F002488,C0124,2026-06-24,2026-07-24,2617584.0,2026-07-24
F002489,C0124,2026-06-01,2026-07-01,3067599.0,2026-07-03
F002490,C0124,2026-06-05,2026-07-05,1365747.0,2026-07-06
F002491,C0124,2026-07-04,2026-08-03,1613067.0,2026-08-06
F002492,C0124,2026-08-03,2026-09-02,1383633.0,
F002493,C0124,2026-08-07,2026-09-06,2657599.0,
F002494,C0124,2026-08-12,2026-09-11,1476965.0,
F002495,C0125,2025-07-22,2025-08-21,1296736.0,2025-08-21
F002496,C0125,2026-02-26,2026-03-28,1563799.0,2026-03-28
F002497,C0125,2026-02-12,2026-03-14,2203100.0,2026-03-15
F002498,C0125,2026-04-24,2026-05-24,2003995.0,
F002499,C0125,2026-04-13,2026-05-13,637762.0,2026-05-13
F002500,C0125,2026-05-09,2026-06-08,1359141.0,2026-06-08
F002501,C0125,2026-05-05,2026-06-04,1363242.0,2026-06-04
F002502,C0125,2026-05-04,2026-06-03,2598479.0,2026-06-05
F002503,C0125,2026-08-07,2026-09-06,1958033.0,
F002504,C0125,2026-08-10,2026-09-09,1883201.0,
F002505,C0125,2026-08-14,2026-09-13,701294.0,
F002506,C0126,2025-07-18,2025-08-17,2695428.0,2025-08-18
F002507,C0126,2025-08-06,2025-09-05,2323083.0,2025-09-07
F002508,C0126,2025-08-19,2025-09-18,1943188.0,2025-09-23
F002509,C0126,2025-08-03,2025-09-02,2206939.0,2025-09-04
F002510,C0126,2025-11-21,2025-12-21,1898102.0,2025-12-23
F002511,C0126,2025-11-02,2025-12-02,1384740.0,2025-12-04
F002512,C0126,2025-11-21,2025-12-21,3039977.0,2025-12-23
F002513,C0126,2025-12-04,2026-01-03,2516886.0,2026-01-03
F002514,C0126,2025-12-20,2026-01-19,2105252.0,2026-01-19
F002515,C0126,2025-12-20,2026-01-19,2607012.0,2026-01-21
F002516,C0126,2026-01-17,2026-02-16,1049903.0,2026-02-20
F002517,C0126,2026-02-05,2026-03-07,2353479.0,2026-03-08
F002518,C0126,2026-02-13,2026-03-15,2045198.0,2026-03-16
F002519,C0126,2026-03-08,2026-04-07,3323704.0,2026-04-07
F002520,C0126,2026-03-09,2026-04-08,1241097.0,2026-04-08
F002521,C0126,2026-03-04,2026-04-03,1581890.0,2026-04-03
F002522,C0126,2026-05-23,2026-06-22,1436096.0,2026-06-25
F002523,C0126,2026-07-26,2026-08-25,1848926.0,2026-08-26
F002524,C0126,2026-07-02,2026-08-01,3817621.0,2026-08-01
F002525,C0126,2026-07-14,2026-08-13,1564143.0,2026-08-13
F002526,C0127,2025-07-26,2025-08-25,1091720.0,2025-08-27
F002527,C0127,2025-08-13,2025-09-12,2750344.0,2025-09-13
F002528,C0127,2025-08-02,2025-09-01,1684913.0,2025-09-01
F002529,C0127,2025-08-15,2025-09-14,1567768.0,2025-09-14
F002530,C0127,2025-09-24,2025-10-24,3290181.0,2025-10-25
F002531,C0127,2025-10-04,2025-11-03,1084602.0,2025-11-03
F002532,C0127,2025-10-17,2025-11-16,2356675.0,2025-11-17
F002533,C0127,2025-11-06,2025-12-06,1616896.0,2025-12-06
F002534,C0127,2026-01-18,2026-02-17,1250175.0,2026-02-18
F002535,C0127,2026-02-07,2026-03-09,2111041.0,2026-03-11
F002536,C0127,2026-02-20,2026-03-22,1966232.0,2026-03-22
F002537,C0127,2026-02-02,2026-03-04,2273550.0,2026-03-05
F002538,C0127,2026-04-06,2026-05-06,1215584.0,
F002539,C0127,2026-04-10,2026-05-10,2642291.0,2026-05-15
F002540,C0127,2026-04-13,2026-05-13,1403909.0,2026-05-13
F002541,C0127,2026-06-23,2026-07-23,1331846.0,2026-07-23
F002542,C0127,2026-06-03,2026-07-03,2701076.0,2026-07-04
F002543,C0127,2026-06-01,2026-07-01,1262181.0,2026-07-03
F002544,C0127,2026-07-11,2026-08-10,2996751.0,2026-08-12
F002545,C0127,2026-08-22,2026-09-21,1232066.0,
F002546,C0127,2026-08-09,2026-09-08,2581098.0,
F002547,C0127,2026-08-26,2026-09-25,1400321.0,
F002548,C0128,2025-07-17,2025-08-16,842500.0,2025-08-16
F002549,C0128,2025-07-14,2025-08-13,1413622.0,2025-08-13
F002550,C0128,2025-08-02,2025-09-01,1632039.0,2025-09-01
F002551,C0128,2025-08-26,2025-09-25,1276300.0,2025-09-25
F002552,C0128,2025-08-05,2025-09-04,1778312.0,2025-09-04
F002553,C0128,2025-11-09,2025-12-09,1050292.0,2025-12-09
F002554,C0128,2025-11-27,2025-12-27,1448667.0,2025-12-27
F002555,C0128,2025-11-19,2025-12-19,1038510.0,2025-12-19
F002556,C0128,2025-12-08,2026-01-07,2247717.0,2026-01-07
F002557,C0128,2025-12-02,2026-01-01,1889696.0,2026-01-01
F002558,C0128,2025-12-11,2026-01-10,1904836.0,2026-01-10
F002559,C0128,2026-01-13,2026-02-12,1966410.0,2026-02-13
F002560,C0128,2026-01-02,2026-02-01,865872.0,2026-02-01
F002561,C0128,2026-01-19,2026-02-18,965341.0,2026-02-18
F002562,C0128,2026-02-11,2026-03-13,920369.0,2026-03-13
F002563,C0128,2026-02-26,2026-03-28,1111385.0,2026-03-28
F002564,C0128,2026-02-21,2026-03-23,806060.0,2026-03-24
F002565,C0128,2026-04-14,2026-05-14,969392.0,2026-05-14
F002566,C0128,2026-04-16,2026-05-16,807271.0,2026-05-17
F002567,C0128,2026-04-15,2026-05-15,1309268.0,2026-05-15
F002568,C0128,2026-05-13,2026-06-12,826281.0,2026-06-12
F002569,C0128,2026-07-24,2026-08-23,762617.0,2026-08-23
F002570,C0128,2026-07-19,2026-08-18,1170201.0,2026-08-19
F002571,C0128,2026-08-07,2026-09-06,1526337.0,
F002572,C0128,2026-08-14,2026-09-13,1652762.0,
F002573,C0128,2026-08-06,2026-09-05,1382103.0,
F002574,C0129,2025-08-19,2025-09-18,1080912.0,2025-09-19
F002575,C0129,2025-08-27,2025-09-26,1258083.0,2025-09-27
F002576,C0129,2025-09-23,2025-10-23,1046002.0,2025-10-24
F002577,C0129,2025-09-27,2025-10-27,772718.0,2025-10-29
F002578,C0129,2025-09-01,2025-10-01,1210108.0,2025-10-01
F002579,C0129,2025-12-07,2026-01-06,604259.0,2026-01-07
F002580,C0129,2025-12-04,2026-01-03,2350516.0,2026-01-04
F002581,C0129,2025-12-06,2026-01-05,1546434.0,2026-01-06
F002582,C0129,2026-01-01,2026-01-31,1582769.0,2026-01-31
F002583,C0129,2026-01-12,2026-02-11,1530087.0,
F002584,C0129,2026-01-01,2026-01-31,1954476.0,2026-02-01
F002585,C0129,2026-02-05,2026-03-07,1542517.0,2026-03-08
F002586,C0129,2026-02-21,2026-03-23,845733.0,2026-03-25
F002587,C0129,2026-02-23,2026-03-25,1303790.0,2026-03-27
F002588,C0129,2026-03-14,2026-04-13,1410477.0,2026-04-14
F002589,C0129,2026-03-11,2026-04-10,963927.0,2026-04-11
F002590,C0129,2026-03-16,2026-04-15,897338.0,2026-04-17
F002591,C0129,2026-04-13,2026-05-13,1375650.0,2026-05-14
F002592,C0129,2026-05-01,2026-05-31,918358.0,2026-06-02
F002593,C0129,2026-05-07,2026-06-06,905561.0,2026-06-06
F002594,C0129,2026-06-16,2026-07-16,1257286.0,2026-07-17
F002595,C0129,2026-06-11,2026-07-11,1011555.0,2026-07-11
F002596,C0129,2026-06-17,2026-07-17,1059485.0,2026-07-17
F002597,C0129,2026-07-09,2026-08-08,1826507.0,
F002598,C0129,2026-07-17,2026-08-16,1099804.0,2026-08-16
F002599,C0129,2026-07-02,2026-08-01,1930029.0,2026-08-01
F002600,C0129,2026-08-03,2026-09-02,855062.0,
F002601,C0129,2026-08-25,2026-09-24,1055432.0,
F002602,C0129,2026-08-05,2026-09-04,1097218.0,
F002603,C0130,2025-07-03,2025-08-02,1143690.0,2025-08-07
F002604,C0130,2025-07-10,2025-08-09,1415966.0,2025-08-09
F002605,C0130,2025-08-14,2025-09-13,1645979.0,2025-09-13
F002606,C0130,2025-08-07,2025-09-06,739286.0,2025-09-06
F002607,C0130,2025-08-17,2025-09-16,600759.0,2025-09-18
F002608,C0130,2025-09-17,2025-10-17,1257593.0,2025-10-17
F002609,C0130,2025-10-08,2025-11-07,885108.0,2025-11-07
F002610,C0130,2025-11-11,2025-12-11,598227.0,2025-12-11
F002611,C0130,2025-12-20,2026-01-19,1175776.0,2026-01-20
F002612,C0130,2025-12-23,2026-01-22,1172153.0,2026-01-22
F002613,C0130,2026-01-28,2026-02-27,1794942.0,2026-02-27
F002614,C0130,2026-03-10,2026-04-09,1072641.0,2026-04-09
F002615,C0130,2026-03-25,2026-04-24,1293117.0,2026-04-24
F002616,C0130,2026-03-20,2026-04-19,1295089.0,2026-04-19
F002617,C0130,2026-04-04,2026-05-04,1032609.0,2026-05-05
F002618,C0130,2026-05-10,2026-06-09,2015465.0,2026-06-09
F002619,C0130,2026-05-11,2026-06-10,1189577.0,2026-06-11
F002620,C0130,2026-05-11,2026-06-10,2375408.0,2026-06-10
F002621,C0130,2026-06-13,2026-07-13,1334220.0,2026-07-13
F002622,C0130,2026-07-16,2026-08-15,752859.0,2026-08-15
F002623,C0130,2026-07-10,2026-08-09,630962.0,2026-08-10
F002624,C0130,2026-08-23,2026-09-22,1203337.0,
F002625,C0131,2025-07-13,2025-08-12,2411723.0,2025-08-12
F002626,C0131,2025-08-21,2025-09-20,5492688.0,2025-09-20
F002627,C0131,2025-08-25,2025-09-24,2837058.0,2025-09-25
F002628,C0131,2025-09-27,2025-10-27,2048649.0,2025-10-27
F002629,C0131,2025-09-04,2025-10-04,1847132.0,2025-10-07
F002630,C0131,2025-09-22,2025-10-22,2094900.0,2025-10-22
F002631,C0131,2025-10-22,2025-11-21,1272725.0,2025-11-21
F002632,C0131,2025-10-01,2025-10-31,2751088.0,2025-10-31
F002633,C0131,2025-11-02,2025-12-02,3898603.0,2025-12-03
F002634,C0131,2025-12-25,2026-01-24,2765864.0,
F002635,C0131,2025-12-22,2026-01-21,3260668.0,2026-01-22
F002636,C0131,2026-01-08,2026-02-07,2127004.0,2026-02-07
F002637,C0131,2026-01-04,2026-02-03,2955171.0,2026-02-03
F002638,C0131,2026-02-11,2026-03-13,3348438.0,2026-03-13
F002639,C0131,2026-03-05,2026-04-04,3496161.0,2026-04-06
F002640,C0131,2026-03-02,2026-04-01,2835319.0,2026-04-03
F002641,C0131,2026-04-15,2026-05-15,1787076.0,2026-05-16
F002642,C0131,2026-04-07,2026-05-07,3775213.0,2026-05-08
F002643,C0131,2026-05-23,2026-06-22,3767176.0,2026-06-23
F002644,C0131,2026-05-09,2026-06-08,2434038.0,2026-06-08
F002645,C0131,2026-05-11,2026-06-10,1530224.0,2026-06-11
F002646,C0131,2026-06-10,2026-07-10,1729630.0,2026-07-10
F002647,C0131,2026-06-15,2026-07-15,1963417.0,2026-07-15
F002648,C0131,2026-07-01,2026-07-31,2153800.0,
F002649,C0131,2026-07-15,2026-08-14,2191435.0,2026-08-14
F002650,C0131,2026-07-09,2026-08-08,2671097.0,2026-08-08
F002651,C0131,2026-08-04,2026-09-03,2023266.0,
F002652,C0131,2026-08-25,2026-09-24,1703551.0,
F002653,C0132,2025-07-05,2025-08-04,969286.0,2025-08-07
F002654,C0132,2025-07-22,2025-08-21,477727.0,
F002655,C0132,2025-09-22,2025-10-22,662990.0,
F002656,C0132,2025-09-09,2025-10-09,364612.0,2025-10-09
F002657,C0132,2025-10-08,2025-11-07,740803.0,2025-11-08
F002658,C0132,2025-10-17,2025-11-16,338039.0,2025-11-17
F002659,C0132,2025-10-07,2025-11-06,441451.0,2025-11-08
F002660,C0132,2025-11-23,2025-12-23,966684.0,2025-12-23
F002661,C0132,2025-11-02,2025-12-02,423805.0,2025-12-02
F002662,C0132,2025-12-14,2026-01-13,391540.0,2026-01-15
F002663,C0132,2025-12-09,2026-01-08,325474.0,2026-01-08
F002664,C0132,2025-12-06,2026-01-05,282485.0,2026-01-08
F002665,C0132,2026-01-08,2026-02-07,743669.0,2026-02-09
F002666,C0132,2026-01-07,2026-02-06,429231.0,2026-02-06
F002667,C0132,2026-01-25,2026-02-24,665702.0,2026-02-24
F002668,C0132,2026-02-15,2026-03-17,634199.0,2026-03-18
F002669,C0132,2026-02-09,2026-03-11,395198.0,2026-03-12
F002670,C0132,2026-02-26,2026-03-28,581548.0,2026-03-30
F002671,C0132,2026-04-10,2026-05-10,466502.0,2026-05-10
F002672,C0132,2026-04-01,2026-05-01,1183712.0,2026-05-01
F002673,C0132,2026-05-24,2026-06-23,598671.0,2026-06-29
F002674,C0132,2026-05-23,2026-06-22,661285.0,2026-06-25
F002675,C0132,2026-06-27,2026-07-27,880784.0,2026-07-27
F002676,C0132,2026-06-03,2026-07-03,260046.0,2026-07-05
F002677,C0132,2026-06-12,2026-07-12,473484.0,2026-07-13
F002678,C0132,2026-07-10,2026-08-09,1048760.0,2026-08-09
F002679,C0132,2026-07-23,2026-08-22,538932.0,2026-08-24
F002680,C0132,2026-08-20,2026-09-19,403556.0,
F002681,C0133,2025-08-04,2025-09-03,1234917.0,2025-09-06
F002682,C0133,2025-10-06,2025-11-05,1503731.0,2025-11-08
F002683,C0133,2025-11-06,2025-12-06,1126020.0,2025-12-07
F002684,C0133,2025-12-06,2026-01-05,1148260.0,2026-01-09
F002685,C0133,2025-12-18,2026-01-17,1066318.0,2026-01-17
F002686,C0133,2025-12-08,2026-01-07,1390340.0,2026-01-07
F002687,C0133,2026-01-05,2026-02-04,750893.0,2026-02-04
F002688,C0133,2026-01-04,2026-02-03,730358.0,2026-02-05
F002689,C0133,2026-01-12,2026-02-11,1139600.0,2026-02-13
F002690,C0133,2026-03-16,2026-04-15,1517690.0,2026-04-23
F002691,C0133,2026-03-08,2026-04-07,1542430.0,2026-04-08
F002692,C0133,2026-03-28,2026-04-27,531663.0,2026-04-30
F002693,C0133,2026-04-20,2026-05-20,1537562.0,2026-05-20
F002694,C0133,2026-05-06,2026-06-05,1201506.0,2026-06-11
F002695,C0133,2026-05-03,2026-06-02,2675570.0,2026-06-03
F002696,C0133,2026-06-19,2026-07-19,1669204.0,2026-07-19
F002697,C0133,2026-07-28,2026-08-27,882221.0,2026-08-27
F002698,C0134,2025-07-06,2025-08-05,2148208.0,2025-08-08
F002699,C0134,2025-07-05,2025-08-04,1183768.0,2025-08-05
F002700,C0134,2025-08-03,2025-09-02,1450768.0,2025-09-02
F002701,C0134,2025-09-14,2025-10-14,2563831.0,2025-10-14
F002702,C0134,2025-10-03,2025-11-02,1022791.0,2025-11-07
F002703,C0134,2025-11-22,2025-12-22,1739094.0,2025-12-24
F002704,C0134,2026-01-05,2026-02-04,2012344.0,2026-02-06
F002705,C0134,2026-01-03,2026-02-02,1706444.0,2026-02-02
F002706,C0134,2026-01-27,2026-02-26,1138908.0,2026-02-28
F002707,C0134,2026-02-08,2026-03-10,2607322.0,
F002708,C0134,2026-02-13,2026-03-15,1407096.0,2026-03-16
F002709,C0134,2026-02-24,2026-03-26,2873175.0,2026-03-28
F002710,C0134,2026-03-02,2026-04-01,3228189.0,2026-04-01
F002711,C0134,2026-06-25,2026-07-25,1488036.0,2026-07-26
F002712,C0134,2026-07-12,2026-08-11,1418984.0,2026-08-14
F002713,C0134,2026-07-02,2026-08-01,2015159.0,2026-08-01
F002714,C0134,2026-08-07,2026-09-06,1243177.0,
F002715,C0134,2026-08-18,2026-09-17,3688097.0,
F002716,C0134,2026-08-17,2026-09-16,991436.0,
F002717,C0135,2025-07-27,2025-08-26,4244173.0,2025-08-26
F002718,C0135,2025-08-19,2025-09-18,1014505.0,2025-09-19
F002719,C0135,2025-08-28,2025-09-27,1376739.0,2025-09-27
F002720,C0135,2025-10-06,2025-11-05,1842339.0,2025-11-05
F002721,C0135,2025-11-22,2025-12-22,1200669.0,2025-12-23
F002722,C0135,2025-11-01,2025-12-01,2086050.0,2025-12-02
F002723,C0135,2025-12-27,2026-01-26,2696049.0,
F002724,C0135,2025-12-08,2026-01-07,2388506.0,2026-01-07
F002725,C0135,2025-12-20,2026-01-19,3052410.0,2026-01-20
F002726,C0135,2026-01-25,2026-02-24,1148506.0,2026-02-24
F002727,C0135,2026-01-20,2026-02-19,4784396.0,2026-02-19
F002728,C0135,2026-01-12,2026-02-11,1757498.0,2026-02-11
F002729,C0135,2026-02-03,2026-03-05,1576397.0,2026-03-06
F002730,C0135,2026-04-25,2026-05-25,2893400.0,2026-05-25
F002731,C0135,2026-04-24,2026-05-24,1875842.0,2026-05-25
F002732,C0135,2026-04-23,2026-05-23,1919409.0,2026-05-23
F002733,C0135,2026-05-21,2026-06-20,2575525.0,2026-06-20
F002734,C0135,2026-05-08,2026-06-07,1388578.0,2026-06-08
F002735,C0135,2026-06-21,2026-07-21,1403493.0,2026-07-21
F002736,C0135,2026-07-08,2026-08-07,1365047.0,2026-08-08
F002737,C0135,2026-07-27,2026-08-26,1281606.0,2026-08-26
F002738,C0135,2026-08-08,2026-09-07,1754304.0,
F002739,C0135,2026-08-22,2026-09-21,1345054.0,
F002740,C0136,2025-07-11,2025-08-10,2727709.0,2025-08-10
F002741,C0136,2025-08-08,2025-09-07,3469979.0,2025-09-07
F002742,C0136,2025-08-04,2025-09-03,5109048.0,2025-09-03
F002743,C0136,2025-08-05,2025-09-04,1560223.0,2025-09-04
F002744,C0136,2025-11-14,2025-12-14,3907412.0,2025-12-14
F002745,C0136,2025-11-13,2025-12-13,4475796.0,2025-12-13
F002746,C0136,2025-11-27,2025-12-27,2551440.0,2025-12-28
F002747,C0136,2025-12-26,2026-01-25,4134246.0,2026-01-25
F002748,C0136,2026-03-24,2026-04-23,2610884.0,2026-04-23
F002749,C0136,2026-03-03,2026-04-02,3022812.0,2026-04-02
F002750,C0136,2026-03-28,2026-04-27,3169220.0,2026-04-27
F002751,C0136,2026-04-15,2026-05-15,4557327.0,2026-05-15
F002752,C0136,2026-05-06,2026-06-05,2811635.0,2026-06-06
F002753,C0136,2026-05-01,2026-05-31,2484371.0,2026-05-31
F002754,C0136,2026-05-11,2026-06-10,5239999.0,2026-06-10
F002755,C0136,2026-07-11,2026-08-10,2967470.0,2026-08-11
F002756,C0136,2026-08-16,2026-09-15,2737972.0,
F002757,C0136,2026-08-02,2026-09-01,3069457.0,
F002758,C0137,2025-07-21,2025-08-20,552661.0,2025-08-20
F002759,C0137,2025-08-14,2025-09-13,863870.0,2025-09-15
F002760,C0137,2025-08-08,2025-09-07,1394307.0,2025-09-07
F002761,C0137,2025-10-25,2025-11-24,1489630.0,2025-11-26
F002762,C0137,2025-10-25,2025-11-24,1107554.0,2025-11-24
F002763,C0137,2025-10-25,2025-11-24,685222.0,2025-11-24
F002764,C0137,2025-12-24,2026-01-23,660077.0,2026-01-23
F002765,C0137,2025-12-12,2026-01-11,1198300.0,2026-01-11
F002766,C0137,2025-12-18,2026-01-17,1059365.0,2026-01-17
F002767,C0137,2026-02-22,2026-03-24,868724.0,2026-03-24
F002768,C0137,2026-03-15,2026-04-14,1491549.0,2026-04-14
F002769,C0137,2026-03-03,2026-04-02,804173.0,2026-04-02
F002770,C0137,2026-03-16,2026-04-15,1492429.0,2026-04-15
F002771,C0137,2026-05-06,2026-06-05,1440345.0,2026-06-05
F002772,C0137,2026-05-26,2026-06-25,743528.0,2026-06-25
F002773,C0137,2026-05-24,2026-06-23,1250180.0,2026-06-25
F002774,C0137,2026-06-09,2026-07-09,1470261.0,2026-07-09
F002775,C0137,2026-06-15,2026-07-15,826279.0,2026-07-15
F002776,C0137,2026-07-25,2026-08-24,1123902.0,2026-08-24
F002777,C0137,2026-07-27,2026-08-26,740534.0,2026-08-26
F002778,C0137,2026-08-18,2026-09-17,1602835.0,
F002779,C0137,2026-08-10,2026-09-09,1370126.0,
F002780,C0138,2025-07-14,2025-08-13,1005231.0,2025-08-13
F002781,C0138,2025-08-08,2025-09-07,634165.0,2025-09-07
F002782,C0138,2025-09-08,2025-10-08,586478.0,2025-10-08
F002783,C0138,2025-09-10,2025-10-10,1560679.0,2025-10-10
F002784,C0138,2025-10-10,2025-11-09,937009.0,2025-11-10
F002785,C0138,2025-10-02,2025-11-01,1703563.0,2025-11-01
F002786,C0138,2025-11-09,2025-12-09,1169286.0,2025-12-09
F002787,C0138,2025-11-06,2025-12-06,1061261.0,2025-12-06
F002788,C0138,2025-11-14,2025-12-14,1141697.0,2025-12-14
F002789,C0138,2025-12-26,2026-01-25,1477001.0,2026-01-25
F002790,C0138,2025-12-11,2026-01-10,1012288.0,2026-01-10
F002791,C0138,2025-12-15,2026-01-14,1293314.0,2026-01-14
F002792,C0138,2026-01-06,2026-02-05,844248.0,2026-02-05
F002793,C0138,2026-01-22,2026-02-21,711848.0,2026-02-22
F002794,C0138,2026-02-04,2026-03-06,2411861.0,2026-03-06
F002795,C0138,2026-02-10,2026-03-12,530812.0,2026-03-14
F002796,C0138,2026-02-01,2026-03-03,1214368.0,2026-03-04
F002797,C0138,2026-03-15,2026-04-14,1817972.0,
F002798,C0138,2026-04-21,2026-05-21,2145916.0,2026-05-21
F002799,C0138,2026-05-08,2026-06-07,1473235.0,2026-06-07
F002800,C0138,2026-05-13,2026-06-12,941351.0,2026-06-13
F002801,C0138,2026-05-16,2026-06-15,1997891.0,2026-06-15
F002802,C0138,2026-06-04,2026-07-04,1144508.0,2026-07-05
F002803,C0138,2026-06-03,2026-07-03,2229117.0,2026-07-03
F002804,C0138,2026-06-18,2026-07-18,1665933.0,2026-07-19
F002805,C0138,2026-07-18,2026-08-17,1228004.0,2026-08-17
F002806,C0138,2026-08-24,2026-09-23,1126421.0,
F002807,C0138,2026-08-04,2026-09-03,1653895.0,
F002808,C0139,2025-07-09,2025-08-08,626118.0,2025-08-09
F002809,C0139,2025-07-09,2025-08-08,479131.0,2025-08-08
F002810,C0139,2025-09-02,2025-10-02,445216.0,2025-10-03
F002811,C0139,2025-09-26,2025-10-26,427219.0,2025-10-29
F002812,C0139,2025-09-10,2025-10-10,880771.0,2025-10-11
F002813,C0139,2025-11-05,2025-12-05,666058.0,2025-12-08
F002814,C0139,2025-11-05,2025-12-05,706632.0,2025-12-05
F002815,C0139,2025-11-21,2025-12-21,1106130.0,2025-12-22
F002816,C0139,2026-03-11,2026-04-10,363951.0,2026-04-10
F002817,C0139,2026-03-05,2026-04-04,498030.0,2026-04-08
F002818,C0139,2026-03-20,2026-04-19,779741.0,2026-04-19
F002819,C0139,2026-04-26,2026-05-26,624194.0,2026-05-27
F002820,C0139,2026-07-20,2026-08-19,560558.0,2026-08-21
F002821,C0139,2026-08-03,2026-09-02,410415.0,
F002822,C0139,2026-08-02,2026-09-01,479425.0,
F002823,C0140,2025-07-09,2025-08-08,1240260.0,2025-08-08
F002824,C0140,2025-07-05,2025-08-04,889609.0,2025-08-05
F002825,C0140,2025-07-27,2025-08-26,755233.0,2025-08-26
F002826,C0140,2025-08-07,2025-09-06,1319996.0,2025-09-07
F002827,C0140,2025-08-25,2025-09-24,1015407.0,2025-09-24
F002828,C0140,2025-08-20,2025-09-19,629915.0,2025-09-20
F002829,C0140,2025-09-16,2025-10-16,666285.0,2025-10-16
F002830,C0140,2025-09-09,2025-10-09,803764.0,2025-10-09
F002831,C0140,2025-09-26,2025-10-26,611432.0,2025-10-27
F002832,C0140,2025-10-08,2025-11-07,1282887.0,2025-11-07
F002833,C0140,2025-11-17,2025-12-17,676358.0,2025-12-17
F002834,C0140,2025-11-22,2025-12-22,618092.0,2025-12-22
F002835,C0140,2025-11-22,2025-12-22,1028247.0,2025-12-22
F002836,C0140,2025-12-14,2026-01-13,1274281.0,
F002837,C0140,2025-12-05,2026-01-04,757848.0,
F002838,C0140,2025-12-23,2026-01-22,556341.0,2026-01-22
F002839,C0140,2026-01-22,2026-02-21,1275048.0,2026-02-21
F002840,C0140,2026-01-10,2026-02-09,588366.0,2026-02-11
F002841,C0140,2026-02-07,2026-03-09,1153447.0,2026-03-10
F002842,C0140,2026-02-19,2026-03-21,1188445.0,2026-03-21
F002843,C0140,2026-02-24,2026-03-26,1389622.0,2026-03-26
F002844,C0140,2026-03-26,2026-04-25,574002.0,2026-04-26
F002845,C0140,2026-03-11,2026-04-10,901938.0,2026-04-11
F002846,C0140,2026-04-01,2026-05-01,655084.0,2026-05-01
F002847,C0140,2026-04-11,2026-05-11,1009786.0,
F002848,C0140,2026-04-20,2026-05-20,844838.0,2026-05-20
F002849,C0140,2026-05-27,2026-06-26,824420.0,2026-06-27
F002850,C0140,2026-06-23,2026-07-23,1284605.0,2026-07-23
F002851,C0140,2026-06-09,2026-07-09,1147367.0,2026-07-09
F002852,C0140,2026-07-09,2026-08-08,1010725.0,2026-08-08
F002853,C0140,2026-08-24,2026-09-23,511354.0,
F002854,C0141,2025-07-15,2025-08-14,3234880.0,2025-08-14
F002855,C0141,2025-07-05,2025-08-04,4442501.0,2025-08-04
F002856,C0141,2025-09-04,2025-10-04,4517377.0,2025-10-05
F002857,C0141,2025-09-22,2025-10-22,3445878.0,2025-10-22
F002858,C0141,2025-09-05,2025-10-05,5712180.0,2025-10-05
F002859,C0141,2026-01-25,2026-02-24,3772981.0,2026-02-24
F002860,C0141,2026-01-12,2026-02-11,2899478.0,2026-02-11
F002861,C0141,2026-02-03,2026-03-05,3399113.0,
F002862,C0141,2026-02-09,2026-03-11,3742742.0,2026-03-11
F002863,C0141,2026-03-19,2026-04-18,2029899.0,2026-04-18
F002864,C0141,2026-04-03,2026-05-03,2734538.0,2026-05-05
F002865,C0141,2026-04-20,2026-05-20,3964263.0,2026-05-20
F002866,C0141,2026-04-25,2026-05-25,2371069.0,2026-05-26
F002867,C0141,2026-05-01,2026-05-31,3288477.0,2026-06-02
F002868,C0141,2026-05-07,2026-06-06,3207883.0,2026-06-06
F002869,C0141,2026-05-21,2026-06-20,3678153.0,2026-06-21
F002870,C0141,2026-08-09,2026-09-08,3454209.0,
F002871,C0141,2026-08-11,2026-09-10,4208183.0,
F002872,C0142,2025-07-20,2025-08-19,1764321.0,2025-08-21
F002873,C0142,2025-07-10,2025-08-09,1335242.0,2025-08-10
F002874,C0142,2025-07-10,2025-08-09,1145170.0,2025-08-09
F002875,C0142,2025-09-23,2025-10-23,2310331.0,
F002876,C0142,2025-09-16,2025-10-16,797321.0,2025-10-17
F002877,C0142,2025-09-09,2025-10-09,2323392.0,2025-10-10
F002878,C0142,2025-10-03,2025-11-02,1409028.0,2025-11-06
F002879,C0142,2025-12-23,2026-01-22,1735517.0,2026-01-23
F002880,C0142,2026-01-06,2026-02-05,1953807.0,2026-02-05
F002881,C0142,2026-01-11,2026-02-10,781596.0,2026-02-13
F002882,C0142,2026-01-17,2026-02-16,1576117.0,2026-02-18
F002883,C0142,2026-02-04,2026-03-06,1128846.0,2026-03-09
F002884,C0142,2026-02-01,2026-03-03,1039997.0,
F002885,C0142,2026-02-21,2026-03-23,2327307.0,2026-03-26
F002886,C0142,2026-04-10,2026-05-10,1023683.0,2026-05-17
F002887,C0142,2026-04-15,2026-05-15,587427.0,2026-05-22
F002888,C0142,2026-05-26,2026-06-25,1316445.0,2026-06-27
F002889,C0142,2026-06-05,2026-07-05,1812097.0,2026-07-07
F002890,C0142,2026-06-24,2026-07-24,661114.0,2026-07-24
F002891,C0142,2026-06-27,2026-07-27,1652883.0,2026-07-29
F002892,C0142,2026-08-08,2026-09-07,2117478.0,
F002893,C0142,2026-08-20,2026-09-19,1163579.0,
F002894,C0143,2025-07-03,2025-08-02,2392907.0,2025-08-04
F002895,C0143,2025-07-19,2025-08-18,1327372.0,2025-08-22
F002896,C0143,2025-08-05,2025-09-04,3085724.0,2025-09-08
F002897,C0143,2025-08-10,2025-09-09,2239714.0,2025-09-12
F002898,C0143,2025-08-19,2025-09-18,1753049.0,2025-09-19
F002899,C0143,2025-09-27,2025-10-27,2151721.0,2025-11-02
F002900,C0143,2025-09-19,2025-10-19,1804285.0,2025-10-20
F002901,C0143,2025-10-18,2025-11-17,2029295.0,2025-11-22
F002902,C0143,2025-11-12,2025-12-12,1504194.0,
F002903,C0143,2025-12-11,2026-01-10,2108305.0,2026-01-16
F002904,C0143,2025-12-10,2026-01-09,1214785.0,2026-01-11
F002905,C0143,2025-12-14,2026-01-13,1925963.0,2026-01-17
F002906,C0143,2026-01-14,2026-02-13,1985979.0,2026-02-15
F002907,C0143,2026-01-12,2026-02-11,1609685.0,2026-02-11
F002908,C0143,2026-01-03,2026-02-02,1444205.0,2026-02-02
F002909,C0143,2026-02-25,2026-03-27,1677086.0,
F002910,C0143,2026-02-19,2026-03-21,1315022.0,2026-03-22
F002911,C0143,2026-02-25,2026-03-27,1100890.0,2026-03-29
F002912,C0143,2026-03-06,2026-04-05,1150928.0,
F002913,C0143,2026-03-20,2026-04-19,953314.0,
F002914,C0143,2026-04-08,2026-05-08,3037125.0,2026-05-10
F002915,C0143,2026-05-07,2026-06-06,2097379.0,
F002916,C0143,2026-05-17,2026-06-16,1356961.0,
F002917,C0143,2026-05-03,2026-06-02,1747662.0,
F002918,C0143,2026-06-03,2026-07-03,1555200.0,2026-07-04
F002919,C0143,2026-06-15,2026-07-15,2436097.0,2026-07-18
F002920,C0143,2026-06-06,2026-07-06,3626732.0,2026-07-06
F002921,C0143,2026-08-27,2026-09-26,1550659.0,
F002922,C0144,2025-07-12,2025-08-11,1163280.0,
F002923,C0144,2025-09-03,2025-10-03,563870.0,2025-10-03
F002924,C0144,2025-09-15,2025-10-15,943463.0,2025-10-15
F002925,C0144,2025-10-09,2025-11-08,1030819.0,2025-11-08
F002926,C0144,2026-02-21,2026-03-23,1008458.0,2026-03-23
F002927,C0144,2026-02-26,2026-03-28,579003.0,2026-03-29
F002928,C0144,2026-04-17,2026-05-17,1308713.0,2026-05-17
F002929,C0144,2026-04-15,2026-05-15,1790228.0,2026-05-15
F002930,C0144,2026-04-12,2026-05-12,1070063.0,2026-05-13
F002931,C0144,2026-07-14,2026-08-13,1422137.0,2026-08-14
F002932,C0144,2026-07-22,2026-08-21,775052.0,
F002933,C0144,2026-07-04,2026-08-03,746026.0,2026-08-03
F002934,C0145,2025-07-02,2025-08-01,1207913.0,2025-08-01
F002935,C0145,2025-07-16,2025-08-15,862443.0,2025-08-15
F002936,C0145,2025-08-02,2025-09-01,736747.0,2025-09-01
F002937,C0145,2025-08-27,2025-09-26,886608.0,2025-09-26
F002938,C0145,2025-12-22,2026-01-21,718684.0,2026-01-24
F002939,C0145,2026-02-07,2026-03-09,1359491.0,
F002940,C0145,2026-03-05,2026-04-04,877413.0,2026-04-04
F002941,C0145,2026-03-01,2026-03-31,508030.0,2026-04-01
F002942,C0145,2026-04-27,2026-05-27,1158776.0,2026-05-27
F002943,C0145,2026-04-01,2026-05-01,655848.0,2026-05-01
F002944,C0145,2026-04-08,2026-05-08,614121.0,2026-05-08
F002945,C0145,2026-05-25,2026-06-24,1175198.0,2026-06-24
F002946,C0145,2026-05-15,2026-06-14,944854.0,2026-06-14
F002947,C0145,2026-06-16,2026-07-16,1002781.0,2026-07-16
F002948,C0145,2026-06-22,2026-07-22,926498.0,2026-07-22
F002949,C0146,2025-08-28,2025-09-27,2232511.0,2025-09-30
F002950,C0146,2025-10-23,2025-11-22,2194826.0,2025-11-27
F002951,C0146,2025-10-17,2025-11-16,1871630.0,2025-11-23
F002952,C0146,2025-10-18,2025-11-17,2158466.0,2025-11-21
F002953,C0146,2026-02-22,2026-03-24,1436313.0,2026-03-27
F002954,C0146,2026-02-28,2026-03-30,1134298.0,2026-03-30
F002955,C0146,2026-04-26,2026-05-26,1297682.0,
F002956,C0146,2026-04-03,2026-05-03,1526875.0,2026-05-06
F002957,C0146,2026-04-12,2026-05-12,951653.0,2026-05-15
F002958,C0146,2026-05-12,2026-06-11,2457561.0,2026-06-14
F002959,C0146,2026-05-27,2026-06-26,1281003.0,2026-06-29
F002960,C0146,2026-05-28,2026-06-27,1143744.0,2026-06-27
F002961,C0146,2026-07-22,2026-08-21,2003390.0,2026-08-21
F002962,C0147,2025-09-09,2025-10-09,1374216.0,
F002963,C0147,2025-12-20,2026-01-19,1396824.0,2026-01-25
F002964,C0147,2025-12-07,2026-01-06,1352401.0,2026-01-06
F002965,C0147,2026-01-12,2026-02-11,1450821.0,2026-02-14
F002966,C0147,2026-01-08,2026-02-07,1970234.0,
F002967,C0147,2026-02-12,2026-03-14,1162527.0,2026-03-14
F002968,C0147,2026-02-19,2026-03-21,1179233.0,2026-03-22
F002969,C0147,2026-02-22,2026-03-24,1212508.0,2026-03-27
F002970,C0147,2026-03-01,2026-03-31,2332790.0,2026-04-01
F002971,C0147,2026-03-28,2026-04-27,1718212.0,
F002972,C0147,2026-04-06,2026-05-06,1159627.0,
F002973,C0147,2026-05-16,2026-06-15,1248488.0,2026-06-16
F002974,C0147,2026-05-07,2026-06-06,1043331.0,2026-06-06
F002975,C0147,2026-06-24,2026-07-24,1533957.0,2026-07-27
F002976,C0147,2026-06-05,2026-07-05,1352505.0,2026-07-07
F002977,C0147,2026-06-19,2026-07-19,2399012.0,2026-07-20
F002978,C0147,2026-08-25,2026-09-24,1313658.0,
F002979,C0148,2025-08-16,2025-09-15,1482753.0,2025-09-15
F002980,C0148,2025-10-15,2025-11-14,805737.0,2025-11-15
F002981,C0148,2025-11-03,2025-12-03,1346760.0,2025-12-06
F002982,C0148,2025-11-08,2025-12-08,1258697.0,2025-12-10
F002983,C0148,2026-02-10,2026-03-12,1769421.0,2026-03-12
F002984,C0148,2026-02-09,2026-03-11,1551551.0,2026-03-15
F002985,C0148,2026-02-14,2026-03-16,1306046.0,2026-03-17
F002986,C0148,2026-05-25,2026-06-24,1395098.0,2026-06-26
F002987,C0148,2026-05-12,2026-06-11,1287208.0,2026-06-12
F002988,C0148,2026-07-04,2026-08-03,813949.0,2026-08-03
F002989,C0148,2026-07-05,2026-08-04,1439636.0,2026-08-06
F002990,C0148,2026-08-22,2026-09-21,1738272.0,
F002991,C0148,2026-08-04,2026-09-03,891456.0,
F002992,C0148,2026-08-02,2026-09-01,911093.0,
F002993,C0149,2025-07-08,2025-08-07,1182303.0,2025-08-07
F002994,C0149,2025-07-02,2025-08-01,2191459.0,2025-08-01
F002995,C0149,2025-07-15,2025-08-14,993335.0,2025-08-14
F002996,C0149,2025-08-23,2025-09-22,1199768.0,2025-09-22
F002997,C0149,2025-08-05,2025-09-04,1610570.0,2025-09-04
F002998,C0149,2025-09-16,2025-10-16,785543.0,2025-10-16
F002999,C0149,2025-09-08,2025-10-08,1416498.0,2025-10-08
F003000,C0149,2025-10-14,2025-11-13,1668907.0,2025-11-13
F003001,C0149,2025-10-12,2025-11-11,1946877.0,2025-11-11
F003002,C0149,2025-11-14,2025-12-14,1202955.0,2025-12-14
F003003,C0149,2025-11-16,2025-12-16,1190803.0,2025-12-16
F003004,C0149,2025-11-19,2025-12-19,3320922.0,2025-12-19
F003005,C0149,2025-12-09,2026-01-08,2143940.0,2026-01-08
F003006,C0149,2026-02-16,2026-03-18,1223897.0,2026-03-18
F003007,C0149,2026-02-13,2026-03-15,2644992.0,2026-03-15
F003008,C0149,2026-03-21,2026-04-20,2470959.0,2026-04-20
F003009,C0149,2026-03-08,2026-04-07,1759236.0,2026-04-07
F003010,C0149,2026-04-14,2026-05-14,1542365.0,2026-05-14
F003011,C0149,2026-05-10,2026-06-09,1114092.0,2026-06-09
F003012,C0149,2026-05-26,2026-06-25,1199096.0,2026-06-25
F003013,C0149,2026-06-06,2026-07-06,1722217.0,2026-07-06
F003014,C0149,2026-07-06,2026-08-05,1861319.0,2026-08-05
F003015,C0149,2026-07-14,2026-08-13,1857333.0,2026-08-13
F003016,C0149,2026-07-18,2026-08-17,2088073.0,2026-08-17
F003017,C0149,2026-08-11,2026-09-10,1068352.0,
F003018,C0150,2025-07-10,2025-08-09,1529139.0,2025-08-12
F003019,C0150,2025-08-04,2025-09-03,1343580.0,2025-09-04
F003020,C0150,2025-08-09,2025-09-08,2011398.0,2025-09-08
F003021,C0150,2025-09-14,2025-10-14,770042.0,2025-10-14
F003022,C0150,2025-09-12,2025-10-12,2221990.0,2025-10-12
F003023,C0150,2025-09-04,2025-10-04,1457377.0,2025-10-06
F003024,C0150,2025-10-05,2025-11-04,1977846.0,2025-11-06
F003025,C0150,2025-10-19,2025-11-18,1067982.0,2025-11-18
F003026,C0150,2025-10-01,2025-10-31,1943018.0,2025-10-31
F003027,C0150,2025-12-16,2026-01-15,1614288.0,
F003028,C0150,2025-12-12,2026-01-11,1495059.0,2026-01-11
F003029,C0150,2026-02-05,2026-03-07,742720.0,
F003030,C0150,2026-02-04,2026-03-06,1007032.0,2026-03-09
F003031,C0150,2026-03-28,2026-04-27,1560715.0,2026-04-30
F003032,C0150,2026-03-28,2026-04-27,942542.0,2026-04-27
F003033,C0150,2026-03-12,2026-04-11,1048709.0,2026-04-12
F003034,C0150,2026-04-11,2026-05-11,740999.0,
F003035,C0150,2026-05-18,2026-06-17,1938563.0,2026-06-20
F003036,C0150,2026-05-05,2026-06-04,1539025.0,2026-06-04
F003037,C0150,2026-06-17,2026-07-17,1481644.0,2026-07-17
F003038,C0150,2026-07-20,2026-08-19,2119231.0,2026-08-19
F003039,C0150,2026-07-16,2026-08-15,1867642.0,2026-08-16
F003040,C0150,2026-07-24,2026-08-23,1377069.0,2026-08-23
F003041,C0150,2026-08-28,2026-09-27,1091992.0,
F003042,C0150,2026-08-25,2026-09-24,1679356.0,
F003043,C0151,2025-09-15,2025-10-15,1085884.0,2025-10-18
F003044,C0151,2025-09-11,2025-10-11,1183315.0,2025-10-11
F003045,C0151,2025-09-19,2025-10-19,1474430.0,2025-10-19
F003046,C0151,2025-11-07,2025-12-07,2008570.0,2025-12-07
F003047,C0151,2026-01-16,2026-02-15,1678885.0,2026-02-15
F003048,C0151,2026-02-01,2026-03-03,1715863.0,2026-03-04
F003049,C0151,2026-04-10,2026-05-10,1094531.0,2026-05-13
F003050,C0151,2026-04-26,2026-05-26,2230721.0,2026-05-26
F003051,C0151,2026-04-10,2026-05-10,1537132.0,2026-05-10
F003052,C0151,2026-05-21,2026-06-20,1328276.0,2026-06-20
F003053,C0151,2026-07-10,2026-08-09,2390942.0,2026-08-10
F003054,C0151,2026-07-03,2026-08-02,1465630.0,2026-08-03
F003055,C0151,2026-07-22,2026-08-21,2674539.0,2026-08-21
F003056,C0151,2026-08-13,2026-09-12,2269208.0,
F003057,C0152,2025-07-15,2025-08-14,913404.0,2025-08-15
F003058,C0152,2025-07-08,2025-08-07,931326.0,
F003059,C0152,2025-07-20,2025-08-19,1275660.0,2025-08-21
F003060,C0152,2025-09-02,2025-10-02,1500006.0,
F003061,C0152,2025-11-18,2025-12-18,780867.0,2025-12-19
F003062,C0152,2025-11-12,2025-12-12,1759167.0,2025-12-12
F003063,C0152,2025-11-03,2025-12-03,1006814.0,2025-12-04
F003064,C0152,2025-12-18,2026-01-17,1211549.0,2026-01-17
F003065,C0152,2025-12-13,2026-01-12,763678.0,2026-01-12
F003066,C0152,2025-12-05,2026-01-04,2109243.0,2026-01-04
F003067,C0152,2026-02-02,2026-03-04,876992.0,2026-03-05
F003068,C0152,2026-05-28,2026-06-27,785152.0,
F003069,C0152,2026-05-12,2026-06-11,2086099.0,2026-06-14
F003070,C0152,2026-05-25,2026-06-24,1716368.0,
F003071,C0152,2026-06-10,2026-07-10,950582.0,2026-07-10
F003072,C0152,2026-08-02,2026-09-01,1692273.0,
F003073,C0152,2026-08-25,2026-09-24,1759727.0,
F003074,C0152,2026-08-17,2026-09-16,1646829.0,
F003075,C0153,2025-07-13,2025-08-12,1874106.0,2025-08-12
F003076,C0153,2025-07-22,2025-08-21,3567501.0,2025-08-21
F003077,C0153,2025-07-14,2025-08-13,1941280.0,2025-08-13
F003078,C0153,2025-08-12,2025-09-11,4175360.0,2025-09-11
F003079,C0153,2025-09-23,2025-10-23,3342723.0,2025-10-23
F003080,C0153,2025-09-27,2025-10-27,3709639.0,2025-10-27
F003081,C0153,2025-09-03,2025-10-03,1692114.0,2025-10-03
F003082,C0153,2025-10-21,2025-11-20,2964529.0,2025-11-20
F003083,C0153,2025-11-07,2025-12-07,1493526.0,2025-12-07
F003084,C0153,2025-12-03,2026-01-02,1953403.0,2026-01-02
F003085,C0153,2025-12-02,2026-01-01,3046571.0,2026-01-01
F003086,C0153,2025-12-26,2026-01-25,2303849.0,2026-01-25
F003087,C0153,2026-01-05,2026-02-04,2465946.0,2026-02-05
F003088,C0153,2026-01-23,2026-02-22,2247435.0,2026-02-22
F003089,C0153,2026-02-03,2026-03-05,3405758.0,2026-03-06
F003090,C0153,2026-02-10,2026-03-12,4054646.0,2026-03-12
F003091,C0153,2026-03-17,2026-04-16,3629073.0,2026-04-16
F003092,C0153,2026-03-24,2026-04-23,2362531.0,2026-04-23
F003093,C0153,2026-04-06,2026-05-06,1291788.0,2026-05-06
F003094,C0153,2026-04-13,2026-05-13,3343255.0,2026-05-13
F003095,C0153,2026-05-14,2026-06-13,3828572.0,2026-06-13
F003096,C0153,2026-06-10,2026-07-10,2358170.0,2026-07-10
F003097,C0153,2026-06-05,2026-07-05,1625143.0,2026-07-06
F003098,C0153,2026-07-27,2026-08-26,4622345.0,2026-08-26
F003099,C0153,2026-08-18,2026-09-17,3538329.0,
F003100,C0153,2026-08-09,2026-09-08,2679493.0,
F003101,C0153,2026-08-01,2026-08-31,2268309.0,2026-08-31
F003102,C0154,2025-07-01,2025-07-31,2490306.0,2025-08-01
F003103,C0154,2025-07-24,2025-08-23,1541810.0,2025-08-23
F003104,C0154,2025-07-22,2025-08-21,1372443.0,2025-08-22
F003105,C0154,2025-08-18,2025-09-17,793456.0,2025-09-17
F003106,C0154,2025-08-18,2025-09-17,2976954.0,2025-09-17
F003107,C0154,2025-08-06,2025-09-05,1684164.0,2025-09-06
F003108,C0154,2025-09-20,2025-10-20,1381799.0,2025-10-20
F003109,C0154,2025-09-17,2025-10-17,1013369.0,2025-10-17
F003110,C0154,2025-09-25,2025-10-25,946559.0,2025-10-25
F003111,C0154,2025-10-26,2025-11-25,1287255.0,2025-11-25
F003112,C0154,2025-10-16,2025-11-15,944406.0,2025-11-16
F003113,C0154,2025-10-18,2025-11-17,1194945.0,2025-11-19
F003114,C0154,2025-11-17,2025-12-17,1533049.0,2025-12-17
F003115,C0154,2025-11-11,2025-12-11,1405125.0,2025-12-11
F003116,C0154,2026-02-08,2026-03-10,1892474.0,2026-03-10
F003117,C0154,2026-02-25,2026-03-27,1053112.0,2026-03-27
F003118,C0154,2026-02-16,2026-03-18,1586387.0,2026-03-18
F003119,C0154,2026-03-06,2026-04-05,2185762.0,2026-04-05
F003120,C0154,2026-04-09,2026-05-09,1491973.0,2026-05-09
F003121,C0154,2026-05-24,2026-06-23,654585.0,2026-06-24
F003122,C0154,2026-06-13,2026-07-13,1521514.0,2026-07-13
F003123,C0154,2026-06-23,2026-07-23,1091464.0,2026-07-23
F003124,C0154,2026-06-18,2026-07-18,1225813.0,2026-07-22
F003125,C0154,2026-07-09,2026-08-08,1252983.0,2026-08-08
F003126,C0154,2026-07-12,2026-08-11,1001108.0,2026-08-13
F003127,C0154,2026-08-21,2026-09-20,1843807.0,
F003128,C0155,2025-07-04,2025-08-03,1494027.0,2025-08-03
F003129,C0155,2025-07-14,2025-08-13,2270275.0,2025-08-14
F003130,C0155,2025-07-23,2025-08-22,2404751.0,2025-08-23
F003131,C0155,2025-08-16,2025-09-15,2826293.0,2025-09-15
F003132,C0155,2025-09-18,2025-10-18,1724683.0,2025-10-18
F003133,C0155,2025-10-27,2025-11-26,1999990.0,2025-11-26
F003134,C0155,2026-01-09,2026-02-08,1288878.0,2026-02-08
F003135,C0155,2026-01-19,2026-02-18,1309393.0,2026-02-18
F003136,C0155,2026-01-08,2026-02-07,1733816.0,2026-02-08
F003137,C0155,2026-02-05,2026-03-07,2042036.0,2026-03-07
F003138,C0155,2026-04-19,2026-05-19,1332728.0,2026-05-19
F003139,C0155,2026-04-17,2026-05-17,974337.0,2026-05-17
F003140,C0155,2026-04-23,2026-05-23,4065790.0,2026-05-23
F003141,C0155,2026-07-02,2026-08-01,2244597.0,2026-08-01
F003142,C0155,2026-07-18,2026-08-17,972783.0,2026-08-17
F003143,C0155,2026-08-10,2026-09-09,1675910.0,
F003144,C0156,2025-08-26,2025-09-25,2051033.0,2025-09-25
F003145,C0156,2025-09-26,2025-10-26,1098272.0,2025-10-27
F003146,C0156,2025-11-17,2025-12-17,1702416.0,2025-12-22
F003147,C0156,2025-12-25,2026-01-24,1895379.0,2026-01-24
F003148,C0156,2026-02-12,2026-03-14,479240.0,2026-03-14
F003149,C0156,2026-03-24,2026-04-23,1240384.0,2026-04-27
F003150,C0156,2026-03-05,2026-04-04,1523551.0,2026-04-04
F003151,C0156,2026-05-11,2026-06-10,1192179.0,
F003152,C0156,2026-05-18,2026-06-17,899353.0,2026-06-18
F003153,C0156,2026-06-04,2026-07-04,1511447.0,2026-07-06
F003154,C0156,2026-08-16,2026-09-15,2052798.0,
F003155,C0157,2025-07-28,2025-08-27,793802.0,2025-08-28
F003156,C0157,2025-10-06,2025-11-05,615355.0,2025-11-07
F003157,C0157,2025-10-15,2025-11-14,769283.0,2025-11-14
F003158,C0157,2025-11-15,2025-12-15,467920.0,2025-12-24
F003159,C0157,2025-11-18,2025-12-18,1315300.0,2025-12-19
F003160,C0157,2025-12-03,2026-01-02,1744916.0,2026-01-05
F003161,C0157,2026-01-17,2026-02-16,825961.0,2026-02-19
F003162,C0157,2026-01-13,2026-02-12,1139955.0,2026-02-13
F003163,C0157,2026-02-20,2026-03-22,870264.0,2026-03-26
F003164,C0157,2026-02-06,2026-03-08,1063594.0,2026-03-12
F003165,C0157,2026-04-25,2026-05-25,636086.0,2026-05-27
F003166,C0157,2026-05-11,2026-06-10,800166.0,2026-06-11
F003167,C0157,2026-05-01,2026-05-31,700096.0,2026-06-01
F003168,C0157,2026-06-26,2026-07-26,823160.0,
F003169,C0157,2026-06-04,2026-07-04,932648.0,2026-07-05
F003170,C0157,2026-08-04,2026-09-03,943934.0,
F003171,C0158,2025-08-26,2025-09-25,1240998.0,2025-09-27
F003172,C0158,2025-08-15,2025-09-14,798284.0,2025-09-14
F003173,C0158,2025-09-08,2025-10-08,1406334.0,2025-10-08
F003174,C0158,2025-11-09,2025-12-09,2280731.0,2025-12-09
F003175,C0158,2025-12-17,2026-01-16,630256.0,2026-01-17
F003176,C0158,2025-12-19,2026-01-18,664079.0,2026-01-18
F003177,C0158,2025-12-03,2026-01-02,839564.0,
F003178,C0158,2026-01-23,2026-02-22,673717.0,2026-02-22
F003179,C0158,2026-02-28,2026-03-30,643186.0,2026-03-30
F003180,C0158,2026-02-27,2026-03-29,1278846.0,2026-03-29
F003181,C0158,2026-04-16,2026-05-16,527999.0,2026-05-16
F003182,C0158,2026-05-09,2026-06-08,1374623.0,2026-06-08
F003183,C0158,2026-05-19,2026-06-18,1211905.0,2026-06-19
F003184,C0158,2026-05-23,2026-06-22,1086837.0,2026-06-23
F003185,C0158,2026-06-11,2026-07-11,1128991.0,2026-07-11
F003186,C0158,2026-06-09,2026-07-09,888407.0,2026-07-09
F003187,C0158,2026-06-21,2026-07-21,718465.0,2026-07-21
F003188,C0158,2026-08-05,2026-09-04,602875.0,
F003189,C0158,2026-08-04,2026-09-03,1343277.0,
F003190,C0159,2025-07-24,2025-08-23,2180623.0,2025-08-24
F003191,C0159,2025-08-24,2025-09-23,2485253.0,
F003192,C0159,2025-08-10,2025-09-09,2557649.0,2025-09-12
F003193,C0159,2025-09-24,2025-10-24,2449426.0,2025-10-29
F003194,C0159,2025-09-19,2025-10-19,2052165.0,2025-10-20
F003195,C0159,2025-10-10,2025-11-09,1711973.0,2025-11-13
F003196,C0159,2025-11-23,2025-12-23,1653062.0,2025-12-28
F003197,C0159,2025-12-16,2026-01-15,2452746.0,2026-01-17
F003198,C0159,2025-12-22,2026-01-21,2422865.0,2026-01-27
F003199,C0159,2026-01-22,2026-02-21,1716601.0,2026-02-28
F003200,C0159,2026-01-17,2026-02-16,1599275.0,2026-02-16
F003201,C0159,2026-03-07,2026-04-06,1940303.0,
F003202,C0159,2026-03-02,2026-04-01,1803606.0,2026-04-02
F003203,C0159,2026-04-02,2026-05-02,2685630.0,2026-05-02
F003204,C0159,2026-04-16,2026-05-16,2167973.0,2026-05-17
F003205,C0159,2026-05-18,2026-06-17,2585500.0,
F003206,C0159,2026-07-14,2026-08-13,2217324.0,2026-08-17
F003207,C0159,2026-08-10,2026-09-09,1432888.0,
F003208,C0159,2026-08-16,2026-09-15,3236464.0,
F003209,C0160,2025-07-27,2025-08-26,986400.0,2025-08-26
F003210,C0160,2025-07-14,2025-08-13,888343.0,2025-08-13
F003211,C0160,2025-07-05,2025-08-04,1016087.0,2025-08-04
F003212,C0160,2025-08-06,2025-09-05,599985.0,2025-09-05
F003213,C0160,2025-09-04,2025-10-04,1219985.0,2025-10-04
F003214,C0160,2025-09-04,2025-10-04,473712.0,2025-10-06
F003215,C0160,2025-10-10,2025-11-09,1110926.0,2025-11-09
F003216,C0160,2025-10-04,2025-11-03,1054359.0,2025-11-03
F003217,C0160,2025-11-08,2025-12-08,905368.0,2025-12-08
F003218,C0160,2025-12-19,2026-01-18,617570.0,2026-01-19
F003219,C0160,2026-01-16,2026-02-15,853145.0,2026-02-16
F003220,C0160,2026-01-11,2026-02-10,1287717.0,2026-02-10
F003221,C0160,2026-02-15,2026-03-17,332231.0,2026-03-17
F003222,C0160,2026-02-05,2026-03-07,607129.0,2026-03-07
F003223,C0160,2026-03-25,2026-04-24,807578.0,2026-04-24
F003224,C0160,2026-03-09,2026-04-08,1325203.0,2026-04-08
F003225,C0160,2026-03-22,2026-04-21,591973.0,2026-04-22
F003226,C0160,2026-04-22,2026-05-22,592019.0,2026-05-22
F003227,C0160,2026-04-28,2026-05-28,1028264.0,2026-05-28
F003228,C0160,2026-05-09,2026-06-08,745555.0,2026-06-08
F003229,C0160,2026-05-11,2026-06-10,837812.0,2026-06-11
F003230,C0160,2026-05-20,2026-06-19,713051.0,2026-06-19
F003231,C0160,2026-06-26,2026-07-26,469944.0,2026-07-26
F003232,C0160,2026-06-08,2026-07-08,782739.0,2026-07-09
F003233,C0160,2026-07-28,2026-08-27,360308.0,2026-08-27
F003234,C0160,2026-08-28,2026-09-27,361167.0,
F003235,C0160,2026-08-23,2026-09-22,671331.0,
F003236,C0160,2026-08-01,2026-08-31,825784.0,2026-08-31
F003237,C0161,2025-07-16,2025-08-15,1910470.0,2025-08-16
F003238,C0161,2025-07-11,2025-08-10,1566032.0,2025-08-10
F003239,C0161,2025-08-18,2025-09-17,1527248.0,
F003240,C0161,2025-08-14,2025-09-13,1160202.0,2025-09-16
F003241,C0161,2025-08-26,2025-09-25,2813908.0,2025-09-25
F003242,C0161,2025-09-13,2025-10-13,996024.0,2025-10-13
F003243,C0161,2025-10-19,2025-11-18,3144198.0,2025-11-19
F003244,C0161,2025-10-09,2025-11-08,929511.0,
F003245,C0161,2025-10-22,2025-11-21,1367463.0,2025-11-23
F003246,C0161,2025-11-05,2025-12-05,1340337.0,2025-12-07
F003247,C0161,2025-11-11,2025-12-11,430376.0,
F003248,C0161,2025-12-17,2026-01-16,673611.0,2026-01-17
F003249,C0161,2025-12-11,2026-01-10,1059503.0,2026-01-10
F003250,C0161,2026-01-07,2026-02-06,1627681.0,2026-02-10
F003251,C0161,2026-02-18,2026-03-20,741385.0,2026-03-24
F003252,C0161,2026-03-24,2026-04-23,1294896.0,2026-04-24
F003253,C0161,2026-04-10,2026-05-10,1067637.0,2026-05-16
F003254,C0161,2026-04-16,2026-05-16,2004734.0,2026-05-17
F003255,C0161,2026-04-25,2026-05-25,908823.0,2026-05-31
F003256,C0161,2026-05-06,2026-06-05,1016206.0,2026-06-06
F003257,C0161,2026-06-23,2026-07-23,1862749.0,2026-07-24
F003258,C0161,2026-06-13,2026-07-13,1084455.0,2026-07-15
F003259,C0161,2026-08-17,2026-09-16,1628496.0,
F003260,C0161,2026-08-23,2026-09-22,704700.0,
F003261,C0162,2025-08-17,2025-09-16,1829731.0,2025-09-17
F003262,C0162,2025-08-01,2025-08-31,1961291.0,2025-09-04
F003263,C0162,2025-09-12,2025-10-12,972298.0,2025-10-17
F003264,C0162,2025-09-21,2025-10-21,1789983.0,
F003265,C0162,2025-10-18,2025-11-17,3229297.0,2025-11-29
F003266,C0162,2025-10-15,2025-11-14,1893123.0,2025-11-20
F003267,C0162,2025-10-26,2025-11-25,3342711.0,2025-12-02
F003268,C0162,2025-12-21,2026-01-20,1312488.0,2026-01-23
F003269,C0162,2026-01-19,2026-02-18,2724956.0,2026-02-23
F003270,C0162,2026-01-05,2026-02-04,2057228.0,2026-02-06
F003271,C0162,2026-01-06,2026-02-05,811642.0,2026-02-05
F003272,C0162,2026-02-07,2026-03-09,862642.0,2026-03-16
F003273,C0162,2026-03-19,2026-04-18,1608885.0,2026-04-22
F003274,C0162,2026-04-11,2026-05-11,1039730.0,2026-05-20
F003275,C0162,2026-05-06,2026-06-05,844294.0,2026-06-10
F003276,C0162,2026-05-26,2026-06-25,1431080.0,2026-06-29
F003277,C0162,2026-06-03,2026-07-03,1977777.0,2026-07-08
F003278,C0162,2026-07-28,2026-08-27,1517781.0,2026-08-29
F003279,C0162,2026-07-21,2026-08-20,1939997.0,2026-08-21
F003280,C0162,2026-08-09,2026-09-08,986401.0,
F003281,C0162,2026-08-18,2026-09-17,1799231.0,
F003282,C0163,2025-08-17,2025-09-16,761000.0,2025-09-19
F003283,C0163,2025-08-02,2025-09-01,627217.0,2025-09-06
F003284,C0163,2025-08-03,2025-09-02,885236.0,2025-09-04
F003285,C0163,2025-09-11,2025-10-11,679643.0,2025-10-11
F003286,C0163,2025-11-15,2025-12-15,539264.0,2025-12-15
F003287,C0163,2025-11-24,2025-12-24,1031777.0,2026-01-07
F003288,C0163,2025-11-27,2025-12-27,1386663.0,2026-01-01
F003289,C0163,2025-12-02,2026-01-01,784826.0,2026-01-01
F003290,C0163,2025-12-06,2026-01-05,628983.0,2026-01-14
F003291,C0163,2026-01-25,2026-02-24,493547.0,2026-02-24
F003292,C0163,2026-01-18,2026-02-17,1142437.0,2026-02-23
F003293,C0163,2026-02-05,2026-03-07,836535.0,
F003294,C0163,2026-02-04,2026-03-06,671605.0,2026-03-06
F003295,C0163,2026-03-18,2026-04-17,553426.0,2026-04-17
F003296,C0163,2026-03-28,2026-04-27,584468.0,2026-05-02
F003297,C0163,2026-04-12,2026-05-12,981894.0,2026-05-15
F003298,C0163,2026-04-09,2026-05-09,1785762.0,2026-05-11
F003299,C0163,2026-08-28,2026-09-27,939194.0,
F003300,C0164,2025-08-15,2025-09-14,1152780.0,2025-09-14
F003301,C0164,2025-10-24,2025-11-23,404355.0,2025-11-23
F003302,C0164,2025-10-12,2025-11-11,692165.0,2025-11-11
F003303,C0164,2025-10-08,2025-11-07,827301.0,2025-11-07
F003304,C0164,2025-11-04,2025-12-04,742725.0,
F003305,C0164,2025-12-02,2026-01-01,744517.0,2026-01-02
F003306,C0164,2025-12-21,2026-01-20,766995.0,2026-01-21
F003307,C0164,2025-12-04,2026-01-03,841781.0,2026-01-03
F003308,C0164,2026-01-05,2026-02-04,1569612.0,2026-02-04
F003309,C0164,2026-01-06,2026-02-05,1418372.0,2026-02-05
F003310,C0164,2026-01-01,2026-01-31,1668382.0,2026-01-31
F003311,C0164,2026-02-05,2026-03-07,1146794.0,2026-03-07
F003312,C0164,2026-02-26,2026-03-28,1161512.0,2026-03-31
F003313,C0164,2026-05-06,2026-06-05,1079633.0,2026-06-05
F003314,C0164,2026-06-26,2026-07-26,799829.0,2026-07-26
F003315,C0164,2026-06-13,2026-07-13,873589.0,2026-07-13
F003316,C0164,2026-07-22,2026-08-21,2199919.0,2026-08-22
F003317,C0164,2026-07-27,2026-08-26,1010759.0,2026-08-28
F003318,C0164,2026-08-26,2026-09-25,797804.0,
F003319,C0164,2026-08-13,2026-09-12,852933.0,
F003320,C0164,2026-08-23,2026-09-22,1348003.0,
F003321,C0165,2025-09-07,2025-10-07,3631139.0,
F003322,C0165,2025-09-18,2025-10-18,3188577.0,2025-10-18
F003323,C0165,2025-11-13,2025-12-13,4643773.0,2025-12-14
F003324,C0165,2025-11-21,2025-12-21,7349566.0,2025-12-21
F003325,C0165,2025-12-09,2026-01-08,6622190.0,2026-01-08
F003326,C0165,2026-01-24,2026-02-23,4694793.0,2026-02-25
F003327,C0165,2026-01-01,2026-01-31,3891345.0,2026-01-31
F003328,C0165,2026-03-18,2026-04-17,6531212.0,2026-04-17
F003329,C0165,2026-03-20,2026-04-19,5568410.0,2026-04-20
F003330,C0165,2026-03-28,2026-04-27,4578296.0,2026-04-29
F003331,C0165,2026-05-26,2026-06-25,3501070.0,2026-06-26
F003332,C0165,2026-06-07,2026-07-07,5197277.0,2026-07-08
F003333,C0165,2026-08-13,2026-09-12,4076307.0,
F003334,C0165,2026-08-08,2026-09-07,5071629.0,
F003335,C0165,2026-08-04,2026-09-03,3222069.0,
F003336,C0166,2025-12-10,2026-01-09,2995395.0,2026-01-11
F003337,C0166,2025-12-26,2026-01-25,4645573.0,2026-01-27
F003338,C0166,2025-12-08,2026-01-07,8209454.0,2026-01-10
F003339,C0166,2026-04-02,2026-05-02,2869035.0,2026-05-04
F003340,C0166,2026-04-07,2026-05-07,2782180.0,2026-05-10
F003341,C0166,2026-04-18,2026-05-18,3282351.0,2026-05-19
F003342,C0166,2026-05-02,2026-06-01,4580249.0,2026-06-01
F003343,C0166,2026-06-25,2026-07-25,2424443.0,2026-07-29
F003344,C0167,2025-09-25,2025-10-25,733186.0,2025-10-25
F003345,C0167,2025-10-13,2025-11-12,815155.0,2025-11-12
F003346,C0167,2025-10-16,2025-11-15,1273527.0,2025-11-15
F003347,C0167,2025-10-03,2025-11-02,578813.0,2025-11-02
F003348,C0167,2025-11-05,2025-12-05,722835.0,2025-12-05
F003349,C0167,2025-12-14,2026-01-13,826188.0,2026-01-13
F003350,C0167,2025-12-26,2026-01-25,1056988.0,2026-01-26
F003351,C0167,2026-01-11,2026-02-10,611822.0,2026-02-10
F003352,C0167,2026-01-03,2026-02-02,424284.0,2026-02-02
F003353,C0167,2026-03-12,2026-04-11,305268.0,2026-04-12
F003354,C0167,2026-03-13,2026-04-12,554948.0,2026-04-12
F003355,C0167,2026-03-27,2026-04-26,435082.0,2026-04-26
F003356,C0167,2026-04-24,2026-05-24,709667.0,2026-05-24
F003357,C0167,2026-04-08,2026-05-08,749197.0,2026-05-08
F003358,C0167,2026-04-24,2026-05-24,776216.0,2026-05-24
F003359,C0167,2026-05-06,2026-06-05,855226.0,2026-06-05
F003360,C0167,2026-05-13,2026-06-12,470864.0,2026-06-12
F003361,C0167,2026-06-04,2026-07-04,226433.0,2026-07-04
F003362,C0167,2026-08-12,2026-09-11,700900.0,
F003363,C0167,2026-08-27,2026-09-26,500445.0,
F003364,C0167,2026-08-05,2026-09-04,536599.0,
F003365,C0168,2025-07-15,2025-08-14,954601.0,2025-08-14
F003366,C0168,2025-07-06,2025-08-05,1147077.0,2025-08-05
F003367,C0168,2025-07-14,2025-08-13,840881.0,2025-08-13
F003368,C0168,2025-09-24,2025-10-24,1212978.0,2025-10-24
F003369,C0168,2025-09-10,2025-10-10,903497.0,2025-10-10
F003370,C0168,2025-09-22,2025-10-22,2020171.0,2025-10-22
F003371,C0168,2025-10-07,2025-11-06,1478931.0,2025-11-06
F003372,C0168,2025-11-28,2025-12-28,1801817.0,2025-12-28
F003373,C0168,2025-11-07,2025-12-07,814004.0,2025-12-07
F003374,C0168,2025-11-25,2025-12-25,1143294.0,2025-12-25
F003375,C0168,2026-02-22,2026-03-24,2654551.0,2026-03-24
F003376,C0168,2026-02-26,2026-03-28,1961625.0,2026-03-28
F003377,C0168,2026-02-26,2026-03-28,855210.0,2026-03-28
F003378,C0168,2026-04-02,2026-05-02,1574683.0,2026-05-02
F003379,C0168,2026-04-26,2026-05-26,1361437.0,2026-05-26
F003380,C0168,2026-04-10,2026-05-10,1274345.0,2026-05-10
F003381,C0168,2026-05-12,2026-06-11,819106.0,2026-06-11
F003382,C0168,2026-05-05,2026-06-04,1075921.0,2026-06-04
F003383,C0168,2026-05-09,2026-06-08,1073408.0,2026-06-08
F003384,C0168,2026-08-03,2026-09-02,1561329.0,
F003385,C0169,2025-10-19,2025-11-18,3420001.0,2025-11-18
F003386,C0169,2025-11-05,2025-12-05,1172905.0,2025-12-07
F003387,C0169,2025-12-08,2026-01-07,1265023.0,2026-01-12
F003388,C0169,2025-12-10,2026-01-09,1692107.0,2026-01-13
F003389,C0169,2026-01-07,2026-02-06,2954057.0,2026-02-06
F003390,C0169,2026-01-17,2026-02-16,1188911.0,2026-02-18
F003391,C0169,2026-02-28,2026-03-30,1469304.0,2026-04-01
F003392,C0169,2026-02-02,2026-03-04,2553313.0,2026-03-05
F003393,C0169,2026-02-04,2026-03-06,1574842.0,
F003394,C0169,2026-03-02,2026-04-01,1980066.0,2026-04-02
F003395,C0169,2026-03-09,2026-04-08,1569791.0,2026-04-08
F003396,C0169,2026-05-26,2026-06-25,1078644.0,
F003397,C0169,2026-05-11,2026-06-10,1461432.0,2026-06-15
F003398,C0169,2026-06-07,2026-07-07,2011194.0,2026-07-09
F003399,C0169,2026-07-06,2026-08-05,1431761.0,2026-08-06
F003400,C0169,2026-07-06,2026-08-05,1618839.0,2026-08-06
F003401,C0169,2026-07-23,2026-08-22,1626198.0,2026-08-24
F003402,C0169,2026-08-03,2026-09-02,1364628.0,
F003403,C0169,2026-08-10,2026-09-09,1469017.0,
F003404,C0169,2026-08-19,2026-09-18,1999424.0,
F003405,C0170,2025-07-20,2025-08-19,1371132.0,2025-08-19
F003406,C0170,2025-07-11,2025-08-10,1770564.0,2025-08-10
F003407,C0170,2025-08-08,2025-09-07,934762.0,2025-09-07
F003408,C0170,2025-08-27,2025-09-26,805772.0,2025-09-26
F003409,C0170,2025-09-28,2025-10-28,999359.0,2025-10-29
F003410,C0170,2025-09-26,2025-10-26,1837862.0,2025-10-29
F003411,C0170,2025-09-02,2025-10-02,1114481.0,2025-10-02
F003412,C0170,2025-10-18,2025-11-17,1413711.0,2025-11-17
F003413,C0170,2025-10-22,2025-11-21,1282896.0,2025-11-22
F003414,C0170,2025-11-20,2025-12-20,1858499.0,2025-12-20
F003415,C0170,2025-12-06,2026-01-05,1925144.0,2026-01-06
F003416,C0170,2026-01-08,2026-02-07,1420377.0,2026-02-07
F003417,C0170,2026-01-19,2026-02-18,1748765.0,2026-02-18
F003418,C0170,2026-01-15,2026-02-14,1946866.0,2026-02-14
F003419,C0170,2026-02-26,2026-03-28,2033510.0,2026-03-28
F003420,C0170,2026-03-14,2026-04-13,1727012.0,2026-04-14
F003421,C0170,2026-03-23,2026-04-22,1543123.0,2026-04-23
F003422,C0170,2026-03-21,2026-04-20,1696191.0,2026-04-20
F003423,C0170,2026-04-24,2026-05-24,3231823.0,2026-05-24
F003424,C0170,2026-06-01,2026-07-01,1300925.0,2026-07-02
F003425,C0170,2026-06-07,2026-07-07,1578970.0,2026-07-07
F003426,C0170,2026-06-11,2026-07-11,1621777.0,2026-07-11
F003427,C0170,2026-07-05,2026-08-04,1677314.0,2026-08-04
F003428,C0170,2026-07-25,2026-08-24,2199685.0,2026-08-25
F003429,C0170,2026-08-06,2026-09-05,2686580.0,
F003430,C0170,2026-08-08,2026-09-07,2407319.0,
F003431,C0170,2026-08-17,2026-09-16,1976217.0,
F003432,C0171,2025-07-22,2025-08-21,1510193.0,2025-08-21
F003433,C0171,2025-07-16,2025-08-15,2351086.0,2025-08-16
F003434,C0171,2025-07-11,2025-08-10,1498826.0,2025-08-10
F003435,C0171,2025-09-20,2025-10-20,900917.0,2025-10-20
F003436,C0171,2025-09-03,2025-10-03,1146240.0,2025-10-03
F003437,C0171,2025-12-27,2026-01-26,1815351.0,2026-01-26
F003438,C0171,2025-12-07,2026-01-06,1948643.0,2026-01-06
F003439,C0171,2025-12-28,2026-01-27,2952129.0,2026-01-29
F003440,C0171,2026-03-07,2026-04-06,1474882.0,2026-04-08
F003441,C0171,2026-03-23,2026-04-22,2124632.0,2026-04-22
F003442,C0171,2026-03-16,2026-04-15,1756405.0,2026-04-15
F003443,C0171,2026-04-25,2026-05-25,1077845.0,2026-05-26
F003444,C0171,2026-04-08,2026-05-08,646680.0,2026-05-08
F003445,C0171,2026-04-15,2026-05-15,1689745.0,2026-05-15
F003446,C0171,2026-08-11,2026-09-10,1149503.0,
F003447,C0171,2026-08-21,2026-09-20,1561508.0,
F003448,C0172,2025-09-23,2025-10-23,1643078.0,2025-10-27
F003449,C0172,2025-09-12,2025-10-12,968266.0,2025-10-15
F003450,C0172,2025-09-19,2025-10-19,988406.0,
F003451,C0172,2025-10-13,2025-11-12,995240.0,2025-11-12
F003452,C0172,2025-10-07,2025-11-06,2171612.0,2025-11-06
F003453,C0172,2025-10-03,2025-11-02,899972.0,
F003454,C0172,2025-11-19,2025-12-19,1767256.0,2025-12-21
F003455,C0172,2025-12-10,2026-01-09,989928.0,2026-01-14
F003456,C0172,2025-12-26,2026-01-25,1894432.0,2026-01-30
F003457,C0172,2025-12-14,2026-01-13,1624122.0,2026-01-17
F003458,C0172,2026-01-28,2026-02-27,1435657.0,2026-02-28
F003459,C0172,2026-01-20,2026-02-19,1916776.0,2026-02-22
F003460,C0172,2026-01-20,2026-02-19,1866666.0,2026-02-20
F003461,C0172,2026-03-11,2026-04-10,1030056.0,2026-04-12
F003462,C0172,2026-04-26,2026-05-26,1335101.0,2026-05-26
F003463,C0172,2026-07-03,2026-08-02,3250800.0,
F003464,C0172,2026-08-24,2026-09-23,1336691.0,
F003465,C0172,2026-08-18,2026-09-17,1074069.0,
F003466,C0172,2026-08-17,2026-09-16,1222121.0,
F003467,C0173,2025-07-25,2025-08-24,1615596.0,2025-08-24
F003468,C0173,2025-08-10,2025-09-09,1130623.0,2025-09-10
F003469,C0173,2025-08-21,2025-09-20,1873839.0,2025-09-20
F003470,C0173,2025-08-25,2025-09-24,1901620.0,2025-09-24
F003471,C0173,2025-09-10,2025-10-10,2050045.0,2025-10-10
F003472,C0173,2025-09-27,2025-10-27,1946578.0,2025-10-27
F003473,C0173,2025-10-06,2025-11-05,1182957.0,2025-11-05
F003474,C0173,2025-10-25,2025-11-24,1153654.0,2025-11-24
F003475,C0173,2025-11-24,2025-12-24,1414393.0,2025-12-24
F003476,C0173,2026-01-13,2026-02-12,2059284.0,2026-02-12
F003477,C0173,2026-01-22,2026-02-21,1542197.0,2026-02-21
F003478,C0173,2026-01-12,2026-02-11,1631851.0,2026-02-11
F003479,C0173,2026-04-17,2026-05-17,2175845.0,2026-05-17
F003480,C0173,2026-04-19,2026-05-19,1153652.0,2026-05-19
F003481,C0173,2026-06-06,2026-07-06,2300213.0,2026-07-06
F003482,C0173,2026-06-19,2026-07-19,2066077.0,2026-07-20
F003483,C0173,2026-06-15,2026-07-15,1238015.0,2026-07-15
F003484,C0173,2026-07-07,2026-08-06,1599257.0,2026-08-06
F003485,C0173,2026-07-05,2026-08-04,662041.0,2026-08-06
F003486,C0173,2026-07-27,2026-08-26,1076756.0,2026-08-26
F003487,C0173,2026-08-25,2026-09-24,1695598.0,
F003488,C0173,2026-08-06,2026-09-05,2160473.0,
F003489,C0174,2025-08-06,2025-09-05,2799771.0,2025-09-06
F003490,C0174,2025-08-14,2025-09-13,2675738.0,2025-09-13
F003491,C0174,2025-09-09,2025-10-09,3380604.0,2025-10-10
F003492,C0174,2025-09-04,2025-10-04,3204042.0,2025-10-04
F003493,C0174,2025-09-27,2025-10-27,4615066.0,2025-10-27
F003494,C0174,2025-10-07,2025-11-06,3533961.0,2025-11-07
F003495,C0174,2025-10-15,2025-11-14,3609745.0,2025-11-14
F003496,C0174,2025-10-25,2025-11-24,3228543.0,2025-11-25
F003497,C0174,2025-11-08,2025-12-08,1665516.0,2025-12-09
F003498,C0174,2025-11-09,2025-12-09,2570006.0,2025-12-09
F003499,C0174,2025-12-20,2026-01-19,2147834.0,2026-01-19
F003500,C0174,2026-01-18,2026-02-17,4141944.0,2026-02-18
F003501,C0174,2026-02-15,2026-03-17,2494592.0,2026-03-17
F003502,C0174,2026-02-19,2026-03-21,1972603.0,2026-03-21
F003503,C0174,2026-02-28,2026-03-30,2990761.0,2026-03-30
F003504,C0174,2026-03-23,2026-04-22,2262557.0,2026-04-22
F003505,C0174,2026-03-25,2026-04-24,3234535.0,2026-04-24
F003506,C0174,2026-03-22,2026-04-21,2476120.0,
F003507,C0174,2026-04-06,2026-05-06,2143122.0,2026-05-06
F003508,C0174,2026-04-08,2026-05-08,1917812.0,2026-05-09
F003509,C0174,2026-04-19,2026-05-19,2334924.0,2026-05-19
F003510,C0174,2026-05-23,2026-06-22,1911705.0,2026-06-22
F003511,C0174,2026-05-27,2026-06-26,2113528.0,2026-06-26
F003512,C0174,2026-06-10,2026-07-10,1935077.0,2026-07-10
F003513,C0174,2026-06-22,2026-07-22,2754511.0,2026-07-22
F003514,C0174,2026-08-10,2026-09-09,1252270.0,
F003515,C0175,2025-07-15,2025-08-14,3632277.0,2025-08-15
F003516,C0175,2025-07-19,2025-08-18,3546616.0,2025-08-18
F003517,C0175,2025-08-14,2025-09-13,3704266.0,2025-09-14
F003518,C0175,2025-08-03,2025-09-02,3014799.0,2025-09-02
F003519,C0175,2025-08-01,2025-08-31,1365538.0,2025-08-31
F003520,C0175,2025-10-24,2025-11-23,2184307.0,2025-11-23
F003521,C0175,2025-10-04,2025-11-03,3130882.0,2025-11-04
F003522,C0175,2025-10-20,2025-11-19,2475680.0,2025-11-19
F003523,C0175,2025-12-02,2026-01-01,4929420.0,2026-01-01
F003524,C0175,2025-12-25,2026-01-24,1838930.0,2026-01-24
F003525,C0175,2025-12-26,2026-01-25,3358564.0,2026-01-25
F003526,C0175,2026-01-15,2026-02-14,2347860.0,2026-02-14
F003527,C0175,2026-01-17,2026-02-16,1960045.0,2026-02-17
F003528,C0175,2026-02-11,2026-03-13,3537032.0,2026-03-13
F003529,C0175,2026-03-18,2026-04-17,3383463.0,2026-04-17
F003530,C0175,2026-03-05,2026-04-04,3624534.0,2026-04-04
F003531,C0175,2026-03-16,2026-04-15,897295.0,2026-04-17
F003532,C0175,2026-04-27,2026-05-27,6145957.0,
F003533,C0175,2026-05-15,2026-06-14,2191458.0,2026-06-14
F003534,C0175,2026-05-28,2026-06-27,1911416.0,2026-06-28
F003535,C0175,2026-05-28,2026-06-27,2575075.0,2026-06-27
F003536,C0175,2026-06-01,2026-07-01,4697007.0,2026-07-01
F003537,C0175,2026-06-07,2026-07-07,1684708.0,2026-07-07
F003538,C0175,2026-06-14,2026-07-14,2663180.0,2026-07-14
F003539,C0175,2026-08-03,2026-09-02,1454785.0,
F003540,C0175,2026-08-25,2026-09-24,2762567.0,
F003541,C0176,2025-07-13,2025-08-12,4983772.0,2025-08-12
F003542,C0176,2025-08-11,2025-09-10,9514539.0,2025-09-15
F003543,C0176,2025-08-25,2025-09-24,6090983.0,2025-09-28
F003544,C0176,2025-09-23,2025-10-23,4733704.0,2025-10-23
F003545,C0176,2025-10-17,2025-11-16,15255718.0,2025-11-17
F003546,C0176,2025-10-25,2025-11-24,7387795.0,
F003547,C0176,2025-10-24,2025-11-23,5283563.0,2025-11-23
F003548,C0176,2025-11-15,2025-12-15,7182504.0,2025-12-17
F003549,C0176,2025-11-07,2025-12-07,5196427.0,2025-12-09
F003550,C0176,2026-01-25,2026-02-24,7703347.0,2026-02-24
F003551,C0176,2026-01-10,2026-02-09,9032690.0,
F003552,C0176,2026-01-21,2026-02-20,6189832.0,2026-02-22
F003553,C0176,2026-02-08,2026-03-10,6033516.0,2026-03-11
F003554,C0176,2026-02-19,2026-03-21,4808716.0,2026-03-23
F003555,C0176,2026-03-24,2026-04-23,4881068.0,2026-04-24
F003556,C0176,2026-04-26,2026-05-26,5132893.0,2026-05-27
F003557,C0176,2026-04-05,2026-05-05,5705917.0,2026-05-08
F003558,C0176,2026-05-23,2026-06-22,5293425.0,2026-06-22
F003559,C0176,2026-06-19,2026-07-19,7999271.0,2026-07-19
F003560,C0176,2026-06-18,2026-07-18,8895513.0,2026-07-21
F003561,C0176,2026-07-20,2026-08-19,5035171.0,2026-08-20
F003562,C0176,2026-08-10,2026-09-09,7552312.0,
F003563,C0176,2026-08-02,2026-09-01,10163134.0,
F003564,C0176,2026-08-23,2026-09-22,4958244.0,
F003565,C0177,2025-08-19,2025-09-18,775152.0,2025-09-24
F003566,C0177,2025-11-19,2025-12-19,1800046.0,
F003567,C0177,2025-11-04,2025-12-04,1738710.0,2025-12-08
F003568,C0177,2025-12-10,2026-01-09,962997.0,
F003569,C0177,2025-12-06,2026-01-05,998581.0,2026-01-08
F003570,C0177,2025-12-21,2026-01-20,670647.0,2026-01-20
F003571,C0177,2026-02-03,2026-03-05,651454.0,2026-03-06
F003572,C0177,2026-03-19,2026-04-18,1245223.0,2026-04-21
F003573,C0177,2026-03-14,2026-04-13,1217802.0,2026-04-15
F003574,C0177,2026-03-18,2026-04-17,994399.0,2026-04-17
F003575,C0177,2026-04-03,2026-05-03,1585587.0,
F003576,C0177,2026-05-08,2026-06-07,1210461.0,2026-06-07
F003577,C0177,2026-05-11,2026-06-10,867880.0,
F003578,C0177,2026-06-04,2026-07-04,987464.0,2026-07-08
F003579,C0177,2026-06-22,2026-07-22,1412275.0,2026-07-22
F003580,C0177,2026-06-15,2026-07-15,1427649.0,
F003581,C0177,2026-07-19,2026-08-18,1783916.0,2026-08-21
F003582,C0177,2026-07-18,2026-08-17,1602151.0,2026-08-24
F003583,C0177,2026-07-18,2026-08-17,1366504.0,2026-08-20
F003584,C0177,2026-08-26,2026-09-25,910618.0,
F003585,C0177,2026-08-16,2026-09-15,1049075.0,
F003586,C0178,2025-10-19,2025-11-18,385789.0,2025-11-18
F003587,C0178,2025-10-05,2025-11-04,443081.0,2025-11-04
F003588,C0178,2025-11-04,2025-12-04,374700.0,2025-12-04
F003589,C0178,2025-11-02,2025-12-02,545009.0,2025-12-02
F003590,C0178,2025-11-10,2025-12-10,422730.0,2025-12-10
F003591,C0178,2025-12-19,2026-01-18,231057.0,2026-01-18
F003592,C0178,2026-02-01,2026-03-03,429704.0,2026-03-04
F003593,C0178,2026-02-13,2026-03-15,456873.0,2026-03-15
F003594,C0178,2026-03-13,2026-04-12,841840.0,2026-04-12
F003595,C0178,2026-03-11,2026-04-10,984654.0,2026-04-10
F003596,C0178,2026-04-01,2026-05-01,693228.0,2026-05-01
F003597,C0178,2026-04-20,2026-05-20,620260.0,2026-05-20
F003598,C0178,2026-04-21,2026-05-21,651689.0,2026-05-21
F003599,C0178,2026-06-08,2026-07-08,485309.0,2026-07-09
F003600,C0178,2026-06-21,2026-07-21,604132.0,2026-07-22
F003601,C0178,2026-07-03,2026-08-02,533771.0,2026-08-02
F003602,C0178,2026-07-16,2026-08-15,276272.0,2026-08-15
F003603,C0178,2026-08-07,2026-09-06,281372.0,
F003604,C0178,2026-08-23,2026-09-22,421218.0,
F003605,C0178,2026-08-01,2026-08-31,317800.0,2026-08-31
F003606,C0179,2025-07-16,2025-08-15,4752880.0,2025-08-17
F003607,C0179,2025-07-01,2025-07-31,2082333.0,
F003608,C0179,2025-08-04,2025-09-03,2354182.0,2025-09-05
F003609,C0179,2025-08-08,2025-09-07,3280474.0,2025-09-09
F003610,C0179,2025-09-28,2025-10-28,2408198.0,2025-10-29
F003611,C0179,2025-09-22,2025-10-22,2176500.0,2025-10-22
F003612,C0179,2025-09-15,2025-10-15,2866667.0,2025-10-15
F003613,C0179,2025-10-21,2025-11-20,1905411.0,2025-11-23
F003614,C0179,2025-10-26,2025-11-25,2152899.0,2025-11-25
F003615,C0179,2025-11-15,2025-12-15,1848005.0,2025-12-19
F003616,C0179,2025-12-23,2026-01-22,3442269.0,2026-01-24
F003617,C0179,2025-12-26,2026-01-25,3115791.0,2026-01-25
F003618,C0179,2026-02-26,2026-03-28,3833975.0,
F003619,C0179,2026-02-28,2026-03-30,1745788.0,2026-03-31
F003620,C0179,2026-03-15,2026-04-14,5042722.0,2026-04-14
F003621,C0179,2026-03-28,2026-04-27,4273046.0,2026-04-29
F003622,C0179,2026-03-20,2026-04-19,4684261.0,2026-04-19
F003623,C0179,2026-04-21,2026-05-21,2646085.0,2026-05-21
F003624,C0179,2026-05-21,2026-06-20,1980565.0,2026-06-22
F003625,C0179,2026-05-08,2026-06-07,2226845.0,2026-06-08
F003626,C0179,2026-05-20,2026-06-19,1234651.0,2026-06-19
F003627,C0179,2026-06-08,2026-07-08,2400631.0,
F003628,C0179,2026-06-03,2026-07-03,3624761.0,2026-07-03
F003629,C0179,2026-07-19,2026-08-18,1904154.0,2026-08-18
F003630,C0179,2026-07-15,2026-08-14,1392244.0,
F003631,C0179,2026-07-01,2026-07-31,3133249.0,
F003632,C0179,2026-08-19,2026-09-18,2281946.0,
F003633,C0179,2026-08-22,2026-09-21,2344899.0,
F003634,C0179,2026-08-14,2026-09-13,1018372.0,
F003635,C0180,2025-09-18,2025-10-18,2380729.0,2025-10-20
F003636,C0180,2025-09-07,2025-10-07,1675348.0,2025-10-08
F003637,C0180,2025-09-26,2025-10-26,3584791.0,2025-10-28
F003638,C0180,2025-10-04,2025-11-03,2670905.0,2025-11-04
F003639,C0180,2025-10-17,2025-11-16,1936877.0,2025-11-17
F003640,C0180,2025-11-21,2025-12-21,1974520.0,2025-12-21
F003641,C0180,2026-02-16,2026-03-18,1017632.0,2026-03-23
F003642,C0180,2026-02-28,2026-03-30,1326435.0,2026-03-31
F003643,C0180,2026-03-26,2026-04-25,3777910.0,
F003644,C0180,2026-05-28,2026-06-27,6402240.0,2026-06-29
F003645,C0180,2026-05-27,2026-06-26,2447948.0,2026-06-28
F003646,C0180,2026-05-14,2026-06-13,1591079.0,2026-06-14
F003647,C0180,2026-07-08,2026-08-07,1813106.0,2026-08-08
F003648,C0180,2026-07-28,2026-08-27,2076974.0,2026-08-28
F003649,C0181,2025-07-26,2025-08-25,950149.0,2025-08-25
F003650,C0181,2025-07-19,2025-08-18,1051498.0,2025-08-18
F003651,C0181,2025-08-02,2025-09-01,1923002.0,2025-09-01
F003652,C0181,2025-10-22,2025-11-21,2005487.0,2025-11-21
F003653,C0181,2025-11-04,2025-12-04,3185610.0,2025-12-05
F003654,C0181,2025-11-07,2025-12-07,754866.0,2025-12-09
F003655,C0181,2025-12-07,2026-01-06,1165926.0,2026-01-07
F003656,C0181,2026-01-02,2026-02-01,1166863.0,2026-02-01
F003657,C0181,2026-02-07,2026-03-09,1253591.0,2026-03-11
F003658,C0181,2026-02-23,2026-03-25,538953.0,2026-03-27
F003659,C0181,2026-03-27,2026-04-26,895932.0,2026-04-26
F003660,C0181,2026-03-24,2026-04-23,2149365.0,2026-04-24
F003661,C0181,2026-06-17,2026-07-17,1746580.0,2026-07-18
F003662,C0181,2026-06-08,2026-07-08,1410938.0,2026-07-09
F003663,C0181,2026-06-10,2026-07-10,943226.0,2026-07-12
F003664,C0181,2026-07-13,2026-08-12,1617348.0,2026-08-12
F003665,C0182,2025-07-07,2025-08-06,1687131.0,2025-08-10
F003666,C0182,2025-08-24,2025-09-23,2005099.0,2025-09-24
F003667,C0182,2025-11-22,2025-12-22,2526755.0,2025-12-22
F003668,C0182,2025-11-22,2025-12-22,5701512.0,2025-12-22
F003669,C0182,2025-11-02,2025-12-02,3991074.0,2025-12-03
F003670,C0182,2025-12-16,2026-01-15,2967246.0,2026-01-15
F003671,C0182,2025-12-14,2026-01-13,2954797.0,2026-01-14
F003672,C0182,2026-01-22,2026-02-21,1594997.0,2026-02-21
F003673,C0182,2026-01-04,2026-02-03,2977520.0,2026-02-07
F003674,C0182,2026-01-07,2026-02-06,2520107.0,2026-02-07
F003675,C0182,2026-02-11,2026-03-13,2547149.0,2026-03-15
F003676,C0182,2026-02-09,2026-03-11,2509127.0,2026-03-11
F003677,C0182,2026-04-11,2026-05-11,1772005.0,2026-05-11
F003678,C0182,2026-05-03,2026-06-02,1831984.0,2026-06-05
F003679,C0182,2026-07-11,2026-08-10,3452439.0,2026-08-10
F003680,C0182,2026-07-19,2026-08-18,3646565.0,2026-08-21
F003681,C0182,2026-07-10,2026-08-09,2687237.0,2026-08-09
F003682,C0183,2025-10-20,2025-11-19,994567.0,2025-11-19
F003683,C0183,2025-10-10,2025-11-09,939645.0,2025-11-09
F003684,C0183,2025-10-26,2025-11-25,818286.0,2025-11-25
F003685,C0183,2026-02-28,2026-03-30,541256.0,2026-03-30
F003686,C0183,2026-02-12,2026-03-14,700191.0,2026-03-15
F003687,C0184,2025-07-03,2025-08-02,3237853.0,2025-08-02
F003688,C0184,2025-07-17,2025-08-16,2524202.0,2025-08-16
F003689,C0184,2025-08-03,2025-09-02,3074789.0,2025-09-02
F003690,C0184,2025-10-24,2025-11-23,2990921.0,2025-11-23
F003691,C0184,2025-10-13,2025-11-12,3791369.0,2025-11-12
F003692,C0184,2025-11-08,2025-12-08,2317962.0,2025-12-08
F003693,C0184,2025-11-23,2025-12-23,2090200.0,2025-12-23
F003694,C0184,2025-12-04,2026-01-03,3915262.0,2026-01-03
F003695,C0184,2025-12-13,2026-01-12,1679411.0,2026-01-12
F003696,C0184,2025-12-26,2026-01-25,4559356.0,2026-01-25
F003697,C0184,2026-01-16,2026-02-15,2428419.0,2026-02-15
F003698,C0184,2026-01-05,2026-02-04,2007834.0,2026-02-04
F003699,C0184,2026-02-09,2026-03-11,3110988.0,2026-03-11
F003700,C0184,2026-02-13,2026-03-15,3152661.0,2026-03-15
F003701,C0184,2026-04-26,2026-05-26,1983998.0,2026-05-26
F003702,C0184,2026-04-24,2026-05-24,2530170.0,2026-05-24
F003703,C0184,2026-05-05,2026-06-04,3103116.0,2026-06-04
F003704,C0184,2026-05-06,2026-06-05,2545358.0,2026-06-05
F003705,C0184,2026-08-23,2026-09-22,1491145.0,
F003706,C0184,2026-08-02,2026-09-01,3388928.0,
F003707,C0185,2025-07-27,2025-08-26,1392527.0,2025-08-26
F003708,C0185,2025-07-27,2025-08-26,612573.0,
F003709,C0185,2025-07-02,2025-08-01,589571.0,2025-08-01
F003710,C0185,2025-08-03,2025-09-02,625928.0,2025-09-02
F003711,C0185,2025-08-07,2025-09-06,734814.0,2025-09-06
F003712,C0185,2025-08-12,2025-09-11,674054.0,2025-09-11
F003713,C0185,2025-10-14,2025-11-13,1096675.0,2025-11-15
F003714,C0185,2025-10-15,2025-11-14,1156738.0,2025-11-14
F003715,C0185,2025-11-07,2025-12-07,570732.0,2025-12-09
F003716,C0185,2026-01-14,2026-02-13,1130503.0,2026-02-14
F003717,C0185,2026-01-18,2026-02-17,1180602.0,2026-02-17
F003718,C0185,2026-02-16,2026-03-18,794552.0,2026-03-20
F003719,C0185,2026-02-12,2026-03-14,1005670.0,2026-03-15
F003720,C0185,2026-05-20,2026-06-19,1642455.0,2026-06-19
F003721,C0185,2026-06-20,2026-07-20,615468.0,2026-07-20
F003722,C0185,2026-06-26,2026-07-26,620126.0,2026-07-26
F003723,C0185,2026-06-18,2026-07-18,945010.0,2026-07-19
F003724,C0185,2026-07-02,2026-08-01,1339910.0,2026-08-01
F003725,C0185,2026-07-09,2026-08-08,836316.0,2026-08-08
F003726,C0185,2026-07-01,2026-07-31,539415.0,2026-07-31
F003727,C0185,2026-08-18,2026-09-17,1189095.0,
F003728,C0185,2026-08-17,2026-09-16,688728.0,
F003729,C0186,2025-07-25,2025-08-24,2927047.0,2025-08-26
F003730,C0186,2025-08-11,2025-09-10,3880787.0,2025-09-11
F003731,C0186,2025-08-22,2025-09-21,1318891.0,2025-09-21
F003732,C0186,2025-09-02,2025-10-02,1778150.0,2025-10-03
F003733,C0186,2025-10-07,2025-11-06,3225265.0,2025-11-06
F003734,C0186,2025-12-23,2026-01-22,1492009.0,2026-01-23
F003735,C0186,2025-12-04,2026-01-03,1501427.0,2026-01-06
F003736,C0186,2026-01-19,2026-02-18,2252967.0,
F003737,C0186,2026-01-23,2026-02-22,2262128.0,2026-02-24
F003738,C0186,2026-01-26,2026-02-25,2190707.0,2026-03-01
F003739,C0186,2026-02-18,2026-03-20,3122647.0,2026-03-21
F003740,C0186,2026-03-04,2026-04-03,1594017.0,2026-04-04
F003741,C0186,2026-03-22,2026-04-21,1355202.0,2026-04-21
F003742,C0186,2026-04-07,2026-05-07,1411783.0,2026-05-10
F003743,C0186,2026-04-04,2026-05-04,1360937.0,2026-05-04
F003744,C0186,2026-06-19,2026-07-19,1276190.0,2026-07-19
F003745,C0186,2026-06-23,2026-07-23,1902878.0,2026-07-26
F003746,C0186,2026-07-07,2026-08-06,2521972.0,2026-08-06
F003747,C0186,2026-07-03,2026-08-02,1471557.0,2026-08-04
F003748,C0186,2026-08-19,2026-09-18,1823161.0,
F003749,C0186,2026-08-08,2026-09-07,2290431.0,
F003750,C0186,2026-08-27,2026-09-26,1915034.0,
F003751,C0187,2025-07-12,2025-08-11,353114.0,2025-08-13
F003752,C0187,2025-07-20,2025-08-19,912984.0,2025-08-19
F003753,C0187,2025-07-15,2025-08-14,804364.0,2025-08-14
F003754,C0187,2025-08-22,2025-09-21,600040.0,2025-09-21
F003755,C0187,2025-08-24,2025-09-23,595066.0,2025-09-24
F003756,C0187,2025-08-25,2025-09-24,1028744.0,2025-09-25
F003757,C0187,2025-09-07,2025-10-07,890829.0,2025-10-07
F003758,C0187,2025-10-19,2025-11-18,510430.0,2025-11-19
F003759,C0187,2025-11-16,2025-12-16,864413.0,2025-12-17
F003760,C0187,2025-11-01,2025-12-01,717464.0,2025-12-01
F003761,C0187,2026-01-09,2026-02-08,1029729.0,2026-02-09
F003762,C0187,2026-01-28,2026-02-27,645318.0,2026-02-28
F003763,C0187,2026-01-20,2026-02-19,1040365.0,
F003764,C0187,2026-02-23,2026-03-25,680382.0,2026-03-25
F003765,C0187,2026-03-18,2026-04-17,582610.0,2026-04-17
F003766,C0187,2026-04-17,2026-05-17,1589563.0,2026-05-17
F003767,C0187,2026-04-21,2026-05-21,1353376.0,2026-05-21
F003768,C0187,2026-05-02,2026-06-01,811541.0,2026-06-02
F003769,C0187,2026-05-07,2026-06-06,1045553.0,2026-06-07
F003770,C0187,2026-06-20,2026-07-20,840862.0,2026-07-22
F003771,C0187,2026-06-24,2026-07-24,929550.0,2026-07-25
F003772,C0187,2026-06-26,2026-07-26,1072081.0,2026-07-26
F003773,C0187,2026-08-24,2026-09-23,764159.0,
F003774,C0188,2025-09-25,2025-10-25,12168855.0,2025-10-25
F003775,C0188,2025-09-10,2025-10-10,9711053.0,2025-10-10
F003776,C0188,2025-09-18,2025-10-18,11632347.0,2025-10-18
F003777,C0188,2025-11-10,2025-12-10,8358252.0,2025-12-11
F003778,C0188,2025-12-18,2026-01-17,20909238.0,2026-01-17
F003779,C0188,2026-01-21,2026-02-20,11194614.0,2026-02-20
F003780,C0188,2026-01-04,2026-02-03,8865618.0,2026-02-03
F003781,C0188,2026-04-06,2026-05-06,7039081.0,2026-05-07
F003782,C0188,2026-04-19,2026-05-19,8571117.0,2026-05-20
F003783,C0188,2026-04-18,2026-05-18,11240757.0,2026-05-18
F003784,C0188,2026-05-15,2026-06-14,10188603.0,2026-06-15
F003785,C0188,2026-05-02,2026-06-01,4648521.0,2026-06-02
F003786,C0188,2026-07-23,2026-08-22,5996508.0,2026-08-23
F003787,C0188,2026-07-21,2026-08-20,13278313.0,2026-08-20
F003788,C0188,2026-07-19,2026-08-18,9345999.0,2026-08-18
F003789,C0188,2026-08-20,2026-09-19,16251744.0,
F003790,C0188,2026-08-25,2026-09-24,7657266.0,
F003791,C0188,2026-08-02,2026-09-01,6467841.0,
F003792,C0189,2025-07-05,2025-08-04,1935467.0,2025-08-05
F003793,C0189,2025-07-02,2025-08-01,3720909.0,2025-08-03
F003794,C0189,2025-12-12,2026-01-11,2687466.0,2026-01-11
F003795,C0189,2025-12-24,2026-01-23,2188048.0,2026-01-24
F003796,C0189,2025-12-02,2026-01-01,1140688.0,
F003797,C0189,2026-03-08,2026-04-07,3058219.0,2026-04-07
F003798,C0189,2026-03-14,2026-04-13,2219416.0,2026-04-14
F003799,C0189,2026-03-13,2026-04-12,1474887.0,2026-04-12
F003800,C0189,2026-04-01,2026-05-01,1823413.0,2026-05-01
F003801,C0189,2026-04-23,2026-05-23,1588626.0,2026-05-23
F003802,C0189,2026-05-23,2026-06-22,1453803.0,2026-06-23
F003803,C0189,2026-06-16,2026-07-16,2166730.0,2026-07-16
F003804,C0189,2026-06-27,2026-07-27,1761727.0,2026-07-28
F003805,C0189,2026-07-16,2026-08-15,1653451.0,2026-08-15
F003806,C0189,2026-07-24,2026-08-23,1771698.0,2026-08-23
F003807,C0189,2026-07-15,2026-08-14,2596615.0,2026-08-17
F003808,C0190,2025-07-20,2025-08-19,1256606.0,2025-08-20
F003809,C0190,2025-08-17,2025-09-16,1095080.0,2025-09-16
F003810,C0190,2025-08-21,2025-09-20,837302.0,2025-09-24
F003811,C0190,2025-09-15,2025-10-15,952735.0,
F003812,C0190,2025-11-12,2025-12-12,1480563.0,2025-12-13
F003813,C0190,2025-11-04,2025-12-04,842917.0,2025-12-05
F003814,C0190,2026-02-15,2026-03-17,1591428.0,
F003815,C0190,2026-02-25,2026-03-27,1302605.0,2026-03-28
F003816,C0190,2026-02-23,2026-03-25,2662385.0,2026-03-28
F003817,C0190,2026-04-22,2026-05-22,1731330.0,2026-05-25
F003818,C0190,2026-08-07,2026-09-06,645963.0,
F003819,C0190,2026-08-14,2026-09-13,955942.0,
F003820,C0191,2025-07-24,2025-08-23,1369775.0,2025-08-27
F003821,C0191,2025-07-24,2025-08-23,1014453.0,2025-08-25
F003822,C0191,2025-07-13,2025-08-12,2070477.0,2025-08-12
F003823,C0191,2025-08-25,2025-09-24,1092556.0,2025-09-28
F003824,C0191,2025-08-03,2025-09-02,478297.0,2025-09-07
F003825,C0191,2025-08-17,2025-09-16,784455.0,2025-09-16
F003826,C0191,2025-09-16,2025-10-16,1451492.0,2025-10-16
F003827,C0191,2025-10-21,2025-11-20,716535.0,2025-11-20
F003828,C0191,2025-11-25,2025-12-25,1188683.0,2025-12-29
F003829,C0191,2025-11-09,2025-12-09,987192.0,2025-12-09
F003830,C0191,2025-12-28,2026-01-27,1374594.0,2026-01-28
F003831,C0191,2026-01-06,2026-02-05,922565.0,2026-02-05
F003832,C0191,2026-01-02,2026-02-01,683581.0,2026-02-11
F003833,C0191,2026-02-27,2026-03-29,2064208.0,2026-04-01
F003834,C0191,2026-02-07,2026-03-09,878365.0,2026-03-09
F003835,C0191,2026-04-15,2026-05-15,825840.0,2026-05-18
F003836,C0191,2026-04-11,2026-05-11,806861.0,2026-05-12
F003837,C0191,2026-04-22,2026-05-22,976020.0,2026-05-22
F003838,C0191,2026-05-24,2026-06-23,1243147.0,2026-06-26
F003839,C0191,2026-05-25,2026-06-24,1265333.0,2026-06-26
F003840,C0191,2026-05-20,2026-06-19,1456177.0,2026-06-20
F003841,C0191,2026-06-21,2026-07-21,1159645.0,2026-07-25
F003842,C0191,2026-07-07,2026-08-06,1044468.0,2026-08-09
F003843,C0191,2026-07-20,2026-08-19,1251313.0,2026-08-20
F003844,C0191,2026-08-22,2026-09-21,1618033.0,
F003845,C0191,2026-08-06,2026-09-05,857223.0,
F003846,C0191,2026-08-17,2026-09-16,575060.0,
F003847,C0192,2025-07-19,2025-08-18,1114617.0,2025-08-18
F003848,C0192,2025-07-10,2025-08-09,894925.0,2025-08-10
F003849,C0192,2025-07-04,2025-08-03,749438.0,2025-08-03
F003850,C0192,2025-08-03,2025-09-02,890034.0,2025-09-02
F003851,C0192,2025-10-06,2025-11-05,536884.0,2025-11-05
F003852,C0192,2025-12-20,2026-01-19,933157.0,2026-01-20
F003853,C0192,2025-12-11,2026-01-10,707413.0,2026-01-10
F003854,C0192,2025-12-15,2026-01-14,652154.0,2026-01-14
F003855,C0192,2026-01-15,2026-02-14,844581.0,2026-02-19
F003856,C0192,2026-01-13,2026-02-12,947179.0,2026-02-13
F003857,C0192,2026-02-16,2026-03-18,678364.0,2026-03-18
F003858,C0192,2026-02-04,2026-03-06,555541.0,2026-03-09
F003859,C0192,2026-04-22,2026-05-22,852124.0,2026-05-22
F003860,C0192,2026-04-06,2026-05-06,1630932.0,2026-05-06
F003861,C0192,2026-04-03,2026-05-03,657525.0,2026-05-03
F003862,C0192,2026-05-02,2026-06-01,970976.0,2026-06-01
F003863,C0192,2026-07-01,2026-07-31,430084.0,2026-07-31
F003864,C0192,2026-07-14,2026-08-13,770526.0,2026-08-13
F003865,C0192,2026-07-09,2026-08-08,880365.0,2026-08-10
F003866,C0192,2026-08-12,2026-09-11,1028720.0,
F003867,C0193,2025-08-02,2025-09-01,1578913.0,2025-09-01
F003868,C0193,2025-08-22,2025-09-21,866455.0,2025-09-24
F003869,C0193,2025-10-03,2025-11-02,1477709.0,2025-11-03
F003870,C0193,2025-10-05,2025-11-04,994959.0,2025-11-06
F003871,C0193,2025-10-07,2025-11-06,3765732.0,2025-11-10
F003872,C0193,2026-06-14,2026-07-14,1112552.0,2026-07-17
F003873,C0193,2026-06-14,2026-07-14,1250808.0,2026-07-16
F003874,C0193,2026-08-04,2026-09-03,1188769.0,
F003875,C0194,2025-11-16,2025-12-16,1345761.0,2025-12-18
F003876,C0194,2025-11-19,2025-12-19,2806618.0,2025-12-22
F003877,C0194,2025-12-22,2026-01-21,1185058.0,2026-01-21
F003878,C0194,2025-12-14,2026-01-13,1523173.0,2026-01-16
F003879,C0194,2026-01-24,2026-02-23,3837994.0,2026-02-23
F003880,C0194,2026-01-22,2026-02-21,940014.0,2026-02-21
F003881,C0194,2026-01-20,2026-02-19,1871661.0,2026-02-19
F003882,C0194,2026-02-03,2026-03-05,2324675.0,2026-03-05
F003883,C0194,2026-03-01,2026-03-31,2662494.0,2026-04-01
F003884,C0194,2026-03-07,2026-04-06,2196005.0,2026-04-09
F003885,C0194,2026-04-14,2026-05-14,1483659.0,2026-05-16
F003886,C0194,2026-04-21,2026-05-21,2658055.0,2026-05-22
F003887,C0194,2026-05-08,2026-06-07,3298423.0,2026-06-07
F003888,C0194,2026-06-25,2026-07-25,4364534.0,2026-07-26
F003889,C0194,2026-06-08,2026-07-08,2501285.0,2026-07-08
F003890,C0194,2026-06-22,2026-07-22,1321100.0,2026-07-22
F003891,C0194,2026-08-02,2026-09-01,2047627.0,
F003892,C0194,2026-08-16,2026-09-15,1756477.0,
F003893,C0194,2026-08-01,2026-08-31,3253522.0,
F003894,C0195,2025-07-05,2025-08-04,1038788.0,2025-08-05
F003895,C0195,2025-07-02,2025-08-01,2105904.0,2025-08-01
F003896,C0195,2025-07-07,2025-08-06,1397611.0,2025-08-06
F003897,C0195,2025-09-09,2025-10-09,869768.0,2025-10-10
F003898,C0195,2025-09-17,2025-10-17,1292381.0,2025-10-17
F003899,C0195,2025-10-19,2025-11-18,1848912.0,
F003900,C0195,2025-10-06,2025-11-05,787112.0,
F003901,C0195,2025-11-28,2025-12-28,1935681.0,2025-12-28
F003902,C0195,2025-11-03,2025-12-03,2143189.0,2025-12-03
F003903,C0195,2025-12-16,2026-01-15,744351.0,2026-01-15
F003904,C0195,2025-12-17,2026-01-16,1338285.0,2026-01-16
F003905,C0195,2026-01-28,2026-02-27,2106355.0,2026-02-28
F003906,C0195,2026-01-27,2026-02-26,1874988.0,2026-02-26
F003907,C0195,2026-01-13,2026-02-12,2087115.0,2026-02-12
F003908,C0195,2026-02-09,2026-03-11,3050028.0,2026-03-11
F003909,C0195,2026-03-25,2026-04-24,1371299.0,2026-04-24
F003910,C0195,2026-04-18,2026-05-18,2032509.0,2026-05-19
F003911,C0195,2026-05-17,2026-06-16,2044225.0,2026-06-17
F003912,C0195,2026-05-13,2026-06-12,3194794.0,2026-06-13
F003913,C0195,2026-05-11,2026-06-10,1635232.0,2026-06-11
F003914,C0195,2026-06-26,2026-07-26,2170301.0,2026-07-26
F003915,C0195,2026-06-08,2026-07-08,912891.0,2026-07-09
F003916,C0195,2026-06-13,2026-07-13,1989368.0,2026-07-13
F003917,C0195,2026-07-21,2026-08-20,991676.0,2026-08-20
F003918,C0195,2026-07-13,2026-08-12,3241835.0,2026-08-13
F003919,C0196,2025-09-25,2025-10-25,747880.0,2025-10-25
F003920,C0196,2025-09-08,2025-10-08,2113153.0,2025-10-09
F003921,C0196,2025-09-02,2025-10-02,1156756.0,2025-10-02
F003922,C0196,2025-10-13,2025-11-12,1526036.0,2025-11-12
F003923,C0196,2025-10-16,2025-11-15,1125815.0,2025-11-15
F003924,C0196,2025-10-09,2025-11-08,825662.0,2025-11-08
F003925,C0196,2025-11-20,2025-12-20,1543490.0,2025-12-20
F003926,C0196,2025-11-04,2025-12-04,834660.0,
F003927,C0196,2025-11-02,2025-12-02,1047899.0,2025-12-02
F003928,C0196,2026-01-25,2026-02-24,2664172.0,2026-02-24
F003929,C0196,2026-01-16,2026-02-15,1118105.0,2026-02-15
F003930,C0196,2026-01-13,2026-02-12,1156624.0,2026-02-12
F003931,C0196,2026-02-08,2026-03-10,1359519.0,2026-03-10
F003932,C0196,2026-02-20,2026-03-22,1640401.0,2026-03-22
F003933,C0196,2026-02-17,2026-03-19,1809709.0,2026-03-19
F003934,C0196,2026-04-02,2026-05-02,1752502.0,2026-05-02
F003935,C0196,2026-04-23,2026-05-23,2219624.0,2026-05-23
F003936,C0196,2026-05-23,2026-06-22,1812886.0,2026-06-22
F003937,C0196,2026-05-02,2026-06-01,1659357.0,2026-06-01
F003938,C0196,2026-05-09,2026-06-08,1964852.0,2026-06-09
F003939,C0196,2026-06-08,2026-07-08,1231877.0,2026-07-08
F003940,C0196,2026-07-24,2026-08-23,1497146.0,2026-08-23
F003941,C0196,2026-08-04,2026-09-03,1308216.0,
F003942,C0196,2026-08-26,2026-09-25,1236231.0,
F003943,C0196,2026-08-10,2026-09-09,983619.0,
F003944,C0197,2025-07-15,2025-08-14,2145821.0,2025-08-14
F003945,C0197,2025-07-18,2025-08-17,5132387.0,2025-08-20
F003946,C0197,2025-08-19,2025-09-18,2139152.0,2025-09-21
F003947,C0197,2025-08-22,2025-09-21,4985354.0,2025-09-21
F003948,C0197,2025-09-09,2025-10-09,2805522.0,2025-10-09
F003949,C0197,2025-09-20,2025-10-20,2870239.0,2025-10-21
F003950,C0197,2025-12-20,2026-01-19,2152754.0,2026-01-19
F003951,C0197,2025-12-13,2026-01-12,3522068.0,2026-01-17
F003952,C0197,2025-12-27,2026-01-26,3733882.0,2026-01-26
F003953,C0197,2026-01-18,2026-02-17,2510930.0,2026-02-18
F003954,C0197,2026-02-07,2026-03-09,6904803.0,2026-03-12
F003955,C0197,2026-02-23,2026-03-25,7203149.0,2026-03-27
F003956,C0197,2026-03-22,2026-04-21,4177213.0,2026-04-21
F003957,C0197,2026-03-26,2026-04-25,2680112.0,2026-04-26
F003958,C0197,2026-03-13,2026-04-12,2043741.0,2026-04-12
F003959,C0197,2026-04-07,2026-05-07,1764075.0,2026-05-07
F003960,C0197,2026-04-09,2026-05-09,2620532.0,2026-05-10
F003961,C0197,2026-05-19,2026-06-18,1796643.0,2026-06-19
F003962,C0197,2026-06-26,2026-07-26,8110542.0,2026-07-27
F003963,C0197,2026-06-07,2026-07-07,3937668.0,2026-07-08
F003964,C0197,2026-08-20,2026-09-19,1628843.0,
F003965,C0198,2025-07-22,2025-08-21,3115464.0,2025-08-21
F003966,C0198,2025-07-19,2025-08-18,2447449.0,2025-08-20
F003967,C0198,2025-08-20,2025-09-19,1003423.0,2025-09-19
F003968,C0198,2025-09-15,2025-10-15,3489340.0,2025-10-21
F003969,C0198,2025-09-15,2025-10-15,1866951.0,2025-10-17
F003970,C0198,2025-09-11,2025-10-11,4116933.0,2025-10-12
F003971,C0198,2025-10-18,2025-11-17,3183132.0,2025-11-17
F003972,C0198,2025-11-01,2025-12-01,3530488.0,2025-12-01
F003973,C0198,2026-01-20,2026-02-19,1585049.0,
F003974,C0198,2026-01-05,2026-02-04,2703142.0,2026-02-04
F003975,C0198,2026-02-24,2026-03-26,2921753.0,2026-03-26
F003976,C0198,2026-03-16,2026-04-15,1339848.0,2026-04-15
F003977,C0198,2026-06-14,2026-07-14,2063894.0,
F003978,C0198,2026-07-17,2026-08-16,2466627.0,2026-08-16
F003979,C0198,2026-08-08,2026-09-07,1855214.0,
F003980,C0198,2026-08-21,2026-09-20,1622208.0,
F003981,C0199,2025-07-11,2025-08-10,1860474.0,2025-08-10
F003982,C0199,2025-07-13,2025-08-12,916235.0,2025-08-14
F003983,C0199,2025-09-05,2025-10-05,946240.0,2025-10-05
F003984,C0199,2025-10-26,2025-11-25,1027734.0,2025-11-28
F003985,C0199,2025-10-22,2025-11-21,1777314.0,2025-11-21
F003986,C0199,2025-10-10,2025-11-09,1253335.0,2025-11-09
F003987,C0199,2025-11-28,2025-12-28,800981.0,2025-12-28
F003988,C0199,2025-11-23,2025-12-23,1533023.0,2025-12-23
F003989,C0199,2025-12-11,2026-01-10,1403638.0,2026-01-10
F003990,C0199,2026-01-01,2026-01-31,1787846.0,2026-01-31
F003991,C0199,2026-01-28,2026-02-27,766745.0,2026-02-27
F003992,C0199,2026-01-04,2026-02-03,1782025.0,2026-02-03
F003993,C0199,2026-02-15,2026-03-17,1661149.0,
F003994,C0199,2026-02-11,2026-03-13,1139990.0,2026-03-14
F003995,C0199,2026-04-26,2026-05-26,1096382.0,2026-05-26
F003996,C0199,2026-04-15,2026-05-15,1007101.0,2026-05-15
F003997,C0199,2026-08-19,2026-09-18,1047542.0,
F003998,C0199,2026-08-19,2026-09-18,1752504.0,
F003999,C0200,2025-07-05,2025-08-04,1749196.0,2025-08-05
F004000,C0200,2025-07-11,2025-08-10,1732037.0,2025-08-10
F004001,C0200,2025-08-06,2025-09-05,2654606.0,2025-09-06
F004002,C0200,2025-09-24,2025-10-24,2287592.0,2025-10-24
F004003,C0200,2025-09-19,2025-10-19,1440112.0,2025-10-24
F004004,C0200,2025-09-24,2025-10-24,3201209.0,2025-10-26
F004005,C0200,2025-10-27,2025-11-26,1995292.0,2025-11-27
F004006,C0200,2025-11-16,2025-12-16,1704990.0,2025-12-18
F004007,C0200,2025-12-13,2026-01-12,4115889.0,2026-01-14
F004008,C0200,2025-12-02,2026-01-01,2415329.0,2026-01-02
F004009,C0200,2025-12-13,2026-01-12,1152721.0,2026-01-17
F004010,C0200,2026-01-08,2026-02-07,2551694.0,2026-02-07
F004011,C0200,2026-01-15,2026-02-14,986880.0,2026-02-15
F004012,C0200,2026-02-13,2026-03-15,1553164.0,2026-03-15
F004013,C0200,2026-02-12,2026-03-14,3178542.0,2026-03-15
F004014,C0200,2026-03-22,2026-04-21,1565584.0,2026-04-21
F004015,C0200,2026-04-22,2026-05-22,1215700.0,2026-05-22
F004016,C0200,2026-04-05,2026-05-05,1082188.0,2026-05-06
F004017,C0200,2026-04-16,2026-05-16,1718827.0,2026-05-18
F004018,C0200,2026-05-22,2026-06-21,2561427.0,
F004019,C0200,2026-05-03,2026-06-02,2788677.0,2026-06-03
F004020,C0200,2026-05-18,2026-06-17,1150695.0,2026-06-17
F004021,C0200,2026-06-24,2026-07-24,1976944.0,2026-07-24
F004022,C0200,2026-07-26,2026-08-25,1317408.0,2026-08-27
F004023,C0200,2026-07-21,2026-08-20,1734367.0,2026-08-21
F004024,C0200,2026-07-23,2026-08-22,3092375.0,2026-08-23
F004025,C0200,2026-08-19,2026-09-18,1901288.0,
F004026,C0200,2026-08-27,2026-09-26,1093552.0,
F004027,C0200,2026-08-01,2026-08-31,1721837.0,
F004028,C0201,2025-07-24,2025-08-23,1430473.0,2025-08-29
F004029,C0201,2025-07-19,2025-08-18,1332370.0,2025-08-21
F004030,C0201,2025-07-28,2025-08-27,933195.0,2025-08-27
F004031,C0201,2025-08-26,2025-09-25,993977.0,2025-09-25
F004032,C0201,2025-08-10,2025-09-09,1558627.0,2025-09-15
F004033,C0201,2025-08-18,2025-09-17,2679456.0,2025-09-18
F004034,C0201,2025-09-09,2025-10-09,2156491.0,2025-10-09
F004035,C0201,2025-09-14,2025-10-14,1097749.0,2025-10-15
F004036,C0201,2025-10-01,2025-10-31,1250394.0,2025-11-02
F004037,C0201,2025-10-26,2025-11-25,2904886.0,2025-11-28
F004038,C0201,2025-11-21,2025-12-21,1652705.0,2025-12-21
F004039,C0201,2025-11-16,2025-12-16,1576717.0,2025-12-20
F004040,C0201,2025-12-02,2026-01-01,1202465.0,
F004041,C0201,2025-12-05,2026-01-04,703643.0,2026-01-05
F004042,C0201,2026-01-07,2026-02-06,1094844.0,2026-02-08
F004043,C0201,2026-01-04,2026-02-03,1096342.0,2026-02-03
F004044,C0201,2026-02-28,2026-03-30,1844242.0,2026-04-01
F004045,C0201,2026-02-19,2026-03-21,2950404.0,2026-03-25
F004046,C0201,2026-02-24,2026-03-26,905628.0,2026-03-26
F004047,C0201,2026-03-17,2026-04-16,1913174.0,2026-04-16
F004048,C0201,2026-03-13,2026-04-12,990721.0,2026-04-13
F004049,C0201,2026-04-10,2026-05-10,901418.0,2026-05-16
F004050,C0201,2026-05-25,2026-06-24,1916740.0,2026-06-25
F004051,C0201,2026-06-19,2026-07-19,1088012.0,2026-07-22
F004052,C0201,2026-06-16,2026-07-16,985140.0,2026-07-19
F004053,C0201,2026-06-28,2026-07-28,2204640.0,2026-07-30
F004054,C0201,2026-07-24,2026-08-23,908156.0,2026-08-26
F004055,C0201,2026-07-16,2026-08-15,1985484.0,2026-08-18
F004056,C0201,2026-07-19,2026-08-18,760579.0,2026-08-19
F004057,C0201,2026-08-12,2026-09-11,1674423.0,
F004058,C0201,2026-08-21,2026-09-20,1691388.0,
F004059,C0202,2025-09-22,2025-10-22,1213868.0,2025-10-22
F004060,C0202,2025-09-07,2025-10-07,1171572.0,2025-10-07
F004061,C0202,2025-10-26,2025-11-25,984026.0,2025-11-26
F004062,C0202,2025-10-17,2025-11-16,865989.0,2025-11-16
F004063,C0202,2025-11-06,2025-12-06,979636.0,2025-12-06
F004064,C0202,2025-11-13,2025-12-13,1164322.0,2025-12-15
F004065,C0202,2025-11-07,2025-12-07,1667554.0,2025-12-07
F004066,C0202,2026-04-11,2026-05-11,674662.0,2026-05-12
F004067,C0202,2026-04-08,2026-05-08,580900.0,2026-05-10
F004068,C0202,2026-04-21,2026-05-21,1293675.0,2026-05-22
F004069,C0202,2026-05-23,2026-06-22,1451162.0,2026-06-23
F004070,C0202,2026-05-14,2026-06-13,1431707.0,
F004071,C0202,2026-05-12,2026-06-11,1695740.0,2026-06-12
F004072,C0202,2026-06-06,2026-07-06,1024196.0,2026-07-08
F004073,C0202,2026-06-08,2026-07-08,654071.0,2026-07-08
F004074,C0202,2026-08-20,2026-09-19,1099972.0,
F004075,C0203,2025-07-03,2025-08-02,1593208.0,2025-08-02
F004076,C0203,2025-07-01,2025-07-31,2670711.0,2025-07-31
F004077,C0203,2025-09-19,2025-10-19,1553785.0,2025-10-21
F004078,C0203,2025-09-23,2025-10-23,988569.0,2025-10-25
F004079,C0203,2025-09-15,2025-10-15,1035129.0,2025-10-15
F004080,C0203,2025-10-15,2025-11-14,1101374.0,2025-11-17
F004081,C0203,2025-10-13,2025-11-12,1033852.0,2025-11-14
F004082,C0203,2025-12-06,2026-01-05,1459928.0,2026-01-06
F004083,C0203,2025-12-28,2026-01-27,1599592.0,2026-01-29
F004084,C0203,2026-07-07,2026-08-06,1747097.0,2026-08-07
F004085,C0203,2026-08-17,2026-09-16,1244149.0,
F004086,C0204,2025-07-23,2025-08-22,1275834.0,2025-08-23
F004087,C0204,2025-07-21,2025-08-20,1341778.0,2025-08-22
F004088,C0204,2025-08-21,2025-09-20,760340.0,2025-09-20
F004089,C0204,2025-09-07,2025-10-07,1315479.0,2025-10-11
F004090,C0204,2025-09-21,2025-10-21,1024250.0,2025-10-21
F004091,C0204,2025-09-16,2025-10-16,2015964.0,2025-10-20
F004092,C0204,2025-10-18,2025-11-17,1363170.0,2025-11-22
F004093,C0204,2025-10-03,2025-11-02,1699953.0,2025-11-04
F004094,C0204,2025-11-07,2025-12-07,1347759.0,2025-12-10
F004095,C0204,2025-11-08,2025-12-08,3355933.0,2025-12-09
F004096,C0204,2025-12-21,2026-01-20,2675831.0,2026-01-21
F004097,C0204,2026-01-22,2026-02-21,1838752.0,2026-02-22
F004098,C0204,2026-02-01,2026-03-03,1106106.0,2026-03-05
F004099,C0204,2026-02-05,2026-03-07,1546441.0,
F004100,C0204,2026-03-26,2026-04-25,1112247.0,2026-04-26
F004101,C0204,2026-03-10,2026-04-09,1961193.0,2026-04-09
F004102,C0204,2026-05-09,2026-06-08,1589925.0,2026-06-08
F004103,C0204,2026-05-12,2026-06-11,2275264.0,2026-06-13
F004104,C0204,2026-05-26,2026-06-25,1677464.0,2026-06-26
F004105,C0204,2026-06-08,2026-07-08,3055606.0,2026-07-08
F004106,C0204,2026-06-02,2026-07-02,1410449.0,2026-07-03
F004107,C0204,2026-06-24,2026-07-24,1237936.0,2026-07-26
F004108,C0204,2026-07-25,2026-08-24,2964278.0,2026-08-24
F004109,C0204,2026-07-27,2026-08-26,1672498.0,2026-08-26
F004110,C0205,2025-09-05,2025-10-05,1252038.0,2025-10-05
F004111,C0205,2025-09-10,2025-10-10,1832420.0,2025-10-11
F004112,C0205,2025-10-23,2025-11-22,869816.0,2025-11-23
F004113,C0205,2025-11-23,2025-12-23,1807099.0,2025-12-23
F004114,C0205,2025-12-12,2026-01-11,1441358.0,2026-01-12
F004115,C0205,2025-12-17,2026-01-16,1694646.0,2026-01-16
F004116,C0205,2025-12-03,2026-01-02,1614694.0,2026-01-02
F004117,C0205,2026-01-03,2026-02-02,2384860.0,2026-02-02
F004118,C0205,2026-01-11,2026-02-10,2784900.0,2026-02-10
F004119,C0205,2026-04-24,2026-05-24,2805752.0,2026-05-24
F004120,C0205,2026-05-18,2026-06-17,1730252.0,2026-06-17
F004121,C0205,2026-06-11,2026-07-11,1208956.0,2026-07-11
F004122,C0205,2026-06-17,2026-07-17,1805847.0,2026-07-17
F004123,C0205,2026-07-17,2026-08-16,1367015.0,2026-08-16
F004124,C0205,2026-07-24,2026-08-23,1265456.0,2026-08-26
F004125,C0205,2026-07-13,2026-08-12,1410191.0,2026-08-12
F004126,C0205,2026-08-07,2026-09-06,956317.0,
F004127,C0205,2026-08-14,2026-09-13,1335461.0,
F004128,C0206,2025-07-19,2025-08-18,942805.0,2025-08-18
F004129,C0206,2025-07-11,2025-08-10,792155.0,2025-08-10
F004130,C0206,2025-07-23,2025-08-22,1193377.0,2025-08-23
F004131,C0206,2025-12-03,2026-01-02,1476760.0,2026-01-03
F004132,C0206,2026-01-03,2026-02-02,809872.0,2026-02-04
F004133,C0206,2026-01-21,2026-02-20,708762.0,2026-02-20
F004134,C0206,2026-04-22,2026-05-22,1320975.0,2026-05-22
F004135,C0206,2026-07-17,2026-08-16,1177510.0,2026-08-18
F004136,C0206,2026-07-20,2026-08-19,1717851.0,2026-08-19
F004137,C0206,2026-07-15,2026-08-14,588399.0,2026-08-15
F004138,C0206,2026-08-20,2026-09-19,1293635.0,
F004139,C0206,2026-08-03,2026-09-02,1637602.0,
F004140,C0206,2026-08-18,2026-09-17,913302.0,
F004141,C0207,2025-09-19,2025-10-19,723508.0,2025-10-19
F004142,C0207,2025-12-09,2026-01-08,1752383.0,
F004143,C0207,2025-12-02,2026-01-01,1557733.0,2026-01-01
F004144,C0207,2025-12-28,2026-01-27,1605706.0,2026-01-28
F004145,C0207,2026-04-06,2026-05-06,1464546.0,2026-05-06
F004146,C0207,2026-04-07,2026-05-07,669560.0,2026-05-07
F004147,C0207,2026-04-10,2026-05-10,998400.0,2026-05-14
F004148,C0207,2026-05-17,2026-06-16,1380118.0,2026-06-17
F004149,C0207,2026-06-11,2026-07-11,921212.0,2026-07-12
F004150,C0207,2026-07-11,2026-08-10,1035055.0,2026-08-10
F004151,C0207,2026-07-05,2026-08-04,1304577.0,2026-08-04
F004152,C0207,2026-07-21,2026-08-20,1086668.0,2026-08-20
F004153,C0207,2026-08-23,2026-09-22,1867007.0,
F004154,C0207,2026-08-12,2026-09-11,913567.0,
F004155,C0207,2026-08-13,2026-09-12,2040249.0,
F004156,C0208,2025-08-02,2025-09-01,1892017.0,2025-09-02
F004157,C0208,2025-08-17,2025-09-16,1648410.0,2025-09-19
F004158,C0208,2025-08-23,2025-09-22,2116670.0,2025-09-22
F004159,C0208,2025-10-02,2025-11-01,1325559.0,2025-11-02
F004160,C0208,2025-11-04,2025-12-04,1383021.0,2025-12-07
F004161,C0208,2025-11-18,2025-12-18,2033067.0,2025-12-19
F004162,C0208,2025-12-08,2026-01-07,1070827.0,2026-01-10
F004163,C0208,2025-12-20,2026-01-19,2148675.0,2026-01-20
F004164,C0208,2026-01-28,2026-02-27,2486420.0,2026-03-02
F004165,C0208,2026-01-25,2026-02-24,1215546.0,2026-02-24
F004166,C0208,2026-02-09,2026-03-11,684405.0,
F004167,C0208,2026-02-18,2026-03-20,1342299.0,2026-03-22
F004168,C0208,2026-03-21,2026-04-20,1608147.0,2026-04-21
F004169,C0208,2026-04-16,2026-05-16,1817766.0,2026-05-17
F004170,C0208,2026-04-21,2026-05-21,1294609.0,
F004171,C0208,2026-04-25,2026-05-25,2058398.0,2026-05-25
F004172,C0208,2026-05-08,2026-06-07,814988.0,
F004173,C0208,2026-06-15,2026-07-15,2126780.0,2026-07-17
F004174,C0208,2026-06-26,2026-07-26,2038169.0,2026-07-30
F004175,C0208,2026-06-05,2026-07-05,1208755.0,2026-07-06
F004176,C0208,2026-07-26,2026-08-25,2125475.0,2026-08-26
F004177,C0208,2026-07-01,2026-07-31,1489894.0,2026-08-03
F004178,C0209,2025-07-06,2025-08-05,1698747.0,2025-08-08
F004179,C0209,2025-08-10,2025-09-09,988068.0,2025-09-09
F004180,C0209,2025-09-28,2025-10-28,1036328.0,2025-10-29
F004181,C0209,2025-09-24,2025-10-24,1680145.0,2025-10-28
F004182,C0209,2025-09-13,2025-10-13,1333643.0,2025-10-15
F004183,C0209,2025-11-03,2025-12-03,1249266.0,2025-12-09
F004184,C0209,2025-11-26,2025-12-26,1546408.0,2025-12-26
F004185,C0209,2025-11-11,2025-12-11,1309486.0,2025-12-12
F004186,C0209,2025-12-11,2026-01-10,2011216.0,2026-01-11
F004187,C0209,2026-01-26,2026-02-25,2134496.0,2026-02-26
F004188,C0209,2026-01-20,2026-02-19,971450.0,2026-02-19
F004189,C0209,2026-01-14,2026-02-13,1599459.0,2026-02-13
F004190,C0209,2026-02-23,2026-03-25,1633021.0,2026-03-26
F004191,C0209,2026-02-04,2026-03-06,1366538.0,2026-03-06
F004192,C0209,2026-02-13,2026-03-15,2301703.0,2026-03-15
F004193,C0209,2026-03-24,2026-04-23,2513747.0,2026-04-26
F004194,C0209,2026-04-18,2026-05-18,1479198.0,2026-05-20
F004195,C0209,2026-07-11,2026-08-10,1902192.0,2026-08-13
F004196,C0209,2026-07-21,2026-08-20,1558594.0,2026-08-24
F004197,C0209,2026-08-05,2026-09-04,2495998.0,
F004198,C0209,2026-08-18,2026-09-17,1424934.0,
F004199,C0210,2025-11-02,2025-12-02,972338.0,2025-12-04
F004200,C0210,2025-11-11,2025-12-11,876988.0,2025-12-13
F004201,C0210,2026-04-02,2026-05-02,1487223.0,2026-05-03
F004202,C0210,2026-04-10,2026-05-10,806423.0,2026-05-11
F004203,C0210,2026-04-13,2026-05-13,470689.0,2026-05-18
F004204,C0210,2026-05-23,2026-06-22,1697794.0,2026-06-23
F004205,C0210,2026-07-19,2026-08-18,748471.0,2026-08-24
F004206,C0210,2026-08-25,2026-09-24,778234.0,
F004207,C0210,2026-08-16,2026-09-15,722546.0,
F004208,C0211,2025-09-02,2025-10-02,684644.0,2025-10-04
F004209,C0211,2025-09-01,2025-10-01,717281.0,2025-10-01
F004210,C0211,2025-12-28,2026-01-27,854469.0,2026-01-29
F004211,C0211,2025-12-26,2026-01-25,428958.0,2026-01-26
F004212,C0211,2026-04-07,2026-05-07,327274.0,2026-05-08
F004213,C0211,2026-07-16,2026-08-15,469558.0,2026-08-15
F004214,C0211,2026-07-20,2026-08-19,541201.0,2026-08-20
F004215,C0211,2026-07-07,2026-08-06,511713.0,2026-08-06
F004216,C0212,2025-09-21,2025-10-21,1292285.0,2025-10-22
F004217,C0212,2025-09-06,2025-10-06,1669592.0,2025-10-06
F004218,C0212,2025-10-13,2025-11-12,729245.0,2025-11-13
F004219,C0212,2025-10-23,2025-11-22,1078937.0,2025-11-24
F004220,C0212,2025-10-25,2025-11-24,1411535.0,2025-11-25
F004221,C0212,2025-11-26,2025-12-26,787678.0,2025-12-26
F004222,C0212,2025-11-08,2025-12-08,1040765.0,2025-12-08
F004223,C0212,2025-12-16,2026-01-15,2035063.0,2026-01-15
F004224,C0212,2025-12-21,2026-01-20,1261751.0,2026-01-23
F004225,C0212,2026-03-03,2026-04-02,1378800.0,2026-04-03
F004226,C0212,2026-03-09,2026-04-08,914847.0,2026-04-10
F004227,C0212,2026-03-26,2026-04-25,1159964.0,2026-04-25
F004228,C0212,2026-06-24,2026-07-24,930934.0,2026-07-24
F004229,C0212,2026-07-08,2026-08-07,1305311.0,2026-08-07
F004230,C0212,2026-07-13,2026-08-12,1208305.0,2026-08-16
F004231,C0213,2025-07-22,2025-08-21,2426972.0,2025-08-23
F004232,C0213,2025-07-05,2025-08-04,2534271.0,2025-08-04
F004233,C0213,2025-08-07,2025-09-06,2606057.0,2025-09-06
F004234,C0213,2025-08-01,2025-08-31,1503912.0,2025-09-03
F004235,C0213,2025-08-25,2025-09-24,1584733.0,2025-09-29
F004236,C0213,2025-10-26,2025-11-25,1628005.0,
F004237,C0213,2025-10-24,2025-11-23,3038803.0,2025-11-25
F004238,C0213,2025-10-27,2025-11-26,2471504.0,2025-11-26
F004239,C0213,2025-11-16,2025-12-16,1886371.0,
F004240,C0213,2025-11-05,2025-12-05,2457207.0,2025-12-07
F004241,C0213,2025-11-28,2025-12-28,717247.0,2025-12-28
F004242,C0213,2025-12-28,2026-01-27,2421241.0,2026-01-30
F004243,C0213,2026-02-25,2026-03-27,1477981.0,2026-03-27
F004244,C0213,2026-02-25,2026-03-27,2919673.0,2026-03-30
F004245,C0213,2026-03-22,2026-04-21,2521581.0,2026-04-21
F004246,C0213,2026-04-27,2026-05-27,1857780.0,
F004247,C0213,2026-04-23,2026-05-23,1750013.0,2026-05-27
F004248,C0213,2026-04-16,2026-05-16,1757530.0,2026-05-18
F004249,C0213,2026-08-18,2026-09-17,1752254.0,
F004250,C0213,2026-08-05,2026-09-04,3337607.0,
F004251,C0214,2025-07-01,2025-07-31,2231893.0,2025-07-31
F004252,C0214,2025-07-21,2025-08-20,4599151.0,2025-08-20
F004253,C0214,2025-10-09,2025-11-08,4272373.0,2025-11-08
F004254,C0214,2025-12-19,2026-01-18,2224482.0,2026-01-18
F004255,C0214,2026-01-25,2026-02-24,1428032.0,2026-02-25
F004256,C0214,2026-02-25,2026-03-27,2010441.0,2026-03-27
F004257,C0214,2026-02-18,2026-03-20,2496298.0,2026-03-22
F004258,C0214,2026-04-10,2026-05-10,1832377.0,2026-05-10
F004259,C0214,2026-04-01,2026-05-01,2288269.0,2026-05-03
F004260,C0214,2026-05-15,2026-06-14,2715418.0,2026-06-14
F004261,C0215,2025-07-10,2025-08-09,1373511.0,2025-08-09
F004262,C0215,2025-07-16,2025-08-15,965714.0,2025-08-15
F004263,C0215,2025-08-10,2025-09-09,1736351.0,2025-09-11
F004264,C0215,2025-08-07,2025-09-06,2990351.0,2025-09-06
F004265,C0215,2025-08-24,2025-09-23,933632.0,2025-09-24
F004266,C0215,2025-09-27,2025-10-27,1602745.0,2025-10-27
F004267,C0215,2025-10-16,2025-11-15,720204.0,2025-11-15
F004268,C0215,2025-11-12,2025-12-12,1201591.0,2025-12-13
F004269,C0215,2025-11-20,2025-12-20,1634664.0,2025-12-20
F004270,C0215,2025-12-08,2026-01-07,1520751.0,2026-01-07
F004271,C0215,2025-12-13,2026-01-12,1843296.0,2026-01-12
F004272,C0215,2026-01-07,2026-02-06,2229189.0,2026-02-06
F004273,C0215,2026-01-27,2026-02-26,1281441.0,2026-02-27
F004274,C0215,2026-02-03,2026-03-05,951844.0,2026-03-05
F004275,C0215,2026-05-16,2026-06-15,1509328.0,2026-06-16
F004276,C0215,2026-05-08,2026-06-07,1753784.0,2026-06-07
F004277,C0215,2026-06-08,2026-07-08,999427.0,2026-07-08
F004278,C0215,2026-06-22,2026-07-22,1685248.0,2026-07-22
F004279,C0215,2026-06-27,2026-07-27,1567275.0,2026-07-27
F004280,C0215,2026-07-10,2026-08-09,1771554.0,2026-08-09
F004281,C0215,2026-07-24,2026-08-23,1389244.0,2026-08-23
F004282,C0215,2026-07-01,2026-07-31,925660.0,2026-07-31
F004283,C0215,2026-08-15,2026-09-14,2042936.0,
F004284,C0216,2025-07-02,2025-08-01,2047685.0,
F004285,C0216,2025-07-12,2025-08-11,2229292.0,2025-08-13
F004286,C0216,2025-08-15,2025-09-14,2446682.0,2025-09-15
F004287,C0216,2025-08-19,2025-09-18,2228751.0,2025-09-18
F004288,C0216,2025-09-16,2025-10-16,1748376.0,2025-10-17
F004289,C0216,2025-09-23,2025-10-23,3616912.0,2025-10-23
F004290,C0216,2025-09-15,2025-10-15,1997154.0,2025-10-16
F004291,C0216,2025-10-07,2025-11-06,1927719.0,2025-11-06
F004292,C0216,2025-10-03,2025-11-02,2671091.0,2025-11-03
F004293,C0216,2025-10-03,2025-11-02,2063157.0,2025-11-02
F004294,C0216,2025-11-22,2025-12-22,1363503.0,2025-12-25
F004295,C0216,2025-11-27,2025-12-27,3127633.0,2025-12-27
F004296,C0216,2025-12-23,2026-01-22,2674410.0,2026-01-23
F004297,C0216,2025-12-11,2026-01-10,2132584.0,2026-01-12
F004298,C0216,2026-02-26,2026-03-28,2193201.0,2026-03-28
F004299,C0216,2026-05-21,2026-06-20,2801448.0,2026-06-21
F004300,C0216,2026-05-14,2026-06-13,2119201.0,2026-06-14
F004301,C0216,2026-06-07,2026-07-07,2013666.0,2026-07-07
F004302,C0216,2026-08-02,2026-09-01,1334947.0,
F004303,C0216,2026-08-23,2026-09-22,3001618.0,
F004304,C0217,2025-09-01,2025-10-01,1510935.0,2025-10-03
F004305,C0217,2025-09-07,2025-10-07,1156687.0,2025-10-16
F004306,C0217,2025-11-03,2025-12-03,738008.0,2025-12-06
F004307,C0217,2026-01-26,2026-02-25,833947.0,2026-02-27
F004308,C0217,2026-04-01,2026-05-01,495523.0,2026-05-01
F004309,C0217,2026-04-12,2026-05-12,551227.0,2026-05-14
F004310,C0218,2025-07-24,2025-08-23,1923471.0,2025-08-26
F004311,C0218,2025-07-24,2025-08-23,709921.0,2025-08-23
F004312,C0218,2025-08-18,2025-09-17,1831093.0,2025-09-17
F004313,C0218,2025-08-21,2025-09-20,905488.0,2025-09-21
F004314,C0218,2025-08-04,2025-09-03,1187259.0,2025-09-04
F004315,C0218,2025-10-02,2025-11-01,2502632.0,2025-11-03
F004316,C0218,2025-10-27,2025-11-26,3214642.0,2025-11-27
F004317,C0218,2025-10-14,2025-11-13,2470941.0,2025-11-15
F004318,C0218,2025-11-16,2025-12-16,2581870.0,2025-12-17
F004319,C0218,2025-11-27,2025-12-27,1561083.0,2025-12-27
F004320,C0218,2025-11-19,2025-12-19,1203478.0,2025-12-19
F004321,C0218,2026-03-19,2026-04-18,2937446.0,2026-04-18
F004322,C0218,2026-03-22,2026-04-21,2176349.0,2026-04-22
F004323,C0218,2026-04-09,2026-05-09,2304398.0,2026-05-09
F004324,C0218,2026-06-07,2026-07-07,1240732.0,2026-07-09
F004325,C0218,2026-06-02,2026-07-02,970092.0,2026-07-02
F004326,C0218,2026-07-09,2026-08-08,2002819.0,2026-08-08
F004327,C0218,2026-07-14,2026-08-13,1775201.0,2026-08-13
F004328,C0219,2025-07-03,2025-08-02,1194196.0,2025-08-04
F004329,C0219,2025-07-18,2025-08-17,1461383.0,
F004330,C0219,2025-08-23,2025-09-22,907354.0,2025-09-26
F004331,C0219,2025-09-01,2025-10-01,1494215.0,2025-10-03
F004332,C0219,2025-10-27,2025-11-26,839554.0,2025-11-27
F004333,C0219,2025-11-06,2025-12-06,1534393.0,2025-12-06
F004334,C0219,2025-11-20,2025-12-20,1772244.0,2025-12-25
F004335,C0219,2025-11-01,2025-12-01,1145747.0,2025-12-01
F004336,C0219,2025-12-14,2026-01-13,548332.0,
F004337,C0219,2025-12-07,2026-01-06,1157503.0,2026-01-06
F004338,C0219,2025-12-22,2026-01-21,679744.0,2026-01-24
F004339,C0219,2026-01-11,2026-02-10,952916.0,2026-02-12
F004340,C0219,2026-02-02,2026-03-04,625455.0,2026-03-07
F004341,C0219,2026-02-28,2026-03-30,1178108.0,2026-04-01
F004342,C0219,2026-02-26,2026-03-28,1271012.0,2026-04-05
F004343,C0219,2026-03-22,2026-04-21,1231771.0,2026-04-30
F004344,C0219,2026-03-01,2026-03-31,1449502.0,2026-04-07
F004345,C0219,2026-04-27,2026-05-27,808423.0,2026-05-29
F004346,C0219,2026-05-28,2026-06-27,1272714.0,2026-06-28
F004347,C0219,2026-06-27,2026-07-27,1267632.0,2026-07-27
F004348,C0219,2026-06-23,2026-07-23,1170155.0,2026-07-25
F004349,C0219,2026-06-22,2026-07-22,1222251.0,2026-07-26
F004350,C0219,2026-07-02,2026-08-01,647555.0,
F004351,C0219,2026-07-05,2026-08-04,978436.0,2026-08-07
F004352,C0219,2026-07-02,2026-08-01,1766872.0,2026-08-08
F004353,C0219,2026-08-04,2026-09-03,678166.0,
F004354,C0219,2026-08-04,2026-09-03,1107589.0,
F004355,C0220,2025-07-21,2025-08-20,3277692.0,2025-08-24
F004356,C0220,2025-07-19,2025-08-18,2794186.0,2025-08-19
F004357,C0220,2025-07-19,2025-08-18,2849005.0,2025-08-19
F004358,C0220,2025-09-19,2025-10-19,1983815.0,2025-10-20
F004359,C0220,2025-12-17,2026-01-16,3836897.0,2026-01-16
F004360,C0220,2026-02-27,2026-03-29,2971562.0,2026-03-29
F004361,C0220,2026-02-01,2026-03-03,2244729.0,2026-03-07
F004362,C0220,2026-03-10,2026-04-09,3095502.0,2026-04-09
F004363,C0220,2026-03-18,2026-04-17,2994718.0,2026-04-21
F004364,C0220,2026-03-05,2026-04-04,6245109.0,2026-04-06
F004365,C0221,2025-07-23,2025-08-22,1462372.0,2025-08-22
F004366,C0221,2025-08-11,2025-09-10,909821.0,2025-09-10
F004367,C0221,2025-08-18,2025-09-17,981637.0,2025-09-18
F004368,C0221,2025-09-19,2025-10-19,949788.0,2025-10-21
F004369,C0221,2025-09-07,2025-10-07,1490817.0,2025-10-08
F004370,C0221,2025-10-01,2025-10-31,1195056.0,2025-10-31
F004371,C0221,2025-10-11,2025-11-10,1282647.0,2025-11-10
F004372,C0221,2025-10-08,2025-11-07,955795.0,2025-11-09
F004373,C0221,2025-11-11,2025-12-11,1861145.0,2025-12-11
F004374,C0221,2026-01-25,2026-02-24,2273057.0,2026-02-24
F004375,C0221,2026-01-08,2026-02-07,1197714.0,2026-02-08
F004376,C0221,2026-01-15,2026-02-14,641064.0,2026-02-14
F004377,C0221,2026-02-10,2026-03-12,1014692.0,2026-03-12
F004378,C0221,2026-02-04,2026-03-06,1336098.0,2026-03-06
F004379,C0221,2026-02-12,2026-03-14,1796652.0,2026-03-15
F004380,C0221,2026-05-11,2026-06-10,1338257.0,2026-06-12
F004381,C0221,2026-05-10,2026-06-09,1741514.0,2026-06-09
F004382,C0221,2026-06-12,2026-07-12,3621427.0,2026-07-12
F004383,C0221,2026-08-04,2026-09-03,1617389.0,
F004384,C0222,2025-08-14,2025-09-13,1198517.0,2025-09-13
F004385,C0222,2025-08-12,2025-09-11,1128782.0,2025-09-12
F004386,C0222,2025-08-02,2025-09-01,1040096.0,2025-09-01
F004387,C0222,2025-10-08,2025-11-07,802797.0,2025-11-08
F004388,C0222,2025-10-14,2025-11-13,1134081.0,2025-11-13
F004389,C0222,2025-10-13,2025-11-12,1108355.0,2025-11-14
F004390,C0222,2025-11-15,2025-12-15,785004.0,2025-12-15
F004391,C0222,2025-11-16,2025-12-16,856823.0,2025-12-16
F004392,C0222,2025-11-10,2025-12-10,458275.0,2025-12-11
F004393,C0222,2026-01-26,2026-02-25,549543.0,2026-02-27
F004394,C0222,2026-01-04,2026-02-03,1020816.0,2026-02-03
F004395,C0222,2026-01-04,2026-02-03,1237910.0,2026-02-03
F004396,C0222,2026-04-28,2026-05-28,982464.0,2026-05-28
F004397,C0222,2026-04-19,2026-05-19,909979.0,2026-05-19
F004398,C0222,2026-04-15,2026-05-15,1870047.0,2026-05-15
F004399,C0222,2026-05-11,2026-06-10,828922.0,2026-06-10
F004400,C0223,2025-07-02,2025-08-01,728551.0,2025-08-05
F004401,C0223,2025-07-22,2025-08-21,785203.0,2025-08-22
F004402,C0223,2025-08-06,2025-09-05,973597.0,2025-09-06
F004403,C0223,2025-08-13,2025-09-12,472461.0,2025-09-12
F004404,C0223,2025-08-08,2025-09-07,370512.0,2025-09-13
F004405,C0223,2025-09-15,2025-10-15,860380.0,2025-10-24
F004406,C0223,2025-09-08,2025-10-08,522282.0,2025-10-09
F004407,C0223,2025-09-27,2025-10-27,672385.0,2025-10-31
F004408,C0223,2025-10-06,2025-11-05,177242.0,2025-11-08
F004409,C0223,2025-11-23,2025-12-23,836360.0,2025-12-23
F004410,C0223,2025-11-15,2025-12-15,903312.0,
F004411,C0223,2026-01-21,2026-02-20,654752.0,2026-02-23
F004412,C0223,2026-01-24,2026-02-23,441226.0,2026-02-25
F004413,C0223,2026-01-15,2026-02-14,639912.0,2026-02-15
F004414,C0223,2026-02-01,2026-03-03,623811.0,2026-03-04
F004415,C0223,2026-05-25,2026-06-24,387255.0,2026-06-26
F004416,C0223,2026-05-02,2026-06-01,789482.0,2026-06-06
F004417,C0223,2026-05-02,2026-06-01,559026.0,2026-06-01
F004418,C0223,2026-06-05,2026-07-05,637715.0,2026-07-06
F004419,C0223,2026-06-01,2026-07-01,475134.0,
F004420,C0223,2026-07-10,2026-08-09,600769.0,2026-08-14
F004421,C0223,2026-07-07,2026-08-06,573506.0,2026-08-07
F004422,C0223,2026-08-13,2026-09-12,960194.0,
F004423,C0223,2026-08-01,2026-08-31,317813.0,2026-08-31
F004424,C0223,2026-08-14,2026-09-13,648163.0,
F004425,C0224,2025-07-26,2025-08-25,3207361.0,
F004426,C0224,2025-07-19,2025-08-18,4712755.0,2025-08-22
F004427,C0224,2025-08-23,2025-09-22,3318420.0,2025-09-22
F004428,C0224,2025-08-16,2025-09-15,5546399.0,2025-09-17
F004429,C0224,2025-12-12,2026-01-11,2305104.0,2026-01-14
F004430,C0224,2025-12-18,2026-01-17,4253214.0,2026-01-17
F004431,C0224,2026-01-13,2026-02-12,2654721.0,2026-02-14
F004432,C0224,2026-01-27,2026-02-26,6531357.0,2026-02-27
F004433,C0224,2026-02-06,2026-03-08,4108233.0,2026-03-08
F004434,C0224,2026-03-25,2026-04-24,2176062.0,2026-04-27
F004435,C0224,2026-03-04,2026-04-03,3359799.0,2026-04-04
F004436,C0224,2026-04-03,2026-05-03,2739081.0,2026-05-04
F004437,C0224,2026-04-05,2026-05-05,3174522.0,2026-05-07
F004438,C0224,2026-04-10,2026-05-10,2733954.0,2026-05-12
F004439,C0224,2026-07-24,2026-08-23,3624924.0,2026-08-24
F004440,C0224,2026-08-20,2026-09-19,3444883.0,
F004441,C0225,2025-07-21,2025-08-20,5500553.0,2025-08-20
F004442,C0225,2025-08-19,2025-09-18,6437445.0,2025-09-18
F004443,C0225,2025-09-12,2025-10-12,6564980.0,2025-10-12
F004444,C0225,2025-09-16,2025-10-16,6219434.0,2025-10-16
F004445,C0225,2025-10-26,2025-11-25,7861586.0,2025-11-27
F004446,C0225,2025-10-06,2025-11-05,3084797.0,2025-11-05
F004447,C0225,2025-11-13,2025-12-13,4699150.0,2025-12-16
F004448,C0225,2025-11-21,2025-12-21,4258123.0,2025-12-21
F004449,C0225,2025-11-01,2025-12-01,4566157.0,
F004450,C0225,2026-02-26,2026-03-28,3605320.0,2026-03-30
F004451,C0225,2026-02-05,2026-03-07,8146723.0,2026-03-08
F004452,C0225,2026-02-28,2026-03-30,4768785.0,2026-03-31
F004453,C0225,2026-03-14,2026-04-13,4775751.0,2026-04-14
F004454,C0225,2026-04-20,2026-05-20,2381060.0,2026-05-20
F004455,C0225,2026-04-21,2026-05-21,7021089.0,2026-05-22
F004456,C0225,2026-04-04,2026-05-04,3546993.0,2026-05-04
F004457,C0225,2026-05-28,2026-06-27,4654082.0,2026-06-27
F004458,C0225,2026-05-23,2026-06-22,4635429.0,2026-06-23
F004459,C0225,2026-06-03,2026-07-03,4658603.0,2026-07-05
F004460,C0225,2026-06-21,2026-07-21,3632467.0,2026-07-22
F004461,C0225,2026-06-19,2026-07-19,4964687.0,2026-07-20
F004462,C0225,2026-07-15,2026-08-14,2970910.0,2026-08-14
F004463,C0225,2026-07-16,2026-08-15,4269953.0,2026-08-15
F004464,C0225,2026-07-02,2026-08-01,3037817.0,2026-08-02
F004465,C0225,2026-08-01,2026-08-31,5371478.0,
F004466,C0225,2026-08-09,2026-09-08,6090242.0,
F004467,C0226,2025-09-15,2025-10-15,3033105.0,2025-10-15
F004468,C0226,2025-09-08,2025-10-08,2576959.0,2025-10-08
F004469,C0226,2025-10-09,2025-11-08,4908654.0,2025-11-11
F004470,C0226,2025-10-24,2025-11-23,3031641.0,2025-11-25
F004471,C0226,2025-10-02,2025-11-01,3231172.0,2025-11-03
F004472,C0226,2025-11-18,2025-12-18,1664502.0,2025-12-18
F004473,C0226,2025-11-14,2025-12-14,3697700.0,2025-12-14
F004474,C0226,2026-02-25,2026-03-27,3187898.0,2026-03-27
F004475,C0226,2026-02-08,2026-03-10,4383150.0,2026-03-10
F004476,C0226,2026-04-01,2026-05-01,2451581.0,2026-05-01
F004477,C0226,2026-04-10,2026-05-10,1980866.0,2026-05-11
F004478,C0226,2026-05-20,2026-06-19,2287991.0,2026-06-19
F004479,C0226,2026-05-18,2026-06-17,2242866.0,2026-06-19
F004480,C0226,2026-05-15,2026-06-14,2975115.0,2026-06-14
F004481,C0226,2026-06-15,2026-07-15,3287563.0,2026-07-16
F004482,C0226,2026-06-12,2026-07-12,1006463.0,2026-07-12
F004483,C0227,2025-07-01,2025-07-31,1905174.0,2025-07-31
F004484,C0227,2025-07-28,2025-08-27,1937557.0,2025-08-28
F004485,C0227,2025-07-16,2025-08-15,2217849.0,2025-08-16
F004486,C0227,2025-08-03,2025-09-02,4225797.0,2025-09-02
F004487,C0227,2025-09-06,2025-10-06,2173858.0,2025-10-06
F004488,C0227,2025-10-18,2025-11-17,4398265.0,2025-11-18
F004489,C0227,2025-10-26,2025-11-25,6255430.0,2025-11-25
F004490,C0227,2025-11-05,2025-12-05,2909736.0,2025-12-05
F004491,C0227,2025-12-11,2026-01-10,2877130.0,2026-01-10
F004492,C0227,2026-01-11,2026-02-10,3014328.0,2026-02-10
F004493,C0227,2026-02-24,2026-03-26,3435918.0,2026-03-28
F004494,C0227,2026-02-17,2026-03-19,6402229.0,2026-03-19
F004495,C0227,2026-02-18,2026-03-20,3071608.0,2026-03-20
F004496,C0227,2026-04-25,2026-05-25,4375991.0,2026-05-25
F004497,C0227,2026-05-01,2026-05-31,2103165.0,2026-05-31
F004498,C0227,2026-05-10,2026-06-09,8408959.0,2026-06-09
F004499,C0227,2026-07-02,2026-08-01,2483115.0,2026-08-01
F004500,C0227,2026-08-05,2026-09-04,4060981.0,
F004501,C0228,2025-07-23,2025-08-22,2742089.0,2025-08-23
F004502,C0228,2025-07-21,2025-08-20,2711191.0,2025-08-20
F004503,C0228,2025-08-13,2025-09-12,2747565.0,2025-09-13
F004504,C0228,2025-08-09,2025-09-08,5159158.0,2025-09-08
F004505,C0228,2025-09-07,2025-10-07,3855118.0,2025-10-08
F004506,C0228,2025-09-01,2025-10-01,3195920.0,2025-10-02
F004507,C0228,2025-10-04,2025-11-03,5608177.0,2025-11-04
F004508,C0228,2025-12-27,2026-01-26,3309396.0,2026-01-26
F004509,C0228,2025-12-11,2026-01-10,3855491.0,2026-01-10
F004510,C0228,2026-01-18,2026-02-17,3825535.0,2026-02-17
F004511,C0228,2026-01-06,2026-02-05,2852069.0,2026-02-05
F004512,C0228,2026-01-02,2026-02-01,3182762.0,2026-02-01
F004513,C0228,2026-02-01,2026-03-03,2514757.0,2026-03-03
F004514,C0228,2026-02-09,2026-03-11,5210056.0,2026-03-11
F004515,C0228,2026-03-24,2026-04-23,2724357.0,2026-04-23
F004516,C0228,2026-03-13,2026-04-12,2438971.0,2026-04-12
F004517,C0228,2026-04-27,2026-05-27,2072819.0,2026-05-27
F004518,C0228,2026-04-28,2026-05-28,3537291.0,2026-05-28
F004519,C0228,2026-04-12,2026-05-12,4494543.0,2026-05-15
F004520,C0228,2026-06-21,2026-07-21,2117041.0,2026-07-21
F004521,C0228,2026-07-26,2026-08-25,6569427.0,2026-08-26
F004522,C0228,2026-07-25,2026-08-24,3195731.0,2026-08-24
F004523,C0228,2026-07-11,2026-08-10,3749512.0,2026-08-10
F004524,C0228,2026-08-12,2026-09-11,4330134.0,
F004525,C0229,2025-07-21,2025-08-20,799135.0,2025-08-20
F004526,C0229,2025-07-01,2025-07-31,1005245.0,2025-07-31
F004527,C0229,2026-01-11,2026-02-10,902234.0,2026-02-10
F004528,C0229,2026-01-27,2026-02-26,1584451.0,2026-02-26
F004529,C0229,2026-01-04,2026-02-03,1850338.0,2026-02-03
F004530,C0229,2026-03-10,2026-04-09,835162.0,2026-04-09
F004531,C0229,2026-03-25,2026-04-24,1727298.0,2026-04-24
F004532,C0229,2026-03-05,2026-04-04,640035.0,2026-04-04
F004533,C0229,2026-05-08,2026-06-07,1126463.0,2026-06-08
F004534,C0229,2026-05-18,2026-06-17,955342.0,2026-06-17
F004535,C0230,2025-08-23,2025-09-22,1187745.0,2025-09-23
F004536,C0230,2025-08-23,2025-09-22,3189250.0,2025-09-22
F004537,C0230,2025-09-26,2025-10-26,2157647.0,2025-10-26
F004538,C0230,2025-11-17,2025-12-17,2319276.0,2025-12-17
F004539,C0230,2025-11-28,2025-12-28,1414997.0,2025-12-28
F004540,C0230,2025-11-23,2025-12-23,2857767.0,2025-12-23
F004541,C0230,2026-01-15,2026-02-14,2359770.0,2026-02-14
F004542,C0230,2026-01-17,2026-02-16,2531984.0,2026-02-16
F004543,C0230,2026-02-03,2026-03-05,3027902.0,2026-03-05
F004544,C0230,2026-02-07,2026-03-09,1412851.0,2026-03-09
F004545,C0230,2026-03-12,2026-04-11,5759760.0,2026-04-11
F004546,C0230,2026-03-01,2026-03-31,1853725.0,2026-03-31
F004547,C0230,2026-03-10,2026-04-09,2083067.0,2026-04-09
F004548,C0230,2026-06-03,2026-07-03,2232009.0,2026-07-03
F004549,C0230,2026-07-10,2026-08-09,2928394.0,2026-08-09
F004550,C0230,2026-08-05,2026-09-04,4079890.0,
F004551,C0231,2025-09-04,2025-10-04,2700414.0,2025-10-04
F004552,C0231,2026-05-16,2026-06-15,2530077.0,2026-06-16
F004553,C0231,2026-05-24,2026-06-23,2298076.0,2026-06-23
F004554,C0232,2025-07-22,2025-08-21,1067516.0,2025-08-21
F004555,C0232,2025-09-07,2025-10-07,1297075.0,2025-10-08
F004556,C0232,2025-09-25,2025-10-25,983138.0,2025-10-26
F004557,C0232,2025-09-15,2025-10-15,2270380.0,2025-10-16
F004558,C0232,2026-01-09,2026-02-08,1145213.0,2026-02-08
F004559,C0232,2026-02-02,2026-03-04,1254031.0,2026-03-06
F004560,C0232,2026-02-09,2026-03-11,381845.0,2026-03-11
F004561,C0232,2026-03-02,2026-04-01,640898.0,2026-04-02
F004562,C0232,2026-03-12,2026-04-11,721934.0,2026-04-11
F004563,C0232,2026-04-14,2026-05-14,790557.0,2026-05-14
F004564,C0232,2026-04-03,2026-05-03,1241466.0,
F004565,C0232,2026-06-11,2026-07-11,736173.0,2026-07-11
F004566,C0232,2026-06-13,2026-07-13,912414.0,2026-07-13
F004567,C0233,2025-09-04,2025-10-04,450239.0,2025-10-05
F004568,C0233,2025-11-25,2025-12-25,333950.0,2025-12-26
F004569,C0233,2026-01-14,2026-02-13,522584.0,2026-02-14
F004570,C0233,2026-01-21,2026-02-20,257030.0,2026-02-20
F004571,C0233,2026-02-08,2026-03-10,214766.0,2026-03-10
F004572,C0233,2026-04-22,2026-05-22,229120.0,2026-05-22
F004573,C0233,2026-04-24,2026-05-24,539698.0,2026-05-24
F004574,C0233,2026-05-06,2026-06-05,868386.0,2026-06-07
F004575,C0233,2026-08-05,2026-09-04,486486.0,
F004576,C0233,2026-08-19,2026-09-18,428896.0,
F004577,C0234,2025-08-01,2025-08-31,1839496.0,2025-09-03
F004578,C0234,2025-08-20,2025-09-19,1018604.0,2025-09-20
F004579,C0234,2025-09-23,2025-10-23,3176743.0,2025-10-24
F004580,C0234,2025-09-20,2025-10-20,1183959.0,2025-10-21
F004581,C0234,2025-09-24,2025-10-24,1551876.0,2025-10-25
F004582,C0234,2025-10-04,2025-11-03,2016443.0,2025-11-05
F004583,C0234,2025-11-18,2025-12-18,1404413.0,2025-12-18
F004584,C0234,2026-01-09,2026-02-08,1428990.0,2026-02-08
F004585,C0234,2026-02-24,2026-03-26,2846829.0,2026-03-27
F004586,C0234,2026-02-18,2026-03-20,1144621.0,
F004587,C0234,2026-02-25,2026-03-27,1421679.0,2026-04-01
F004588,C0234,2026-03-26,2026-04-25,2120223.0,2026-04-29
F004589,C0234,2026-03-17,2026-04-16,2908377.0,2026-04-19
F004590,C0234,2026-03-10,2026-04-09,1661253.0,2026-04-11
F004591,C0234,2026-05-09,2026-06-08,2395623.0,2026-06-10
F004592,C0234,2026-06-22,2026-07-22,1485739.0,2026-07-23
F004593,C0234,2026-07-25,2026-08-24,1480373.0,2026-08-25
F004594,C0235,2025-07-13,2025-08-12,3598798.0,2025-08-14
F004595,C0235,2025-07-23,2025-08-22,2298301.0,2025-08-22
F004596,C0235,2025-07-09,2025-08-08,3653486.0,2025-08-09
F004597,C0235,2025-09-06,2025-10-06,2265717.0,2025-10-06
F004598,C0235,2025-09-18,2025-10-18,2482135.0,2025-10-18
F004599,C0235,2025-10-04,2025-11-03,2785907.0,2025-11-04
F004600,C0235,2025-10-26,2025-11-25,2640108.0,
F004601,C0235,2025-11-24,2025-12-24,3141027.0,
F004602,C0235,2025-11-16,2025-12-16,4554246.0,2025-12-16
F004603,C0235,2025-11-13,2025-12-13,6354834.0,2025-12-14
F004604,C0235,2025-12-02,2026-01-01,2356109.0,2026-01-02
F004605,C0235,2025-12-02,2026-01-01,4350202.0,
F004606,C0235,2026-01-26,2026-02-25,3130566.0,2026-02-25
F004607,C0235,2026-01-05,2026-02-04,2289832.0,2026-02-04
F004608,C0235,2026-01-10,2026-02-09,1080368.0,2026-02-09
F004609,C0235,2026-02-13,2026-03-15,1705087.0,2026-03-15
F004610,C0235,2026-02-22,2026-03-24,4814221.0,2026-03-24
F004611,C0235,2026-02-12,2026-03-14,5999333.0,2026-03-15
F004612,C0235,2026-04-15,2026-05-15,2114508.0,2026-05-16
F004613,C0235,2026-04-16,2026-05-16,2008293.0,
F004614,C0235,2026-05-24,2026-06-23,2216646.0,2026-06-24
F004615,C0235,2026-05-20,2026-06-19,5424547.0,2026-06-21
F004616,C0235,2026-05-27,2026-06-26,2419680.0,2026-06-26
F004617,C0235,2026-07-15,2026-08-14,3599671.0,2026-08-14
F004618,C0235,2026-07-26,2026-08-25,2659841.0,2026-08-25
F004619,C0235,2026-07-01,2026-07-31,2123222.0,2026-07-31
F004620,C0235,2026-08-14,2026-09-13,2565253.0,
F004621,C0235,2026-08-25,2026-09-24,5082776.0,
F004622,C0236,2025-07-04,2025-08-03,2510498.0,2025-08-03
F004623,C0236,2025-07-24,2025-08-23,2144563.0,2025-08-23
F004624,C0236,2025-07-03,2025-08-02,2270843.0,2025-08-04
F004625,C0236,2025-08-20,2025-09-19,2771466.0,2025-09-21
F004626,C0236,2025-08-01,2025-08-31,2345870.0,2025-09-01
F004627,C0236,2025-08-08,2025-09-07,2956730.0,2025-09-07
F004628,C0236,2025-10-05,2025-11-04,3592698.0,2025-11-04
F004629,C0236,2025-10-17,2025-11-16,2164696.0,2025-11-18
F004630,C0236,2025-12-09,2026-01-08,2677436.0,2026-01-09
F004631,C0236,2025-12-07,2026-01-06,1666241.0,2026-01-07
F004632,C0236,2026-03-12,2026-04-11,4797432.0,2026-04-14
F004633,C0236,2026-03-02,2026-04-01,2230785.0,2026-04-01
F004634,C0236,2026-04-25,2026-05-25,2473428.0,2026-05-26
F004635,C0236,2026-04-12,2026-05-12,1006350.0,2026-05-12
F004636,C0236,2026-05-23,2026-06-22,3701285.0,2026-06-23
F004637,C0236,2026-05-06,2026-06-05,3384511.0,2026-06-08
F004638,C0236,2026-05-14,2026-06-13,2618172.0,2026-06-13
F004639,C0236,2026-07-28,2026-08-27,1931594.0,2026-08-27
F004640,C0236,2026-07-03,2026-08-02,1647462.0,2026-08-04
F004641,C0237,2025-07-15,2025-08-14,1750474.0,2025-08-14
F004642,C0237,2025-10-07,2025-11-06,1225525.0,2025-11-07
F004643,C0237,2025-10-17,2025-11-16,1107247.0,2025-11-16
F004644,C0237,2025-10-12,2025-11-11,1763096.0,2025-11-11
F004645,C0237,2025-12-20,2026-01-19,2325963.0,2026-01-19
F004646,C0237,2025-12-15,2026-01-14,1240493.0,2026-01-16
F004647,C0238,2025-07-14,2025-08-13,605914.0,2025-08-15
F004648,C0238,2025-07-27,2025-08-26,769348.0,2025-08-29
F004649,C0238,2025-07-09,2025-08-08,899895.0,2025-08-08
F004650,C0238,2025-09-21,2025-10-21,582982.0,2025-10-23
F004651,C0238,2025-10-12,2025-11-11,487835.0,2025-11-11
F004652,C0238,2025-10-04,2025-11-03,1533939.0,2025-11-08
F004653,C0238,2025-10-26,2025-11-25,1316689.0,2025-11-27
F004654,C0238,2025-12-01,2025-12-31,1581352.0,2026-01-02
F004655,C0238,2025-12-16,2026-01-15,1222336.0,2026-01-20
F004656,C0238,2026-01-02,2026-02-01,1084549.0,2026-02-02
F004657,C0238,2026-01-12,2026-02-11,587091.0,
F004658,C0238,2026-01-22,2026-02-21,662251.0,2026-02-23
F004659,C0238,2026-02-06,2026-03-08,418701.0,
F004660,C0238,2026-02-03,2026-03-05,695436.0,
F004661,C0238,2026-02-09,2026-03-11,1420912.0,2026-03-11
F004662,C0238,2026-03-23,2026-04-22,978071.0,2026-04-24
F004663,C0238,2026-03-19,2026-04-18,788325.0,2026-04-21
F004664,C0238,2026-04-06,2026-05-06,656550.0,
F004665,C0238,2026-07-08,2026-08-07,540746.0,2026-08-22
F004666,C0238,2026-07-28,2026-08-27,1051957.0,
F004667,C0238,2026-08-14,2026-09-13,862896.0,
F004668,C0238,2026-08-10,2026-09-09,861704.0,
F004669,C0239,2025-07-03,2025-08-02,2858494.0,2025-08-03
F004670,C0239,2025-07-16,2025-08-15,3534941.0,2025-08-15
F004671,C0239,2025-08-14,2025-09-13,3957836.0,2025-09-14
F004672,C0239,2025-08-24,2025-09-23,2211945.0,2025-09-24
F004673,C0239,2025-09-20,2025-10-20,4544082.0,2025-10-20
F004674,C0239,2025-09-27,2025-10-27,5158691.0,2025-10-27
F004675,C0239,2025-09-22,2025-10-22,3890051.0,2025-10-22
F004676,C0239,2025-10-05,2025-11-04,4366589.0,2025-11-05
F004677,C0239,2025-10-09,2025-11-08,2660313.0,2025-11-08
F004678,C0239,2025-10-06,2025-11-05,3429787.0,2025-11-06
F004679,C0239,2025-11-25,2025-12-25,1592548.0,2025-12-25
F004680,C0239,2025-11-18,2025-12-18,2728581.0,2025-12-18
F004681,C0239,2025-11-05,2025-12-05,3667182.0,2025-12-05
F004682,C0239,2025-12-16,2026-01-15,2799813.0,2026-01-15
F004683,C0239,2026-01-26,2026-02-25,1677588.0,2026-02-25
F004684,C0239,2026-01-14,2026-02-13,2239007.0,2026-02-13
F004685,C0239,2026-02-05,2026-03-07,3228344.0,2026-03-07
F004686,C0239,2026-02-26,2026-03-28,7741482.0,2026-03-28
F004687,C0239,2026-03-17,2026-04-16,2751006.0,2026-04-17
F004688,C0239,2026-03-11,2026-04-10,3551317.0,2026-04-10
F004689,C0239,2026-06-18,2026-07-18,2938617.0,2026-07-18
F004690,C0239,2026-06-13,2026-07-13,2742624.0,
F004691,C0239,2026-06-11,2026-07-11,3645708.0,2026-07-11
F004692,C0239,2026-07-08,2026-08-07,3798727.0,2026-08-07
F004693,C0239,2026-07-24,2026-08-23,5951715.0,2026-08-23
F004694,C0239,2026-07-10,2026-08-09,4577927.0,2026-08-09
F004695,C0239,2026-08-16,2026-09-15,2706869.0,
F004696,C0239,2026-08-12,2026-09-11,2600493.0,
F004697,C0240,2025-08-12,2025-09-11,1278311.0,2025-09-13
F004698,C0240,2025-10-04,2025-11-03,1244773.0,2025-11-03
F004699,C0240,2025-10-02,2025-11-01,1977887.0,2025-11-02
F004700,C0240,2025-10-17,2025-11-16,1494159.0,2025-11-16
F004701,C0240,2025-11-15,2025-12-15,1711866.0,2025-12-16
F004702,C0240,2025-11-08,2025-12-08,1733072.0,
F004703,C0240,2025-11-02,2025-12-02,2254910.0,
F004704,C0240,2026-01-13,2026-02-12,1278365.0,
F004705,C0240,2026-03-10,2026-04-09,1478187.0,2026-04-09
F004706,C0240,2026-03-21,2026-04-20,1299658.0,2026-04-23
F004707,C0240,2026-03-13,2026-04-12,2438183.0,2026-04-12
F004708,C0240,2026-05-12,2026-06-11,1332530.0,2026-06-11
F004709,C0240,2026-05-20,2026-06-19,1587880.0,2026-06-19
F004710,C0240,2026-06-09,2026-07-09,830756.0,2026-07-12
F004711,C0240,2026-06-04,2026-07-04,4219395.0,2026-07-04
F004712,C0240,2026-06-23,2026-07-23,1894858.0,2026-07-24
F004713,C0240,2026-08-09,2026-09-08,1312647.0,
F004714,C0240,2026-08-01,2026-08-31,1200137.0,
F004715,C0241,2025-07-24,2025-08-23,2399065.0,2025-08-23
F004716,C0241,2025-07-23,2025-08-22,2167092.0,2025-08-22
F004717,C0241,2025-07-16,2025-08-15,3371536.0,2025-08-17
F004718,C0241,2025-10-11,2025-11-10,2027858.0,2025-11-10
F004719,C0241,2025-10-03,2025-11-02,2592318.0,2025-11-03
F004720,C0241,2025-10-03,2025-11-02,2416611.0,2025-11-05
F004721,C0241,2025-11-19,2025-12-19,1533990.0,2025-12-19
F004722,C0241,2025-11-03,2025-12-03,831196.0,2025-12-04
F004723,C0241,2026-01-05,2026-02-04,1142861.0,2026-02-05
F004724,C0241,2026-01-16,2026-02-15,1334311.0,2026-02-16
F004725,C0241,2026-02-22,2026-03-24,1781398.0,2026-03-27
F004726,C0241,2026-02-18,2026-03-20,2278242.0,2026-03-21
F004727,C0241,2026-05-15,2026-06-14,933976.0,2026-06-14
F004728,C0241,2026-05-04,2026-06-03,2062807.0,2026-06-03
F004729,C0241,2026-05-20,2026-06-19,2670472.0,
F004730,C0242,2025-07-20,2025-08-19,1611987.0,2025-08-19
F004731,C0242,2025-09-16,2025-10-16,1917936.0,2025-10-16
F004732,C0242,2025-09-19,2025-10-19,1324084.0,2025-10-19
F004733,C0242,2025-09-25,2025-10-25,1473930.0,2025-10-26
F004734,C0242,2026-01-28,2026-02-27,1533609.0,2026-02-27
F004735,C0242,2026-02-11,2026-03-13,2680160.0,2026-03-14
F004736,C0242,2026-02-27,2026-03-29,1649159.0,2026-03-29
F004737,C0242,2026-03-23,2026-04-22,1368430.0,2026-04-23
F004738,C0242,2026-03-01,2026-03-31,1658321.0,2026-03-31
F004739,C0242,2026-04-02,2026-05-02,1653036.0,2026-05-04
F004740,C0242,2026-04-16,2026-05-16,859983.0,2026-05-17
F004741,C0242,2026-04-07,2026-05-07,1238807.0,2026-05-09
F004742,C0242,2026-05-19,2026-06-18,2540708.0,2026-06-18
F004743,C0242,2026-06-07,2026-07-07,3000670.0,2026-07-07
F004744,C0242,2026-06-07,2026-07-07,1263034.0,2026-07-07
F004745,C0242,2026-06-14,2026-07-14,2096794.0,2026-07-14
F004746,C0242,2026-07-23,2026-08-22,2287352.0,2026-08-24
F004747,C0243,2025-08-04,2025-09-03,1314138.0,2025-09-03
F004748,C0243,2025-10-04,2025-11-03,2090666.0,2025-11-05
F004749,C0243,2025-10-06,2025-11-05,917507.0,2025-11-05
F004750,C0243,2025-10-16,2025-11-15,1694171.0,2025-11-15
F004751,C0243,2025-11-05,2025-12-05,3679528.0,2025-12-05
F004752,C0243,2025-12-14,2026-01-13,1138433.0,2026-01-13
F004753,C0243,2026-01-23,2026-02-22,1922944.0,2026-02-24
F004754,C0243,2026-01-21,2026-02-20,943847.0,2026-02-20
F004755,C0243,2026-03-27,2026-04-26,921916.0,2026-04-27
F004756,C0243,2026-03-13,2026-04-12,1222179.0,2026-04-13
F004757,C0243,2026-03-08,2026-04-07,2004308.0,2026-04-08
F004758,C0243,2026-04-07,2026-05-07,1573497.0,2026-05-09
F004759,C0243,2026-06-09,2026-07-09,2174770.0,2026-07-09
F004760,C0244,2025-07-14,2025-08-13,353704.0,2025-08-13
F004761,C0244,2025-10-06,2025-11-05,186250.0,2025-11-05
F004762,C0244,2025-10-02,2025-11-01,611026.0,2025-11-01
F004763,C0244,2025-12-04,2026-01-03,268403.0,2026-01-03
F004764,C0244,2025-12-26,2026-01-25,304399.0,2026-01-25
F004765,C0244,2026-01-01,2026-01-31,699252.0,2026-01-31
F004766,C0244,2026-01-16,2026-02-15,438605.0,2026-02-15
F004767,C0244,2026-02-07,2026-03-09,322884.0,2026-03-09
F004768,C0244,2026-02-18,2026-03-20,649833.0,2026-03-22
F004769,C0244,2026-05-10,2026-06-09,197128.0,2026-06-09
F004770,C0244,2026-06-16,2026-07-16,412718.0,2026-07-17
F004771,C0244,2026-06-23,2026-07-23,355558.0,2026-07-23
F004772,C0244,2026-06-10,2026-07-10,589312.0,2026-07-12
F004773,C0244,2026-07-20,2026-08-19,452003.0,
F004774,C0244,2026-07-20,2026-08-19,471922.0,2026-08-20
F004775,C0244,2026-07-07,2026-08-06,340886.0,
F004776,C0244,2026-08-19,2026-09-18,251213.0,
F004777,C0245,2025-07-26,2025-08-25,617272.0,2025-08-25
F004778,C0245,2025-07-17,2025-08-16,1058714.0,2025-08-16
F004779,C0245,2025-10-17,2025-11-16,1163514.0,2025-11-16
F004780,C0245,2025-10-11,2025-11-10,482447.0,2025-11-10
F004781,C0245,2025-11-15,2025-12-15,1673406.0,2025-12-15
F004782,C0245,2025-11-10,2025-12-10,679191.0,2025-12-10
F004783,C0245,2026-01-20,2026-02-19,1501077.0,
F004784,C0245,2026-01-22,2026-02-21,1947996.0,2026-02-22
F004785,C0245,2026-01-13,2026-02-12,917016.0,2026-02-12
F004786,C0245,2026-02-17,2026-03-19,1158948.0,2026-03-19
F004787,C0245,2026-02-02,2026-03-04,964938.0,2026-03-05
F004788,C0245,2026-02-01,2026-03-03,1294760.0,2026-03-04
F004789,C0245,2026-03-12,2026-04-11,1070664.0,2026-04-11
F004790,C0245,2026-03-12,2026-04-11,949629.0,2026-04-11
F004791,C0245,2026-04-14,2026-05-14,1146513.0,2026-05-14
F004792,C0245,2026-05-14,2026-06-13,604584.0,2026-06-13
F004793,C0245,2026-05-19,2026-06-18,986718.0,2026-06-18
F004794,C0245,2026-05-14,2026-06-13,931971.0,2026-06-14
F004795,C0245,2026-06-04,2026-07-04,1013802.0,2026-07-04
F004796,C0245,2026-06-24,2026-07-24,1371177.0,2026-07-24
F004797,C0246,2025-07-12,2025-08-11,3895205.0,2025-08-12
F004798,C0246,2025-08-17,2025-09-16,3022791.0,2025-09-17
F004799,C0246,2025-09-02,2025-10-02,4100763.0,2025-10-02
F004800,C0246,2025-10-18,2025-11-17,2590233.0,2025-11-17
F004801,C0246,2025-11-01,2025-12-01,2381670.0,2025-12-02
F004802,C0246,2025-12-22,2026-01-21,2888611.0,2026-01-21
F004803,C0246,2026-01-07,2026-02-06,2075361.0,2026-02-10
F004804,C0246,2026-02-03,2026-03-05,2784770.0,2026-03-05
F004805,C0246,2026-03-06,2026-04-05,3973075.0,2026-04-09
F004806,C0246,2026-03-15,2026-04-14,1594127.0,2026-04-14
F004807,C0246,2026-03-26,2026-04-25,6480008.0,2026-04-26
F004808,C0246,2026-04-09,2026-05-09,3297157.0,2026-05-09
F004809,C0246,2026-04-14,2026-05-14,2373509.0,2026-05-14
F004810,C0246,2026-04-27,2026-05-27,3596404.0,2026-05-27
F004811,C0246,2026-05-01,2026-05-31,3083251.0,2026-06-04
F004812,C0246,2026-05-18,2026-06-17,3875112.0,2026-06-17
F004813,C0246,2026-06-28,2026-07-28,6381738.0,2026-07-28
F004814,C0246,2026-06-07,2026-07-07,3702917.0,2026-07-07
F004815,C0246,2026-06-12,2026-07-12,6666561.0,2026-07-13
F004816,C0246,2026-07-18,2026-08-17,6120827.0,2026-08-18
F004817,C0246,2026-07-28,2026-08-27,5298670.0,2026-08-28
F004818,C0246,2026-07-14,2026-08-13,4017246.0,2026-08-13
F004819,C0246,2026-08-07,2026-09-06,3917844.0,
F004820,C0246,2026-08-01,2026-08-31,3559646.0,2026-08-31
F004821,C0247,2025-08-16,2025-09-15,732028.0,2025-09-15
F004822,C0247,2025-08-19,2025-09-18,486724.0,2025-09-18
F004823,C0247,2025-08-20,2025-09-19,565081.0,2025-09-19
F004824,C0247,2025-09-08,2025-10-08,414349.0,2025-10-08
F004825,C0247,2025-09-26,2025-10-26,759852.0,2025-10-26
F004826,C0247,2025-10-28,2025-11-27,746088.0,2025-11-28
F004827,C0247,2025-11-20,2025-12-20,493349.0,2025-12-20
F004828,C0247,2025-11-23,2025-12-23,476506.0,2025-12-23
F004829,C0247,2026-01-28,2026-02-27,511857.0,2026-02-27
F004830,C0247,2026-01-25,2026-02-24,429421.0,2026-02-24
F004831,C0247,2026-03-08,2026-04-07,520658.0,2026-04-07
F004832,C0247,2026-03-08,2026-04-07,485125.0,2026-04-07
F004833,C0247,2026-05-10,2026-06-09,542458.0,2026-06-10
F004834,C0247,2026-06-04,2026-07-04,871250.0,2026-07-04
F004835,C0247,2026-06-10,2026-07-10,898023.0,2026-07-10
F004836,C0247,2026-06-18,2026-07-18,389145.0,2026-07-20
F004837,C0248,2025-08-02,2025-09-01,1320011.0,2025-09-02
F004838,C0248,2025-08-27,2025-09-26,966051.0,2025-09-26
F004839,C0248,2025-08-01,2025-08-31,1172114.0,2025-09-04
F004840,C0248,2025-09-24,2025-10-24,1501631.0,2025-10-25
F004841,C0248,2025-10-17,2025-11-16,1434708.0,
F004842,C0248,2025-10-21,2025-11-20,1281513.0,2025-11-20
F004843,C0248,2025-10-15,2025-11-14,851022.0,2025-11-15
F004844,C0248,2025-11-25,2025-12-25,1789034.0,2025-12-25
F004845,C0248,2025-11-09,2025-12-09,1195893.0,2025-12-11
F004846,C0248,2025-12-08,2026-01-07,1471354.0,2026-01-07
F004847,C0248,2026-01-14,2026-02-13,1999434.0,2026-02-13
F004848,C0248,2026-01-18,2026-02-17,1939099.0,2026-02-19
F004849,C0248,2026-04-28,2026-05-28,990733.0,2026-05-31
F004850,C0248,2026-04-19,2026-05-19,1129078.0,2026-05-20
F004851,C0248,2026-04-14,2026-05-14,553961.0,2026-05-15
F004852,C0248,2026-06-23,2026-07-23,860772.0,2026-07-28
F004853,C0248,2026-06-18,2026-07-18,1445262.0,2026-07-19
F004854,C0248,2026-08-13,2026-09-12,1660579.0,
F004855,C0248,2026-08-07,2026-09-06,852888.0,
F004856,C0248,2026-08-13,2026-09-12,1663009.0,
F004857,C0249,2025-07-18,2025-08-17,3687398.0,2025-08-19
F004858,C0249,2025-07-26,2025-08-25,1044721.0,2025-08-27
F004859,C0249,2026-02-04,2026-03-06,1559215.0,2026-03-06
F004860,C0249,2026-03-12,2026-04-11,2250095.0,2026-04-11
F004861,C0249,2026-06-27,2026-07-27,1209934.0,2026-07-27
F004862,C0249,2026-06-27,2026-07-27,696309.0,2026-07-27
F004863,C0249,2026-07-16,2026-08-15,1745567.0,
F004864,C0249,2026-07-15,2026-08-14,1531880.0,2026-08-16
F004865,C0249,2026-08-27,2026-09-26,1318600.0,
F004866,C0249,2026-08-24,2026-09-23,1527293.0,
F004867,C0249,2026-08-21,2026-09-20,1922982.0,
F004868,C0250,2025-07-12,2025-08-11,1290013.0,2025-08-12
F004869,C0250,2025-07-27,2025-08-26,1154504.0,2025-08-27
F004870,C0250,2025-09-13,2025-10-13,1145893.0,2025-10-13
F004871,C0250,2025-10-25,2025-11-24,720983.0,2025-11-24
F004872,C0250,2026-02-08,2026-03-10,1524860.0,2026-03-12
F004873,C0250,2026-03-28,2026-04-27,852659.0,2026-04-28
F004874,C0250,2026-04-21,2026-05-21,972253.0,2026-05-23
F004875,C0250,2026-04-07,2026-05-07,1284948.0,2026-05-07
F004876,C0250,2026-04-04,2026-05-04,1717698.0,2026-05-04
F004877,C0250,2026-06-17,2026-07-17,1409839.0,2026-07-18
F004878,C0250,2026-06-01,2026-07-01,1410127.0,2026-07-02
F004879,C0251,2025-08-23,2025-09-22,1711129.0,2025-09-22
F004880,C0251,2025-09-05,2025-10-05,1499721.0,2025-10-07
F004881,C0251,2025-11-17,2025-12-17,2639493.0,
F004882,C0251,2026-04-22,2026-05-22,3831586.0,
F004883,C0251,2026-04-27,2026-05-27,1076713.0,
F004884,C0252,2025-09-22,2025-10-22,256446.0,2025-10-24
F004885,C0252,2025-09-18,2025-10-18,282817.0,2025-10-20
F004886,C0252,2025-09-15,2025-10-15,860877.0,
F004887,C0252,2025-12-24,2026-01-23,348120.0,2026-01-26
F004888,C0252,2026-02-20,2026-03-22,237144.0,2026-03-27
F004889,C0252,2026-02-02,2026-03-04,363288.0,2026-03-04
F004890,C0252,2026-02-15,2026-03-17,348594.0,2026-03-20
F004891,C0252,2026-04-12,2026-05-12,589021.0,2026-05-12
F004892,C0252,2026-04-20,2026-05-20,285614.0,2026-05-20
F004893,C0252,2026-06-04,2026-07-04,591042.0,2026-07-04
F004894,C0252,2026-06-16,2026-07-16,425768.0,2026-07-17
F004895,C0252,2026-07-11,2026-08-10,1180964.0,2026-08-11
F004896,C0253,2025-07-19,2025-08-18,1488632.0,2025-08-18
F004897,C0253,2025-09-20,2025-10-20,1514823.0,2025-10-21
F004898,C0253,2025-09-04,2025-10-04,2916421.0,2025-10-05
F004899,C0253,2025-09-21,2025-10-21,1935989.0,2025-10-22
F004900,C0253,2025-10-16,2025-11-15,1153705.0,2025-11-15
F004901,C0253,2025-10-06,2025-11-05,1188722.0,2025-11-05
F004902,C0253,2025-10-07,2025-11-06,1943265.0,2025-11-06
F004903,C0253,2025-11-16,2025-12-16,1681665.0,2025-12-17
F004904,C0253,2025-11-12,2025-12-12,1364700.0,2025-12-12
F004905,C0253,2025-11-09,2025-12-09,1758495.0,2025-12-09
F004906,C0253,2025-12-10,2026-01-09,1939657.0,2026-01-09
F004907,C0253,2026-01-19,2026-02-18,1690952.0,2026-02-19
F004908,C0253,2026-02-21,2026-03-23,1886497.0,2026-03-23
F004909,C0253,2026-02-05,2026-03-07,2129769.0,2026-03-07
F004910,C0253,2026-03-11,2026-04-10,4481793.0,2026-04-11
F004911,C0253,2026-05-07,2026-06-06,1604118.0,2026-06-07
F004912,C0254,2025-07-20,2025-08-19,1990152.0,2025-08-20
F004913,C0254,2025-07-06,2025-08-05,1577530.0,2025-08-06
F004914,C0254,2025-09-22,2025-10-22,2318447.0,2025-10-22
F004915,C0254,2025-11-20,2025-12-20,1831268.0,2025-12-20
F004916,C0254,2025-11-09,2025-12-09,2648083.0,2025-12-11
F004917,C0254,2025-11-22,2025-12-22,1724945.0,2025-12-22
F004918,C0254,2025-12-25,2026-01-24,1758173.0,2026-01-24
F004919,C0254,2025-12-23,2026-01-22,1664497.0,
F004920,C0254,2026-01-13,2026-02-12,962093.0,2026-02-13
F004921,C0254,2026-01-13,2026-02-12,2156300.0,2026-02-12
F004922,C0254,2026-01-16,2026-02-15,1068164.0,2026-02-15
F004923,C0254,2026-02-05,2026-03-07,853436.0,2026-03-07
F004924,C0254,2026-04-27,2026-05-27,2050302.0,2026-05-27
F004925,C0254,2026-04-26,2026-05-26,1614777.0,2026-05-28
F004926,C0254,2026-05-20,2026-06-19,1361233.0,2026-06-22
F004927,C0254,2026-05-06,2026-06-05,2232146.0,2026-06-05
F004928,C0254,2026-06-10,2026-07-10,978075.0,2026-07-13
F004929,C0254,2026-06-02,2026-07-02,921545.0,2026-07-02
F004930,C0254,2026-06-21,2026-07-21,2325516.0,2026-07-21
F004931,C0254,2026-07-03,2026-08-02,2644046.0,2026-08-02
F004932,C0254,2026-07-20,2026-08-19,2811713.0,2026-08-19
F004933,C0254,2026-07-02,2026-08-01,1772057.0,
F004934,C0254,2026-08-16,2026-09-15,1121931.0,
F004935,C0254,2026-08-15,2026-09-14,1931962.0,
F004936,C0254,2026-08-08,2026-09-07,1609305.0,
F004937,C0255,2025-07-08,2025-08-07,446409.0,2025-08-07
F004938,C0255,2025-09-23,2025-10-23,694906.0,2025-10-23
F004939,C0255,2025-09-19,2025-10-19,465562.0,2025-10-19
F004940,C0255,2025-09-22,2025-10-22,571874.0,2025-10-22
F004941,C0255,2025-11-13,2025-12-13,889169.0,2025-12-13
F004942,C0255,2025-11-22,2025-12-22,456012.0,2025-12-22
F004943,C0255,2025-11-20,2025-12-20,822691.0,2025-12-22
F004944,C0255,2025-12-09,2026-01-08,1668893.0,2026-01-08
F004945,C0255,2026-01-21,2026-02-20,475610.0,2026-02-22
F004946,C0255,2026-01-05,2026-02-04,397344.0,2026-02-04
F004947,C0255,2026-02-14,2026-03-16,688641.0,2026-03-16
F004948,C0255,2026-02-11,2026-03-13,1052031.0,2026-03-14
F004949,C0255,2026-02-27,2026-03-29,1611510.0,2026-03-30
F004950,C0255,2026-03-13,2026-04-12,955517.0,2026-04-12
F004951,C0255,2026-03-08,2026-04-07,658423.0,2026-04-07
F004952,C0255,2026-04-09,2026-05-09,590657.0,2026-05-10
F004953,C0255,2026-04-27,2026-05-27,673294.0,2026-05-27
F004954,C0255,2026-07-16,2026-08-15,810150.0,2026-08-15
F004955,C0255,2026-07-17,2026-08-16,792609.0,2026-08-17
F004956,C0255,2026-08-15,2026-09-14,759181.0,
F004957,C0255,2026-08-09,2026-09-08,1082512.0,
F004958,C0256,2025-07-08,2025-08-07,2256233.0,2025-08-10
F004959,C0256,2025-08-24,2025-09-23,2645568.0,2025-09-25
F004960,C0256,2025-09-04,2025-10-04,3179009.0,2025-10-06
F004961,C0256,2025-10-05,2025-11-04,3496674.0,2025-11-07
F004962,C0256,2025-11-16,2025-12-16,2828618.0,
F004963,C0256,2025-12-18,2026-01-17,5308036.0,2026-01-17
F004964,C0256,2026-02-12,2026-03-14,1663536.0,
F004965,C0256,2026-02-24,2026-03-26,1979003.0,2026-03-28
F004966,C0256,2026-03-17,2026-04-16,2794690.0,2026-04-16
F004967,C0256,2026-03-05,2026-04-04,1252930.0,
F004968,C0256,2026-04-01,2026-05-01,4215469.0,2026-05-04
F004969,C0256,2026-04-15,2026-05-15,3102965.0,2026-05-18
F004970,C0256,2026-04-21,2026-05-21,2287116.0,2026-05-21
F004971,C0256,2026-06-24,2026-07-24,2489115.0,2026-07-25
F004972,C0256,2026-06-21,2026-07-21,2343047.0,
F004973,C0256,2026-07-05,2026-08-04,1880647.0,2026-08-06
F004974,C0256,2026-08-25,2026-09-24,2655202.0,
F004975,C0256,2026-08-11,2026-09-10,2980508.0,
F004976,C0256,2026-08-04,2026-09-03,5295027.0,
F004977,C0257,2025-07-13,2025-08-12,3536238.0,2025-08-19
F004978,C0257,2025-07-10,2025-08-09,2240877.0,2025-08-11
F004979,C0257,2025-08-09,2025-09-08,4544057.0,2025-09-08
F004980,C0257,2025-08-23,2025-09-22,1164759.0,2025-09-22
F004981,C0257,2025-08-14,2025-09-13,2333377.0,2025-09-14
F004982,C0257,2025-09-27,2025-10-27,2668714.0,2025-10-29
F004983,C0257,2025-09-19,2025-10-19,2997265.0,
F004984,C0257,2025-10-04,2025-11-03,2186080.0,2025-11-05
F004985,C0257,2025-10-24,2025-11-23,1869289.0,2025-11-29
F004986,C0257,2025-11-12,2025-12-12,1767190.0,2025-12-12
F004987,C0257,2025-11-09,2025-12-09,3379722.0,2025-12-11
F004988,C0257,2025-11-20,2025-12-20,2726901.0,2025-12-20
F004989,C0257,2025-12-03,2026-01-02,3148812.0,2026-01-04
F004990,C0257,2025-12-02,2026-01-01,1312171.0,2026-01-03
F004991,C0257,2026-02-15,2026-03-17,4012340.0,2026-03-17
F004992,C0257,2026-03-22,2026-04-21,1317965.0,2026-04-21
F004993,C0257,2026-03-12,2026-04-11,1990584.0,2026-04-11
F004994,C0257,2026-04-05,2026-05-05,3384895.0,
F004995,C0257,2026-04-27,2026-05-27,3698076.0,2026-05-30
F004996,C0257,2026-04-11,2026-05-11,3374678.0,2026-05-11
F004997,C0257,2026-05-13,2026-06-12,2065277.0,2026-06-12
F004998,C0257,2026-05-24,2026-06-23,3106875.0,2026-06-24
F004999,C0257,2026-07-03,2026-08-02,4647460.0,2026-08-04
F005000,C0257,2026-08-11,2026-09-10,1857510.0,
F005001,C0257,2026-08-25,2026-09-24,3219196.0,
F005002,C0258,2025-09-19,2025-10-19,703055.0,2025-10-22
F005003,C0258,2025-09-28,2025-10-28,634210.0,2025-10-28
F005004,C0258,2025-10-03,2025-11-02,1155089.0,2025-11-02
F005005,C0258,2025-10-25,2025-11-24,663773.0,2025-11-24
F005006,C0258,2026-01-04,2026-02-03,377705.0,2026-02-04
F005007,C0258,2026-01-05,2026-02-04,749061.0,2026-02-05
F005008,C0258,2026-04-06,2026-05-06,877244.0,2026-05-06
F005009,C0258,2026-05-06,2026-06-05,824236.0,2026-06-05
F005010,C0258,2026-05-25,2026-06-24,484216.0,2026-06-25
F005011,C0258,2026-07-07,2026-08-06,797625.0,2026-08-06
F005012,C0259,2025-07-05,2025-08-04,1870690.0,2025-08-05
F005013,C0259,2025-07-21,2025-08-20,3449310.0,2025-08-20
F005014,C0259,2025-08-26,2025-09-25,1909777.0,
F005015,C0259,2025-09-22,2025-10-22,2076913.0,2025-10-23
F005016,C0259,2025-10-04,2025-11-03,3394273.0,2025-11-04
F005017,C0259,2025-10-14,2025-11-13,1174496.0,2025-11-13
F005018,C0259,2025-10-21,2025-11-20,2803704.0,
F005019,C0259,2025-12-13,2026-01-12,1322929.0,2026-01-12
F005020,C0259,2025-12-17,2026-01-16,1632944.0,2026-01-17
F005021,C0259,2025-12-04,2026-01-03,2734526.0,2026-01-04
F005022,C0259,2026-01-12,2026-02-11,4749079.0,2026-02-11
F005023,C0259,2026-01-24,2026-02-23,1524652.0,2026-02-25
F005024,C0259,2026-01-17,2026-02-16,3345081.0,2026-02-16
F005025,C0259,2026-03-18,2026-04-17,1513278.0,2026-04-17
F005026,C0259,2026-04-26,2026-05-26,2612077.0,2026-05-26
F005027,C0259,2026-04-20,2026-05-20,3846739.0,2026-05-21
F005028,C0259,2026-05-11,2026-06-10,6249761.0,2026-06-10
F005029,C0259,2026-05-06,2026-06-05,2179588.0,2026-06-06
F005030,C0259,2026-05-20,2026-06-19,2558572.0,2026-06-20
F005031,C0259,2026-06-11,2026-07-11,2088985.0,2026-07-11
F005032,C0259,2026-06-10,2026-07-10,1111809.0,2026-07-11
F005033,C0259,2026-07-22,2026-08-21,4041856.0,2026-08-21
F005034,C0259,2026-08-01,2026-08-31,2337433.0,2026-08-31
F005035,C0259,2026-08-09,2026-09-08,2169788.0,
F005036,C0260,2025-07-23,2025-08-22,2742082.0,2025-08-22
F005037,C0260,2025-07-19,2025-08-18,1580196.0,2025-08-19
F005038,C0260,2025-08-04,2025-09-03,3675864.0,2025-09-03
F005039,C0260,2025-08-26,2025-09-25,1989422.0,2025-09-26
F005040,C0260,2025-09-07,2025-10-07,3438996.0,2025-10-07
F005041,C0260,2025-09-22,2025-10-22,3345471.0,2025-10-22
F005042,C0260,2025-10-01,2025-10-31,1529828.0,2025-10-31
F005043,C0260,2025-10-05,2025-11-04,3027459.0,2025-11-04
F005044,C0260,2025-10-24,2025-11-23,3241199.0,2025-11-23
F005045,C0260,2026-01-02,2026-02-01,3046894.0,2026-02-01
F005046,C0260,2026-02-24,2026-03-26,2231672.0,2026-03-26
F005047,C0260,2026-04-07,2026-05-07,3991730.0,2026-05-07
F005048,C0260,2026-06-05,2026-07-05,4169499.0,2026-07-07
F005049,C0260,2026-06-03,2026-07-03,2560018.0,2026-07-03
F005050,C0260,2026-06-17,2026-07-17,2802363.0,2026-07-17
F005051,C0260,2026-08-05,2026-09-04,2617999.0,
F005052,C0261,2025-07-19,2025-08-18,661049.0,2025-08-19
F005053,C0261,2025-07-04,2025-08-03,645467.0,2025-08-03
F005054,C0261,2025-11-22,2025-12-22,830404.0,2025-12-23
F005055,C0261,2025-11-22,2025-12-22,621844.0,2025-12-22
F005056,C0261,2025-12-03,2026-01-02,669525.0,2026-01-03
F005057,C0261,2026-01-05,2026-02-04,523529.0,2026-02-05
F005058,C0261,2026-01-18,2026-02-17,719332.0,2026-02-19
F005059,C0261,2026-01-20,2026-02-19,594582.0,2026-02-19
F005060,C0261,2026-02-10,2026-03-12,460000.0,2026-03-15
F005061,C0261,2026-02-17,2026-03-19,800524.0,2026-03-20
F005062,C0261,2026-02-03,2026-03-05,484906.0,2026-03-10
F005063,C0261,2026-03-19,2026-04-18,386754.0,2026-04-21
F005064,C0261,2026-04-02,2026-05-02,767440.0,2026-05-05
F005065,C0261,2026-05-03,2026-06-02,265316.0,2026-06-02
F005066,C0261,2026-06-15,2026-07-15,712870.0,2026-07-16
F005067,C0261,2026-06-28,2026-07-28,739562.0,2026-08-01
F005068,C0261,2026-07-11,2026-08-10,292804.0,2026-08-10
F005069,C0261,2026-08-06,2026-09-05,313487.0,
F005070,C0261,2026-08-13,2026-09-12,820565.0,
F005071,C0262,2025-07-12,2025-08-11,987899.0,2025-08-13
F005072,C0262,2025-07-07,2025-08-06,649181.0,2025-08-06
F005073,C0262,2025-09-11,2025-10-11,1426954.0,2025-10-11
F005074,C0262,2025-09-22,2025-10-22,907058.0,2025-10-22
F005075,C0262,2025-09-05,2025-10-05,1703586.0,2025-10-05
F005076,C0262,2025-10-17,2025-11-16,720250.0,2025-11-16
F005077,C0262,2025-10-13,2025-11-12,1390130.0,2025-11-12
F005078,C0262,2025-10-21,2025-11-20,1756764.0,2025-11-22
F005079,C0262,2025-11-21,2025-12-21,1443573.0,2025-12-21
F005080,C0262,2025-11-13,2025-12-13,1133379.0,2025-12-15
F005081,C0262,2025-11-10,2025-12-10,1867357.0,2025-12-11
F005082,C0262,2025-12-02,2026-01-01,1809634.0,2026-01-01
F005083,C0262,2025-12-13,2026-01-12,1101603.0,2026-01-12
F005084,C0262,2026-02-18,2026-03-20,1599994.0,2026-03-20
F005085,C0262,2026-05-09,2026-06-08,1327767.0,2026-06-08
F005086,C0262,2026-05-05,2026-06-04,2207490.0,2026-06-04
F005087,C0263,2025-07-01,2025-07-31,2646876.0,2025-08-01
F005088,C0263,2025-07-28,2025-08-27,1462548.0,2025-08-28
F005089,C0263,2025-07-22,2025-08-21,1992077.0,2025-08-21
F005090,C0263,2025-08-15,2025-09-14,3019460.0,2025-09-14
F005091,C0263,2025-08-09,2025-09-08,2635393.0,2025-09-09
F005092,C0263,2025-08-11,2025-09-10,1048657.0,2025-09-11
F005093,C0263,2025-09-27,2025-10-27,3354218.0,2025-10-28
F005094,C0263,2025-09-19,2025-10-19,4242899.0,2025-10-19
F005095,C0263,2025-10-06,2025-11-05,1684686.0,2025-11-05
F005096,C0263,2025-11-16,2025-12-16,1443967.0,2025-12-18
F005097,C0263,2025-11-14,2025-12-14,1469934.0,2025-12-14
F005098,C0263,2025-11-25,2025-12-25,4280342.0,2025-12-25
F005099,C0263,2025-12-19,2026-01-18,2429419.0,2026-01-19
F005100,C0263,2025-12-24,2026-01-23,2323023.0,2026-01-24
F005101,C0263,2026-01-27,2026-02-26,2624299.0,2026-02-26
F005102,C0263,2026-01-06,2026-02-05,3993775.0,2026-02-05
F005103,C0263,2026-02-03,2026-03-05,2679778.0,2026-03-05
F005104,C0263,2026-02-10,2026-03-12,1818283.0,2026-03-13
F005105,C0263,2026-02-22,2026-03-24,1914785.0,2026-03-24
F005106,C0263,2026-03-15,2026-04-14,2516879.0,2026-04-14
F005107,C0263,2026-03-25,2026-04-24,1566952.0,2026-04-25
F005108,C0263,2026-03-18,2026-04-17,2756700.0,2026-04-17
F005109,C0263,2026-04-06,2026-05-06,1940627.0,2026-05-06
F005110,C0263,2026-05-07,2026-06-06,2557512.0,2026-06-06
F005111,C0263,2026-06-28,2026-07-28,1504249.0,2026-07-28
F005112,C0263,2026-06-11,2026-07-11,3024499.0,2026-07-12
F005113,C0263,2026-06-19,2026-07-19,1155278.0,2026-07-20
F005114,C0263,2026-07-18,2026-08-17,2795437.0,2026-08-17
F005115,C0263,2026-08-11,2026-09-10,3550322.0,
F005116,C0263,2026-08-09,2026-09-08,1529502.0,
F005117,C0263,2026-08-02,2026-09-01,1751313.0,
F005118,C0264,2025-11-13,2025-12-13,1049589.0,2025-12-14
F005119,C0264,2026-03-04,2026-04-03,638865.0,2026-04-04
F005120,C0264,2026-03-04,2026-04-03,874654.0,2026-04-04
F005121,C0264,2026-03-15,2026-04-14,1330366.0,2026-04-19
F005122,C0264,2026-05-26,2026-06-25,1383368.0,2026-06-26
F005123,C0264,2026-05-11,2026-06-10,1568920.0,2026-06-10
F005124,C0264,2026-05-12,2026-06-11,978769.0,2026-06-12
F005125,C0264,2026-08-28,2026-09-27,832271.0,
F005126,C0264,2026-08-15,2026-09-14,1044221.0,
F005127,C0264,2026-08-10,2026-09-09,1552729.0,
F005128,C0265,2025-07-11,2025-08-10,1308046.0,2025-08-10
F005129,C0265,2025-07-18,2025-08-17,848327.0,2025-08-17
F005130,C0265,2025-07-25,2025-08-24,726575.0,2025-08-24
F005131,C0265,2025-08-18,2025-09-17,919109.0,2025-09-17
F005132,C0265,2025-08-21,2025-09-20,1088732.0,2025-09-20
F005133,C0265,2025-09-05,2025-10-05,1753154.0,2025-10-05
F005134,C0265,2025-09-22,2025-10-22,770258.0,2025-10-22
F005135,C0265,2025-09-18,2025-10-18,566314.0,2025-10-18
F005136,C0265,2025-10-03,2025-11-02,1363180.0,2025-11-02
F005137,C0265,2026-01-01,2026-01-31,680458.0,2026-01-31
F005138,C0265,2026-03-27,2026-04-26,1068241.0,2026-04-26
F005139,C0265,2026-03-05,2026-04-04,964311.0,2026-04-04
F005140,C0265,2026-03-07,2026-04-06,1125739.0,2026-04-06
F005141,C0265,2026-04-17,2026-05-17,690991.0,2026-05-17
F005142,C0265,2026-04-07,2026-05-07,1116606.0,2026-05-07
F005143,C0265,2026-05-17,2026-06-16,1100658.0,2026-06-16
F005144,C0265,2026-05-13,2026-06-12,905475.0,2026-06-12
F005145,C0265,2026-06-01,2026-07-01,695374.0,2026-07-01
F005146,C0265,2026-06-13,2026-07-13,710024.0,2026-07-13
F005147,C0266,2025-07-03,2025-08-02,1441095.0,2025-08-03
F005148,C0266,2025-07-20,2025-08-19,1136601.0,2025-08-23
F005149,C0266,2025-11-15,2025-12-15,1561123.0,2025-12-16
F005150,C0266,2025-11-28,2025-12-28,2771272.0,2026-01-11
F005151,C0266,2025-11-07,2025-12-07,1493522.0,2025-12-11
F005152,C0266,2025-12-16,2026-01-15,2771426.0,
F005153,C0266,2025-12-11,2026-01-10,1710666.0,
F005154,C0266,2026-02-08,2026-03-10,1368966.0,2026-03-14
F005155,C0266,2026-02-08,2026-03-10,1616096.0,2026-03-15
F005156,C0266,2026-02-08,2026-03-10,2848822.0,2026-03-11
F005157,C0266,2026-05-26,2026-06-25,1233290.0,2026-06-28
F005158,C0266,2026-06-17,2026-07-17,1136481.0,2026-07-20
F005159,C0266,2026-06-20,2026-07-20,2625423.0,2026-07-29
F005160,C0266,2026-07-14,2026-08-13,1494050.0,2026-08-14
F005161,C0266,2026-07-20,2026-08-19,2184838.0,2026-08-24
F005162,C0267,2025-07-17,2025-08-16,1491909.0,2025-08-16
F005163,C0267,2025-10-19,2025-11-18,2125135.0,2025-11-22
F005164,C0267,2025-11-24,2025-12-24,2697885.0,2025-12-24
F005165,C0267,2025-11-15,2025-12-15,1512407.0,2025-12-16
F005166,C0267,2026-02-08,2026-03-10,2386157.0,2026-03-11
F005167,C0267,2026-02-14,2026-03-16,1641492.0,2026-03-18
F005168,C0267,2026-02-25,2026-03-27,2325140.0,2026-04-02
F005169,C0267,2026-03-26,2026-04-25,2639870.0,2026-04-26
F005170,C0267,2026-05-26,2026-06-25,1884863.0,2026-06-25
F005171,C0267,2026-05-14,2026-06-13,1407465.0,2026-06-14
F005172,C0267,2026-06-03,2026-07-03,2907225.0,2026-07-05
F005173,C0267,2026-07-15,2026-08-14,2232544.0,2026-08-14
F005174,C0267,2026-07-20,2026-08-19,3042488.0,2026-08-21
F005175,C0267,2026-07-27,2026-08-26,2450579.0,2026-08-26
F005176,C0267,2026-08-13,2026-09-12,2254770.0,
F005177,C0267,2026-08-24,2026-09-23,3211692.0,
F005178,C0267,2026-08-03,2026-09-02,2702478.0,
F005179,C0268,2025-07-11,2025-08-10,1546903.0,2025-08-10
F005180,C0268,2025-07-12,2025-08-11,2560970.0,2025-08-11
F005181,C0268,2025-07-01,2025-07-31,1351441.0,2025-07-31
F005182,C0268,2025-08-11,2025-09-10,1012289.0,2025-09-12
F005183,C0268,2025-08-05,2025-09-04,1695653.0,
F005184,C0268,2025-09-16,2025-10-16,2436658.0,2025-10-16
F005185,C0268,2025-09-18,2025-10-18,1820309.0,2025-10-18
F005186,C0268,2025-09-05,2025-10-05,1093210.0,
F005187,C0268,2025-10-18,2025-11-17,1884574.0,2025-11-18
F005188,C0268,2025-11-16,2025-12-16,1490220.0,2025-12-16
F005189,C0268,2026-01-07,2026-02-06,2087585.0,2026-02-06
F005190,C0268,2026-01-22,2026-02-21,1229693.0,2026-02-21
F005191,C0268,2026-02-23,2026-03-25,2506768.0,2026-03-26
F005192,C0268,2026-02-14,2026-03-16,2212803.0,2026-03-16
F005193,C0268,2026-02-03,2026-03-05,927914.0,2026-03-06
F005194,C0268,2026-05-22,2026-06-21,2472593.0,2026-06-21
F005195,C0268,2026-06-27,2026-07-27,1381506.0,2026-07-28
F005196,C0268,2026-06-12,2026-07-12,1115950.0,2026-07-12
F005197,C0268,2026-07-24,2026-08-23,1637960.0,
F005198,C0268,2026-07-28,2026-08-27,700685.0,2026-08-27
F005199,C0268,2026-08-01,2026-08-31,1155426.0,
F005200,C0268,2026-08-18,2026-09-17,1541651.0,
F005201,C0268,2026-08-25,2026-09-24,1770184.0,
F005202,C0269,2025-08-07,2025-09-06,3807500.0,2025-09-07
F005203,C0269,2025-08-11,2025-09-10,7101998.0,2025-09-10
F005204,C0269,2026-01-20,2026-02-19,4910301.0,2026-02-19
F005205,C0269,2026-01-17,2026-02-16,5733584.0,2026-02-17
F005206,C0269,2026-04-12,2026-05-12,2657749.0,2026-05-13
F005207,C0269,2026-08-18,2026-09-17,5174727.0,
F005208,C0269,2026-08-08,2026-09-07,3764841.0,
F005209,C0269,2026-08-17,2026-09-16,9046291.0,
F005210,C0270,2025-08-07,2025-09-06,2032419.0,2025-09-06
F005211,C0270,2025-08-21,2025-09-20,2533758.0,2025-09-26
F005212,C0270,2025-09-02,2025-10-02,2187597.0,2025-10-02
F005213,C0270,2025-09-20,2025-10-20,1563090.0,2025-10-21
F005214,C0270,2025-10-22,2025-11-21,1386781.0,2025-11-25
F005215,C0270,2025-10-18,2025-11-17,1669382.0,2025-11-20
F005216,C0270,2025-11-11,2025-12-11,1974812.0,
F005217,C0270,2025-12-02,2026-01-01,1645368.0,2026-01-01
F005218,C0270,2025-12-13,2026-01-12,3307892.0,2026-01-12
F005219,C0270,2026-02-26,2026-03-28,3320720.0,2026-03-29
F005220,C0270,2026-02-07,2026-03-09,923492.0,2026-03-10
F005221,C0270,2026-03-11,2026-04-10,1685550.0,2026-04-13
F005222,C0270,2026-03-21,2026-04-20,1425305.0,2026-04-21
F005223,C0270,2026-03-04,2026-04-03,1437544.0,2026-04-04
F005224,C0270,2026-04-10,2026-05-10,1224276.0,2026-05-10
F005225,C0270,2026-05-15,2026-06-14,2085718.0,2026-06-14
F005226,C0270,2026-05-03,2026-06-02,2902673.0,2026-06-03
F005227,C0270,2026-06-21,2026-07-21,891002.0,2026-07-21
F005228,C0271,2025-08-05,2025-09-04,1767068.0,2025-09-07
F005229,C0271,2025-08-11,2025-09-10,2326332.0,2025-09-10
F005230,C0271,2025-09-08,2025-10-08,3659091.0,2025-10-08
F005231,C0271,2025-10-25,2025-11-24,5316346.0,2025-11-24
F005232,C0271,2025-10-19,2025-11-18,2066791.0,2025-11-18
F005233,C0271,2025-10-13,2025-11-12,3653806.0,2025-11-12
F005234,C0271,2025-11-09,2025-12-09,3102612.0,2025-12-11
F005235,C0271,2025-12-06,2026-01-05,3380373.0,2026-01-05
F005236,C0271,2025-12-28,2026-01-27,2348509.0,2026-01-27
F005237,C0271,2025-12-15,2026-01-14,4232195.0,2026-01-14
F005238,C0271,2026-03-06,2026-04-05,2103863.0,2026-04-05
F005239,C0271,2026-03-28,2026-04-27,1421988.0,2026-04-27
F005240,C0271,2026-03-25,2026-04-24,2762436.0,2026-04-24
F005241,C0271,2026-04-25,2026-05-25,3533597.0,2026-05-25
F005242,C0271,2026-04-02,2026-05-02,2482129.0,2026-05-02
F005243,C0271,2026-08-03,2026-09-02,5699467.0,
F005244,C0271,2026-08-09,2026-09-08,2903953.0,
F005245,C0272,2025-07-03,2025-08-02,1192923.0,2025-08-02
F005246,C0272,2025-07-01,2025-07-31,2021793.0,2025-07-31
F005247,C0272,2025-07-03,2025-08-02,2152766.0,2025-08-02
F005248,C0272,2025-09-26,2025-10-26,1865473.0,2025-10-26
F005249,C0272,2025-09-11,2025-10-11,1542543.0,2025-10-11
F005250,C0272,2025-11-24,2025-12-24,2273296.0,
F005251,C0272,2025-11-06,2025-12-06,1900535.0,2025-12-06
F005252,C0272,2025-12-17,2026-01-16,3075384.0,2026-01-16
F005253,C0272,2025-12-03,2026-01-02,1948932.0,2026-01-03
F005254,C0272,2025-12-08,2026-01-07,1751361.0,2026-01-07
F005255,C0272,2026-02-05,2026-03-07,1910851.0,2026-03-07
F005256,C0272,2026-02-09,2026-03-11,1850487.0,2026-03-11
F005257,C0272,2026-02-07,2026-03-09,1057543.0,2026-03-09
F005258,C0272,2026-03-05,2026-04-04,2484985.0,2026-04-05
F005259,C0272,2026-03-18,2026-04-17,1466488.0,2026-04-17
F005260,C0272,2026-03-24,2026-04-23,1320780.0,2026-04-23
F005261,C0272,2026-04-13,2026-05-13,1127390.0,2026-05-13
F005262,C0272,2026-04-06,2026-05-06,1194854.0,2026-05-07
F005263,C0272,2026-05-03,2026-06-02,1542643.0,2026-06-02
F005264,C0272,2026-06-28,2026-07-28,2454418.0,2026-07-28
F005265,C0272,2026-06-28,2026-07-28,3299411.0,2026-07-28
F005266,C0272,2026-08-08,2026-09-07,2045489.0,
F005267,C0272,2026-08-13,2026-09-12,2997122.0,
F005268,C0273,2025-12-28,2026-01-27,2885905.0,2026-01-28
F005269,C0273,2025-12-26,2026-01-25,4872215.0,2026-01-29
F005270,C0273,2026-03-16,2026-04-15,3052320.0,2026-04-15
F005271,C0273,2026-03-05,2026-04-04,1826306.0,2026-04-08
F005272,C0273,2026-04-11,2026-05-11,4258272.0,2026-05-11
F005273,C0273,2026-04-09,2026-05-09,2268712.0,2026-05-11
F005274,C0273,2026-05-13,2026-06-12,2436951.0,2026-06-15
F005275,C0273,2026-07-09,2026-08-08,2010032.0,2026-08-09
F005276,C0273,2026-07-07,2026-08-06,1658375.0,2026-08-06
F005277,C0274,2025-07-03,2025-08-02,2196787.0,2025-08-02
F005278,C0274,2025-07-08,2025-08-07,2523355.0,2025-08-07
F005279,C0274,2025-07-24,2025-08-23,3250177.0,2025-08-23
F005280,C0274,2025-12-28,2026-01-27,1933397.0,2026-01-27
F005281,C0274,2025-12-08,2026-01-07,3215191.0,2026-01-07
F005282,C0274,2026-01-09,2026-02-08,2722044.0,2026-02-08
F005283,C0274,2026-01-18,2026-02-17,3596834.0,2026-02-17
F005284,C0274,2026-01-15,2026-02-14,4235481.0,2026-02-14
F005285,C0274,2026-02-21,2026-03-23,4172105.0,2026-03-24
F005286,C0274,2026-02-26,2026-03-28,1995704.0,2026-03-28
F005287,C0274,2026-04-03,2026-05-03,3171692.0,2026-05-03
F005288,C0274,2026-05-05,2026-06-04,2350492.0,2026-06-04
F005289,C0274,2026-07-17,2026-08-16,2451670.0,2026-08-16
F005290,C0274,2026-08-21,2026-09-20,2681638.0,
F005291,C0274,2026-08-28,2026-09-27,1430745.0,
F005292,C0274,2026-08-09,2026-09-08,2167460.0,
F005293,C0275,2025-07-05,2025-08-04,582688.0,2025-08-04
F005294,C0275,2025-07-20,2025-08-19,395979.0,2025-08-19
F005295,C0275,2025-08-19,2025-09-18,290739.0,2025-09-18
F005296,C0275,2025-08-14,2025-09-13,583553.0,2025-09-16
F005297,C0275,2025-10-08,2025-11-07,250395.0,
F005298,C0275,2025-10-24,2025-11-23,497143.0,2025-11-23
F005299,C0275,2025-11-10,2025-12-10,395493.0,2025-12-10
F005300,C0275,2025-12-16,2026-01-15,522363.0,2026-01-19
F005301,C0275,2025-12-15,2026-01-14,517902.0,2026-01-16
F005302,C0275,2026-02-02,2026-03-04,908641.0,2026-03-04
F005303,C0275,2026-02-04,2026-03-06,315199.0,2026-03-06
F005304,C0275,2026-02-22,2026-03-24,477356.0,2026-03-25
F005305,C0275,2026-03-23,2026-04-22,306514.0,2026-04-22
F005306,C0275,2026-03-10,2026-04-09,558588.0,2026-04-12
F005307,C0275,2026-04-15,2026-05-15,359282.0,2026-05-16
F005308,C0275,2026-06-25,2026-07-25,333690.0,2026-07-28
F005309,C0275,2026-08-20,2026-09-19,436939.0,
F005310,C0275,2026-08-12,2026-09-11,354278.0,
F005311,C0275,2026-08-10,2026-09-09,724883.0,
F005312,C0276,2025-07-17,2025-08-16,1335604.0,2025-08-16
F005313,C0276,2025-07-06,2025-08-05,869830.0,2025-08-06
F005314,C0276,2025-08-12,2025-09-11,1066602.0,2025-09-11
F005315,C0276,2025-08-04,2025-09-03,1817692.0,2025-09-04
F005316,C0276,2025-08-12,2025-09-11,805156.0,2025-09-11
F005317,C0276,2025-09-22,2025-10-22,977298.0,
F005318,C0276,2025-10-08,2025-11-07,833931.0,2025-11-07
F005319,C0276,2025-11-23,2025-12-23,1136764.0,2025-12-24
F005320,C0276,2025-11-11,2025-12-11,1289641.0,2025-12-11
F005321,C0276,2025-12-25,2026-01-24,1576018.0,2026-01-26
F005322,C0276,2025-12-23,2026-01-22,1148893.0,2026-01-22
F005323,C0276,2025-12-16,2026-01-15,1130312.0,
F005324,C0276,2026-01-21,2026-02-20,1002479.0,2026-02-20
F005325,C0276,2026-01-15,2026-02-14,497661.0,2026-02-14
F005326,C0276,2026-02-23,2026-03-25,772436.0,2026-03-25
F005327,C0276,2026-02-13,2026-03-15,938631.0,2026-03-16
F005328,C0276,2026-02-14,2026-03-16,819973.0,2026-03-16
F005329,C0276,2026-04-02,2026-05-02,1083036.0,2026-05-02
F005330,C0276,2026-04-17,2026-05-17,653994.0,2026-05-17
F005331,C0276,2026-05-22,2026-06-21,686998.0,2026-06-21
F005332,C0276,2026-05-14,2026-06-13,1069723.0,2026-06-13
F005333,C0277,2025-08-07,2025-09-06,1376478.0,2025-09-06
F005334,C0277,2025-08-04,2025-09-03,2798021.0,2025-09-04
F005335,C0277,2025-09-11,2025-10-11,706809.0,2025-10-11
F005336,C0277,2025-09-06,2025-10-06,1101962.0,2025-10-06
F005337,C0277,2025-09-11,2025-10-11,1784091.0,2025-10-11
F005338,C0277,2025-12-17,2026-01-16,1163813.0,2026-01-17
F005339,C0277,2025-12-05,2026-01-04,890587.0,2026-01-04
F005340,C0277,2025-12-21,2026-01-20,997860.0,2026-01-20
F005341,C0277,2026-01-27,2026-02-26,599120.0,2026-02-26
F005342,C0277,2026-03-20,2026-04-19,1424146.0,2026-04-20
F005343,C0277,2026-03-07,2026-04-06,1446661.0,2026-04-06
F005344,C0277,2026-04-14,2026-05-14,1660712.0,2026-05-14
F005345,C0277,2026-05-11,2026-06-10,962389.0,2026-06-11
F005346,C0277,2026-07-19,2026-08-18,1153190.0,2026-08-18
F005347,C0277,2026-07-19,2026-08-18,1237122.0,2026-08-18
F005348,C0277,2026-07-27,2026-08-26,1413185.0,2026-08-26
F005349,C0277,2026-08-03,2026-09-02,1330568.0,
F005350,C0278,2025-07-14,2025-08-13,819523.0,2025-08-14
F005351,C0278,2025-08-15,2025-09-14,503116.0,2025-09-17
F005352,C0278,2025-09-23,2025-10-23,1062984.0,2025-10-25
F005353,C0278,2025-10-12,2025-11-11,835147.0,2025-11-11
F005354,C0278,2025-10-25,2025-11-24,903041.0,2025-11-27
F005355,C0278,2025-11-17,2025-12-17,1188010.0,2025-12-18
F005356,C0278,2025-11-15,2025-12-15,951828.0,2025-12-15
F005357,C0278,2025-11-12,2025-12-12,1214266.0,2025-12-12
F005358,C0278,2025-12-27,2026-01-26,713142.0,2026-01-28
F005359,C0278,2025-12-22,2026-01-21,359117.0,2026-01-23
F005360,C0278,2026-01-28,2026-02-27,475329.0,2026-03-01
F005361,C0278,2026-02-24,2026-03-26,476869.0,2026-03-27
F005362,C0278,2026-02-01,2026-03-03,928396.0,2026-03-06
F005363,C0278,2026-02-13,2026-03-15,719264.0,2026-03-18
F005364,C0278,2026-03-06,2026-04-05,653940.0,2026-04-08
F005365,C0278,2026-03-11,2026-04-10,1050646.0,2026-04-10
F005366,C0278,2026-03-06,2026-04-05,883634.0,2026-04-09
F005367,C0278,2026-04-28,2026-05-28,1379536.0,2026-05-28
F005368,C0278,2026-04-17,2026-05-17,1661395.0,2026-05-18
F005369,C0278,2026-04-07,2026-05-07,573307.0,2026-05-08
F005370,C0278,2026-05-27,2026-06-26,914561.0,2026-06-26
F005371,C0278,2026-06-04,2026-07-04,1417803.0,2026-07-05
F005372,C0278,2026-07-21,2026-08-20,520464.0,2026-08-21
F005373,C0278,2026-07-03,2026-08-02,1016368.0,2026-08-03
F005374,C0278,2026-08-17,2026-09-16,772432.0,
F005375,C0278,2026-08-06,2026-09-05,915500.0,
F005376,C0278,2026-08-20,2026-09-19,1101383.0,
F005377,C0279,2025-08-05,2025-09-04,881995.0,2025-09-08
F005378,C0279,2025-08-14,2025-09-13,652800.0,2025-09-20
F005379,C0279,2025-08-11,2025-09-10,1110535.0,
F005380,C0279,2025-10-05,2025-11-04,694984.0,
F005381,C0279,2025-10-12,2025-11-11,597168.0,2025-11-12
F005382,C0279,2025-10-27,2025-11-26,366388.0,2025-11-28
F005383,C0279,2025-12-28,2026-01-27,640639.0,2026-01-28
F005384,C0279,2025-12-13,2026-01-12,330768.0,2026-01-15
F005385,C0279,2025-12-22,2026-01-21,534260.0,2026-01-22
F005386,C0279,2026-03-05,2026-04-04,836091.0,2026-04-06
F005387,C0279,2026-06-04,2026-07-04,1132909.0,2026-07-06
F005388,C0279,2026-07-19,2026-08-18,436104.0,2026-08-20
F005389,C0279,2026-07-08,2026-08-07,747740.0,2026-08-10
F005390,C0279,2026-07-16,2026-08-15,1374504.0,2026-08-16
F005391,C0280,2025-07-25,2025-08-24,1084707.0,2025-08-27
F005392,C0280,2025-07-22,2025-08-21,884032.0,
F005393,C0280,2025-10-01,2025-10-31,1503224.0,2025-10-31
F005394,C0280,2025-10-26,2025-11-25,805571.0,2025-11-27
F005395,C0280,2025-10-06,2025-11-05,1033255.0,2025-11-09
F005396,C0280,2025-11-12,2025-12-12,1809294.0,2025-12-14
F005397,C0280,2026-01-11,2026-02-10,1178180.0,2026-02-11
F005398,C0280,2026-01-16,2026-02-15,1879468.0,2026-02-15
F005399,C0280,2026-01-18,2026-02-17,939086.0,2026-02-17
F005400,C0280,2026-02-27,2026-03-29,1254900.0,2026-03-30
F005401,C0280,2026-02-13,2026-03-15,1114182.0,2026-03-17
F005402,C0280,2026-03-25,2026-04-24,1303068.0,2026-04-24
F005403,C0280,2026-03-02,2026-04-01,1679237.0,2026-04-01
F005404,C0280,2026-04-23,2026-05-23,1685603.0,2026-05-23
F005405,C0280,2026-04-23,2026-05-23,1674382.0,2026-05-23
F005406,C0280,2026-04-26,2026-05-26,1308723.0,2026-05-30
F005407,C0280,2026-05-20,2026-06-19,1266915.0,2026-06-20
F005408,C0280,2026-05-11,2026-06-10,723517.0,2026-06-10
F005409,C0280,2026-07-05,2026-08-04,620582.0,2026-08-04
F005410,C0280,2026-07-13,2026-08-12,2154799.0,2026-08-13
F005411,C0280,2026-08-07,2026-09-06,1109632.0,
F005412,C0280,2026-08-22,2026-09-21,744870.0,
F005413,C0280,2026-08-19,2026-09-18,1255077.0,
F005414,C0281,2025-07-22,2025-08-21,2304223.0,2025-08-22
F005415,C0281,2025-08-14,2025-09-13,2461166.0,2025-09-14
F005416,C0281,2025-08-27,2025-09-26,2001980.0,2025-09-26
F005417,C0281,2025-10-01,2025-10-31,3169479.0,2025-11-01
F005418,C0281,2025-11-03,2025-12-03,2033557.0,2025-12-05
F005419,C0281,2025-11-16,2025-12-16,2216632.0,2025-12-17
F005420,C0281,2025-11-09,2025-12-09,1884003.0,2025-12-12
F005421,C0281,2025-12-02,2026-01-01,2480605.0,
F005422,C0281,2025-12-07,2026-01-06,3302853.0,2026-01-08
F005423,C0281,2025-12-16,2026-01-15,3394947.0,2026-01-19
F005424,C0281,2026-01-05,2026-02-04,3261134.0,2026-02-09
F005425,C0281,2026-01-03,2026-02-02,1962334.0,2026-02-04
F005426,C0281,2026-03-26,2026-04-25,3347407.0,2026-04-27
F005427,C0281,2026-03-02,2026-04-01,4454789.0,2026-04-02
F005428,C0281,2026-03-13,2026-04-12,2337344.0,2026-04-13
F005429,C0281,2026-04-21,2026-05-21,2275563.0,
F005430,C0281,2026-04-25,2026-05-25,3900149.0,2026-05-31
F005431,C0281,2026-05-14,2026-06-13,3532014.0,2026-06-17
F005432,C0281,2026-07-15,2026-08-14,2422581.0,2026-08-16
F005433,C0281,2026-07-24,2026-08-23,3978612.0,2026-08-28
F005434,C0281,2026-08-16,2026-09-15,3211730.0,
F005435,C0282,2025-07-20,2025-08-19,823132.0,2025-08-20
F005436,C0282,2025-07-10,2025-08-09,1456907.0,2025-08-11
F005437,C0282,2025-07-13,2025-08-12,1468930.0,2025-08-13
F005438,C0282,2025-09-22,2025-10-22,1093844.0,2025-10-22
F005439,C0282,2025-09-01,2025-10-01,1358852.0,2025-10-01
F005440,C0282,2025-09-09,2025-10-09,960657.0,2025-10-11
F005441,C0282,2025-10-27,2025-11-26,1351065.0,2025-11-28
F005442,C0282,2025-10-16,2025-11-15,1914270.0,2025-11-16
F005443,C0282,2025-10-06,2025-11-05,1274264.0,2025-11-05
F005444,C0282,2025-11-02,2025-12-02,1399649.0,2025-12-03
F005445,C0282,2025-11-23,2025-12-23,1356161.0,2025-12-25
F005446,C0282,2025-12-16,2026-01-15,734321.0,2026-01-15
F005447,C0282,2025-12-22,2026-01-21,838491.0,2026-01-22
F005448,C0282,2025-12-24,2026-01-23,935661.0,2026-01-24
F005449,C0282,2026-01-25,2026-02-24,1267724.0,2026-02-25
F005450,C0282,2026-01-25,2026-02-24,602179.0,2026-02-25
F005451,C0282,2026-01-06,2026-02-05,1404094.0,2026-02-07
F005452,C0282,2026-02-03,2026-03-05,989024.0,2026-03-06
F005453,C0282,2026-03-01,2026-03-31,793917.0,2026-03-31
F005454,C0282,2026-04-27,2026-05-27,1544038.0,2026-05-27
F005455,C0282,2026-05-22,2026-06-21,652347.0,2026-06-22
F005456,C0282,2026-05-11,2026-06-10,1278410.0,2026-06-11
F005457,C0282,2026-05-14,2026-06-13,1112212.0,2026-06-15
F005458,C0282,2026-06-19,2026-07-19,447352.0,2026-07-21
F005459,C0282,2026-06-23,2026-07-23,903663.0,2026-07-23
F005460,C0282,2026-07-26,2026-08-25,885602.0,2026-08-26
F005461,C0282,2026-07-26,2026-08-25,676525.0,2026-08-27
F005462,C0282,2026-07-25,2026-08-24,1745865.0,2026-08-25
F005463,C0282,2026-08-15,2026-09-14,868942.0,
F005464,C0282,2026-08-27,2026-09-26,1894879.0,
F005465,C0283,2025-07-27,2025-08-26,964491.0,2025-08-26
F005466,C0283,2025-07-26,2025-08-25,957636.0,2025-08-26
F005467,C0283,2025-08-11,2025-09-10,1081164.0,2025-09-10
F005468,C0283,2025-09-14,2025-10-14,1045207.0,2025-10-14
F005469,C0283,2025-09-15,2025-10-15,915523.0,2025-10-17
F005470,C0283,2025-09-03,2025-10-03,1108885.0,2025-10-04
F005471,C0283,2025-12-22,2026-01-21,934641.0,2026-01-21
F005472,C0283,2026-01-27,2026-02-26,1123153.0,2026-02-26
F005473,C0283,2026-01-25,2026-02-24,1445016.0,2026-02-25
F005474,C0283,2026-01-11,2026-02-10,1040971.0,2026-02-10
F005475,C0283,2026-02-25,2026-03-27,1168441.0,2026-03-27
F005476,C0283,2026-02-11,2026-03-13,1041089.0,2026-03-13
F005477,C0283,2026-02-28,2026-03-30,1462155.0,2026-03-30
F005478,C0283,2026-07-22,2026-08-21,855109.0,2026-08-21
F005479,C0284,2025-07-27,2025-08-26,1870915.0,2025-08-27
F005480,C0284,2025-07-01,2025-07-31,1005626.0,
F005481,C0284,2025-07-28,2025-08-27,1354486.0,2025-08-27
F005482,C0284,2025-08-12,2025-09-11,1100680.0,2025-09-14
F005483,C0284,2025-08-04,2025-09-03,1636719.0,2025-09-05
F005484,C0284,2025-08-20,2025-09-19,633109.0,2025-09-22
F005485,C0284,2025-09-04,2025-10-04,717433.0,2025-10-05
F005486,C0284,2025-09-24,2025-10-24,1017546.0,2025-10-24
F005487,C0284,2025-10-25,2025-11-24,1136671.0,2025-11-24
F005488,C0284,2025-10-04,2025-11-03,1027596.0,2025-11-04
F005489,C0284,2025-10-18,2025-11-17,1152588.0,2025-11-17
F005490,C0284,2025-11-04,2025-12-04,1131543.0,
F005491,C0284,2025-11-27,2025-12-27,2391192.0,2026-01-03
F005492,C0284,2025-11-04,2025-12-04,2194108.0,
F005493,C0284,2025-12-09,2026-01-08,1136188.0,2026-01-08
F005494,C0284,2025-12-18,2026-01-17,914307.0,2026-01-18
F005495,C0284,2026-03-17,2026-04-16,1042119.0,2026-04-18
F005496,C0284,2026-03-18,2026-04-17,855386.0,2026-04-18
F005497,C0284,2026-03-14,2026-04-13,1317272.0,2026-04-16
F005498,C0284,2026-04-27,2026-05-27,896559.0,2026-05-27
F005499,C0284,2026-04-18,2026-05-18,616753.0,2026-05-18
F005500,C0284,2026-05-18,2026-06-17,1129009.0,2026-06-18
F005501,C0284,2026-05-05,2026-06-04,1841553.0,2026-06-07
F005502,C0284,2026-06-12,2026-07-12,1493334.0,
F005503,C0284,2026-06-16,2026-07-16,2260145.0,2026-07-23
F005504,C0284,2026-06-19,2026-07-19,1356317.0,2026-07-20
F005505,C0285,2025-07-20,2025-08-19,3375482.0,2025-08-19
F005506,C0285,2025-07-24,2025-08-23,3609639.0,2025-08-23
F005507,C0285,2025-08-08,2025-09-07,3435804.0,2025-09-07
F005508,C0285,2025-09-06,2025-10-06,3769443.0,2025-10-06
F005509,C0285,2025-10-04,2025-11-03,2366927.0,2025-11-03
F005510,C0285,2025-10-17,2025-11-16,2528662.0,2025-11-16
F005511,C0285,2025-11-23,2025-12-23,2353497.0,2025-12-24
F005512,C0285,2025-11-26,2025-12-26,1307426.0,2025-12-26
F005513,C0285,2025-12-17,2026-01-16,2740042.0,2026-01-16
F005514,C0285,2025-12-08,2026-01-07,4072154.0,2026-01-07
F005515,C0285,2025-12-05,2026-01-04,2278183.0,2026-01-04
F005516,C0285,2026-01-21,2026-02-20,3994871.0,2026-02-20
F005517,C0285,2026-01-21,2026-02-20,2159667.0,2026-02-20
F005518,C0285,2026-02-26,2026-03-28,2747596.0,2026-03-28
F005519,C0285,2026-02-20,2026-03-22,3211357.0,2026-03-22
F005520,C0285,2026-02-18,2026-03-20,4402715.0,2026-03-20
F005521,C0285,2026-03-26,2026-04-25,2289923.0,2026-04-25
F005522,C0285,2026-03-09,2026-04-08,2587921.0,2026-04-08
F005523,C0285,2026-04-27,2026-05-27,3373170.0,2026-05-27
F005524,C0285,2026-04-19,2026-05-19,2568398.0,2026-05-19
F005525,C0285,2026-05-18,2026-06-17,3192130.0,2026-06-17
F005526,C0285,2026-06-09,2026-07-09,1827887.0,2026-07-09
F005527,C0285,2026-07-22,2026-08-21,3534171.0,2026-08-22
F005528,C0285,2026-07-25,2026-08-24,4063890.0,
F005529,C0285,2026-08-03,2026-09-02,5081970.0,
F005530,C0286,2025-07-24,2025-08-23,1238381.0,2025-08-23
F005531,C0286,2025-07-22,2025-08-21,2479395.0,2025-08-21
F005532,C0286,2025-08-18,2025-09-17,1789355.0,2025-09-24
F005533,C0286,2025-08-04,2025-09-03,2231129.0,2025-09-04
F005534,C0286,2025-09-07,2025-10-07,1511574.0,2025-10-07
F005535,C0286,2025-09-01,2025-10-01,1178318.0,2025-10-04
F005536,C0286,2025-10-01,2025-10-31,1972089.0,2025-11-01
F005537,C0286,2025-10-25,2025-11-24,1833000.0,2025-11-28
F005538,C0286,2026-01-11,2026-02-10,774588.0,2026-02-11
F005539,C0286,2026-01-25,2026-02-24,1237058.0,2026-02-25
F005540,C0286,2026-02-20,2026-03-22,1359193.0,2026-03-23
F005541,C0286,2026-02-15,2026-03-17,1549663.0,2026-03-18
F005542,C0286,2026-02-24,2026-03-26,1091547.0,2026-03-28
F005543,C0286,2026-03-15,2026-04-14,1738138.0,
F005544,C0286,2026-04-22,2026-05-22,991997.0,2026-05-23
F005545,C0286,2026-05-13,2026-06-12,887773.0,2026-06-16
F005546,C0286,2026-05-26,2026-06-25,1210747.0,2026-06-25
F005547,C0286,2026-06-09,2026-07-09,1446970.0,2026-07-14
F005548,C0286,2026-07-22,2026-08-21,1291177.0,2026-08-23
F005549,C0286,2026-07-05,2026-08-04,854234.0,2026-08-05
F005550,C0286,2026-08-02,2026-09-01,1435600.0,
F005551,C0286,2026-08-07,2026-09-06,1402255.0,
F005552,C0287,2025-07-05,2025-08-04,1677254.0,2025-08-04
F005553,C0287,2025-08-24,2025-09-23,1704974.0,2025-09-25
F005554,C0287,2025-08-12,2025-09-11,1833740.0,2025-09-12
F005555,C0287,2025-08-08,2025-09-07,2363316.0,2025-09-07
F005556,C0287,2025-09-12,2025-10-12,1309013.0,
F005557,C0287,2025-09-04,2025-10-04,1872288.0,2025-10-05
F005558,C0287,2025-10-28,2025-11-27,1834168.0,2025-11-28
F005559,C0287,2025-10-23,2025-11-22,1885912.0,2025-11-23
F005560,C0287,2025-11-27,2025-12-27,3657305.0,2025-12-30
F005561,C0287,2025-11-17,2025-12-17,1621038.0,2025-12-18
F005562,C0287,2025-12-08,2026-01-07,1947533.0,2026-01-07
F005563,C0287,2025-12-26,2026-01-25,1778363.0,2026-01-26
F005564,C0287,2026-02-22,2026-03-24,1356756.0,2026-03-25
F005565,C0287,2026-03-27,2026-04-26,1928703.0,2026-04-26
F005566,C0287,2026-03-07,2026-04-06,2864609.0,2026-04-06
F005567,C0287,2026-05-21,2026-06-20,4643770.0,2026-06-20
F005568,C0287,2026-07-27,2026-08-26,2563220.0,2026-08-26
F005569,C0287,2026-07-16,2026-08-15,2077703.0,2026-08-16
F005570,C0287,2026-08-05,2026-09-04,1591166.0,
F005571,C0288,2025-07-27,2025-08-26,1818611.0,2025-08-26
F005572,C0288,2025-08-08,2025-09-07,1641802.0,2025-09-08
F005573,C0288,2025-09-01,2025-10-01,3919499.0,2025-10-01
F005574,C0288,2025-09-06,2025-10-06,2374572.0,2025-10-06
F005575,C0288,2025-09-15,2025-10-15,874830.0,2025-10-15
F005576,C0288,2025-10-09,2025-11-08,6289859.0,2025-11-08
F005577,C0288,2025-10-28,2025-11-27,1979585.0,2025-11-28
F005578,C0288,2025-11-18,2025-12-18,1926087.0,2025-12-19
F005579,C0288,2025-12-18,2026-01-17,2043993.0,
F005580,C0288,2025-12-19,2026-01-18,1209770.0,2026-01-18
F005581,C0288,2025-12-18,2026-01-17,1722121.0,2026-01-18
F005582,C0288,2026-01-26,2026-02-25,2482740.0,2026-02-25
F005583,C0288,2026-02-21,2026-03-23,1596372.0,2026-03-23
F005584,C0288,2026-03-05,2026-04-04,1468860.0,2026-04-04
F005585,C0288,2026-03-07,2026-04-06,2768865.0,2026-04-07
F005586,C0288,2026-04-19,2026-05-19,2288498.0,2026-05-22
F005587,C0288,2026-04-01,2026-05-01,2174311.0,2026-05-01
F005588,C0288,2026-04-01,2026-05-01,2479549.0,2026-05-01
F005589,C0288,2026-05-25,2026-06-24,2005684.0,2026-06-24
F005590,C0288,2026-05-21,2026-06-20,1775886.0,2026-06-20
F005591,C0288,2026-06-26,2026-07-26,2200286.0,2026-07-26
F005592,C0288,2026-07-15,2026-08-14,2088382.0,2026-08-14
F005593,C0288,2026-07-14,2026-08-13,2825325.0,2026-08-14
F005594,C0289,2025-08-25,2025-09-24,863366.0,2025-09-26
F005595,C0289,2025-08-26,2025-09-25,1339635.0,2025-09-25
F005596,C0289,2026-01-26,2026-02-25,2039149.0,2026-02-26
F005597,C0289,2026-01-26,2026-02-25,1900013.0,2026-02-28
F005598,C0289,2026-01-26,2026-02-25,1060454.0,2026-02-26
F005599,C0289,2026-02-19,2026-03-21,2151252.0,2026-03-23
F005600,C0289,2026-02-09,2026-03-11,589734.0,2026-03-13
F005601,C0289,2026-03-16,2026-04-15,1276663.0,2026-04-16
F005602,C0289,2026-03-27,2026-04-26,2181431.0,2026-04-26
F005603,C0289,2026-03-27,2026-04-26,1188417.0,2026-04-26
F005604,C0289,2026-08-23,2026-09-22,1633200.0,
F005605,C0289,2026-08-02,2026-09-01,1606498.0,
F005606,C0290,2025-07-17,2025-08-16,1162261.0,2025-08-16
F005607,C0290,2025-07-08,2025-08-07,2273001.0,2025-08-11
F005608,C0290,2025-07-21,2025-08-20,2637969.0,2025-08-20
F005609,C0290,2025-08-01,2025-08-31,1469954.0,2025-08-31
F005610,C0290,2025-08-16,2025-09-15,2225731.0,2025-09-17
F005611,C0290,2025-08-07,2025-09-06,1444267.0,2025-09-12
F005612,C0290,2025-09-05,2025-10-05,1969524.0,2025-10-05
F005613,C0290,2025-09-09,2025-10-09,1434930.0,
F005614,C0290,2025-09-09,2025-10-09,2743219.0,2025-10-09
F005615,C0290,2025-10-17,2025-11-16,2809543.0,2025-11-17
F005616,C0290,2025-10-16,2025-11-15,2119937.0,2025-11-16
F005617,C0290,2025-10-24,2025-11-23,1528610.0,2025-11-26
F005618,C0290,2025-11-04,2025-12-04,2123474.0,2025-12-04
F005619,C0290,2025-11-08,2025-12-08,1749674.0,2025-12-08
F005620,C0290,2025-11-25,2025-12-25,1092922.0,2025-12-28
F005621,C0290,2025-12-18,2026-01-17,1579017.0,2026-01-19
F005622,C0290,2025-12-12,2026-01-11,2306078.0,2026-01-12
F005623,C0290,2025-12-15,2026-01-14,2128377.0,2026-01-16
F005624,C0290,2026-01-07,2026-02-06,2915175.0,2026-02-06
F005625,C0290,2026-02-26,2026-03-28,1197601.0,2026-03-29
F005626,C0290,2026-02-15,2026-03-17,1577269.0,2026-03-18
F005627,C0290,2026-02-16,2026-03-18,1566674.0,2026-03-18
F005628,C0290,2026-03-11,2026-04-10,1714288.0,2026-04-14
F005629,C0290,2026-03-05,2026-04-04,3266895.0,2026-04-07
F005630,C0290,2026-05-05,2026-06-04,2666721.0,2026-06-05
F005631,C0290,2026-08-08,2026-09-07,2527514.0,
F005632,C0290,2026-08-26,2026-09-25,1652499.0,
F005633,C0290,2026-08-17,2026-09-16,2690754.0,
F005634,C0291,2025-07-14,2025-08-13,954894.0,2025-08-13
F005635,C0291,2025-08-23,2025-09-22,1748961.0,2025-09-22
F005636,C0291,2025-08-18,2025-09-17,1749942.0,2025-09-18
F005637,C0291,2025-08-15,2025-09-14,1079856.0,2025-09-16
F005638,C0291,2025-09-06,2025-10-06,1701520.0,2025-10-06
F005639,C0291,2025-10-06,2025-11-05,1302037.0,2025-11-07
F005640,C0291,2025-10-10,2025-11-09,1905086.0,2025-11-10
F005641,C0291,2025-10-27,2025-11-26,2006746.0,2025-11-26
F005642,C0291,2025-11-24,2025-12-24,1540178.0,2025-12-24
F005643,C0291,2025-11-21,2025-12-21,2171085.0,2025-12-21
F005644,C0291,2025-11-06,2025-12-06,2804078.0,2025-12-06
F005645,C0291,2025-12-19,2026-01-18,1298761.0,2026-01-21
F005646,C0291,2026-01-16,2026-02-15,1306950.0,2026-02-15
F005647,C0291,2026-02-13,2026-03-15,909617.0,2026-03-15
F005648,C0291,2026-02-06,2026-03-08,1115620.0,2026-03-09
F005649,C0291,2026-04-03,2026-05-03,912013.0,2026-05-07
F005650,C0291,2026-04-05,2026-05-05,2081604.0,2026-05-07
F005651,C0291,2026-04-06,2026-05-06,2209236.0,2026-05-07
F005652,C0291,2026-05-12,2026-06-11,2389769.0,2026-06-11
F005653,C0291,2026-06-28,2026-07-28,1371984.0,2026-07-29
F005654,C0291,2026-06-28,2026-07-28,1137544.0,2026-07-28
F005655,C0291,2026-07-03,2026-08-02,2151624.0,2026-08-04
F005656,C0291,2026-07-16,2026-08-15,1563682.0,2026-08-15
F005657,C0292,2025-07-09,2025-08-08,1761558.0,2025-08-11
F005658,C0292,2025-07-04,2025-08-03,2058126.0,2025-08-04
F005659,C0292,2025-07-26,2025-08-25,1366414.0,
F005660,C0292,2025-08-02,2025-09-01,1199206.0,2025-09-14
F005661,C0292,2025-08-12,2025-09-11,1466589.0,2025-09-13
F005662,C0292,2025-08-24,2025-09-23,1498942.0,2025-09-23
F005663,C0292,2025-10-17,2025-11-16,873148.0,2025-11-23
F005664,C0292,2025-10-10,2025-11-09,1688727.0,2025-11-10
F005665,C0292,2025-11-12,2025-12-12,799018.0,
F005666,C0292,2025-11-05,2025-12-05,1268736.0,2025-12-10
F005667,C0292,2025-12-07,2026-01-06,1062801.0,2026-01-11
F005668,C0292,2026-01-18,2026-02-17,1385101.0,
F005669,C0292,2026-01-02,2026-02-01,737531.0,
F005670,C0292,2026-03-17,2026-04-16,1475554.0,2026-04-17
F005671,C0292,2026-03-05,2026-04-04,1600707.0,2026-04-09
F005672,C0292,2026-03-07,2026-04-06,1048470.0,2026-04-08
F005673,C0292,2026-04-08,2026-05-08,1358882.0,2026-05-19
F005674,C0292,2026-05-02,2026-06-01,901365.0,2026-06-04
F005675,C0292,2026-06-12,2026-07-12,1422705.0,2026-07-18
F005676,C0292,2026-07-01,2026-07-31,1224194.0,2026-08-02
F005677,C0292,2026-08-15,2026-09-14,2493851.0,
F005678,C0292,2026-08-05,2026-09-04,949700.0,
F005679,C0293,2025-07-06,2025-08-05,1586181.0,2025-08-06
F005680,C0293,2025-07-18,2025-08-17,2776127.0,2025-08-18
F005681,C0293,2025-07-16,2025-08-15,1557647.0,2025-08-15
F005682,C0293,2025-08-27,2025-09-26,1672452.0,2025-09-26
F005683,C0293,2025-08-22,2025-09-21,1350873.0,2025-09-21
F005684,C0293,2025-08-06,2025-09-05,1999092.0,2025-09-06
F005685,C0293,2025-09-23,2025-10-23,2137516.0,2025-10-24
F005686,C0293,2025-09-21,2025-10-21,2731485.0,
F005687,C0293,2025-09-15,2025-10-15,1287938.0,2025-10-15
F005688,C0293,2025-10-24,2025-11-23,1514264.0,2025-11-23
F005689,C0293,2025-11-15,2025-12-15,2061597.0,2025-12-16
F005690,C0293,2025-12-17,2026-01-16,1255361.0,2026-01-16
F005691,C0293,2025-12-07,2026-01-06,2414656.0,2026-01-06
F005692,C0293,2026-01-11,2026-02-10,2255228.0,2026-02-11
F005693,C0293,2026-02-14,2026-03-16,3250509.0,2026-03-16
F005694,C0293,2026-03-05,2026-04-04,2335622.0,2026-04-04
F005695,C0293,2026-03-09,2026-04-08,2008852.0,2026-04-08
F005696,C0293,2026-03-17,2026-04-16,2553589.0,2026-04-17
F005697,C0293,2026-04-20,2026-05-20,2391508.0,2026-05-20
F005698,C0293,2026-04-05,2026-05-05,1256814.0,2026-05-05
F005699,C0293,2026-04-27,2026-05-27,958257.0,2026-05-30
F005700,C0293,2026-05-09,2026-06-08,1227867.0,2026-06-12
F005701,C0293,2026-06-02,2026-07-02,1142979.0,2026-07-03
F005702,C0293,2026-06-13,2026-07-13,1492641.0,2026-07-13
F005703,C0293,2026-06-27,2026-07-27,1560619.0,2026-07-28
F005704,C0293,2026-07-24,2026-08-23,1697406.0,2026-08-24
F005705,C0293,2026-07-04,2026-08-03,1699882.0,2026-08-04
F005706,C0293,2026-08-23,2026-09-22,876110.0,
F005707,C0294,2025-07-10,2025-08-09,1316447.0,2025-08-09
F005708,C0294,2025-07-03,2025-08-02,1092953.0,2025-08-02
F005709,C0294,2025-07-13,2025-08-12,697132.0,2025-08-13
F005710,C0294,2025-08-06,2025-09-05,2120481.0,2025-09-05
F005711,C0294,2025-08-07,2025-09-06,1159442.0,2025-09-07
F005712,C0294,2025-09-13,2025-10-13,1673178.0,2025-10-13
F005713,C0294,2025-10-09,2025-11-08,1231391.0,2025-11-08
F005714,C0294,2025-10-06,2025-11-05,1939025.0,2025-11-08
F005715,C0294,2025-11-25,2025-12-25,1720698.0,2025-12-26
F005716,C0294,2025-11-22,2025-12-22,1415869.0,2025-12-23
F005717,C0294,2025-11-27,2025-12-27,1814383.0,2025-12-27
F005718,C0294,2025-12-03,2026-01-02,2022937.0,2026-01-02
F005719,C0294,2025-12-25,2026-01-24,1394494.0,2026-01-27
F005720,C0294,2026-02-15,2026-03-17,2005532.0,2026-03-17
F005721,C0294,2026-02-20,2026-03-22,1381895.0,2026-03-22
F005722,C0294,2026-02-23,2026-03-25,844699.0,2026-03-25
F005723,C0294,2026-04-22,2026-05-22,2394119.0,2026-05-22
F005724,C0294,2026-04-16,2026-05-16,1271509.0,2026-05-17
F005725,C0294,2026-04-22,2026-05-22,933294.0,2026-05-22
F005726,C0294,2026-05-05,2026-06-04,980032.0,2026-06-05
F005727,C0294,2026-05-24,2026-06-23,1169338.0,2026-06-23
F005728,C0294,2026-07-02,2026-08-01,1071718.0,2026-08-01
F005729,C0294,2026-07-12,2026-08-11,1474342.0,2026-08-11
F005730,C0294,2026-07-05,2026-08-04,1110254.0,2026-08-05
F005731,C0294,2026-08-19,2026-09-18,2819255.0,
F005732,C0294,2026-08-28,2026-09-27,1153578.0,
F005733,C0294,2026-08-26,2026-09-25,972444.0,
F005734,C0295,2025-07-10,2025-08-09,3042456.0,2025-08-10
F005735,C0295,2025-07-25,2025-08-24,1477663.0,2025-08-26
F005736,C0295,2025-07-26,2025-08-25,1427619.0,2025-08-27
F005737,C0295,2025-09-01,2025-10-01,1618929.0,2025-10-01
F005738,C0295,2025-09-01,2025-10-01,3411038.0,2025-10-02
F005739,C0295,2025-09-24,2025-10-24,1185975.0,2025-10-24
F005740,C0295,2025-11-08,2025-12-08,2515162.0,2025-12-08
F005741,C0295,2025-12-16,2026-01-15,1384368.0,2026-01-16
F005742,C0295,2025-12-02,2026-01-01,1766456.0,2026-01-01
F005743,C0295,2025-12-15,2026-01-14,1696079.0,2026-01-19
F005744,C0295,2026-01-09,2026-02-08,1814489.0,2026-02-09
F005745,C0295,2026-01-18,2026-02-17,1883665.0,2026-02-17
F005746,C0295,2026-04-15,2026-05-15,3111833.0,2026-05-18
F005747,C0295,2026-04-18,2026-05-18,1848969.0,2026-05-18
F005748,C0295,2026-07-06,2026-08-05,1146745.0,
F005749,C0295,2026-07-18,2026-08-17,3815690.0,2026-08-17
F005750,C0296,2025-07-16,2025-08-15,1546822.0,2025-08-16
F005751,C0296,2025-08-01,2025-08-31,1642735.0,2025-09-02
F005752,C0296,2025-08-11,2025-09-10,1514699.0,2025-09-10
F005753,C0296,2025-09-19,2025-10-19,2326969.0,2025-10-22
F005754,C0296,2025-09-12,2025-10-12,1977839.0,2025-10-13
F005755,C0296,2025-10-15,2025-11-14,1477990.0,2025-11-16
F005756,C0296,2025-10-06,2025-11-05,1985143.0,2025-11-05
F005757,C0296,2025-11-17,2025-12-17,2768467.0,2025-12-19
F005758,C0296,2025-11-01,2025-12-01,2571269.0,2025-12-01
F005759,C0296,2025-11-09,2025-12-09,2661724.0,2025-12-10
F005760,C0296,2025-12-02,2026-01-01,1345083.0,2026-01-01
F005761,C0296,2025-12-04,2026-01-03,3379295.0,2026-01-03
F005762,C0296,2025-12-05,2026-01-04,1196394.0,2026-01-06
F005763,C0296,2026-01-04,2026-02-03,3280029.0,2026-02-04
F005764,C0296,2026-02-27,2026-03-29,2267037.0,2026-03-31
F005765,C0296,2026-03-18,2026-04-17,1602608.0,2026-04-19
F005766,C0296,2026-03-16,2026-04-15,4060891.0,2026-04-16
F005767,C0296,2026-04-12,2026-05-12,3922406.0,2026-05-13
F005768,C0296,2026-04-09,2026-05-09,1700763.0,2026-05-09
F005769,C0296,2026-05-05,2026-06-04,1259168.0,2026-06-06
F005770,C0296,2026-06-25,2026-07-25,1792115.0,2026-07-25
F005771,C0296,2026-06-12,2026-07-12,2186011.0,2026-07-13
F005772,C0296,2026-07-17,2026-08-16,1655608.0,2026-08-18
F005773,C0296,2026-07-01,2026-07-31,3840825.0,2026-08-01
F005774,C0296,2026-08-03,2026-09-02,1637223.0,
F005775,C0296,2026-08-22,2026-09-21,3755145.0,
F005776,C0297,2025-07-22,2025-08-21,493174.0,2025-08-21
F005777,C0297,2025-07-18,2025-08-17,648241.0,2025-08-22
F005778,C0297,2025-07-15,2025-08-14,1264904.0,
F005779,C0297,2025-10-15,2025-11-14,647184.0,2025-11-14
F005780,C0297,2025-10-05,2025-11-04,460785.0,2025-11-08
F005781,C0297,2025-12-27,2026-01-26,679691.0,2026-01-27
F005782,C0297,2025-12-02,2026-01-01,560709.0,2026-01-01
F005783,C0297,2025-12-14,2026-01-13,472051.0,2026-01-15
F005784,C0297,2026-01-10,2026-02-09,840444.0,
F005785,C0297,2026-01-09,2026-02-08,442453.0,2026-02-09
F005786,C0297,2026-01-12,2026-02-11,1037250.0,
F005787,C0297,2026-04-09,2026-05-09,647207.0,2026-05-09
F005788,C0297,2026-05-21,2026-06-20,525138.0,2026-06-20
F005789,C0297,2026-05-21,2026-06-20,577123.0,2026-06-21
F005790,C0297,2026-05-13,2026-06-12,608275.0,
F005791,C0297,2026-06-08,2026-07-08,519765.0,2026-07-11
F005792,C0297,2026-06-13,2026-07-13,959733.0,2026-07-14
F005793,C0297,2026-07-04,2026-08-03,682475.0,2026-08-10
F005794,C0297,2026-07-14,2026-08-13,1479426.0,2026-08-14
F005795,C0297,2026-07-07,2026-08-06,1043647.0,2026-08-12
F005796,C0297,2026-08-03,2026-09-02,570261.0,
F005797,C0297,2026-08-22,2026-09-21,343410.0,
F005798,C0297,2026-08-04,2026-09-03,815058.0,
F005799,C0298,2025-08-20,2025-09-19,1583281.0,2025-09-19
F005800,C0298,2025-08-05,2025-09-04,2074199.0,2025-09-05
F005801,C0298,2025-08-04,2025-09-03,1820527.0,2025-09-03
F005802,C0298,2025-10-26,2025-11-25,1521421.0,2025-11-25
F005803,C0298,2025-10-12,2025-11-11,1457370.0,2025-11-11
F005804,C0298,2025-12-14,2026-01-13,2025422.0,2026-01-14
F005805,C0298,2025-12-05,2026-01-04,1967021.0,2026-01-04
F005806,C0298,2026-01-23,2026-02-22,1554246.0,2026-02-23
F005807,C0298,2026-01-09,2026-02-08,2280779.0,
F005808,C0298,2026-02-13,2026-03-15,2718015.0,2026-03-15
F005809,C0298,2026-03-21,2026-04-20,3782646.0,2026-04-20
F005810,C0298,2026-03-27,2026-04-26,3207249.0,2026-04-28
F005811,C0298,2026-03-06,2026-04-05,2146052.0,2026-04-05
F005812,C0298,2026-04-24,2026-05-24,1564533.0,2026-05-24
F005813,C0298,2026-04-04,2026-05-04,2136578.0,2026-05-06
F005814,C0298,2026-04-14,2026-05-14,1484057.0,2026-05-15
F005815,C0298,2026-05-18,2026-06-17,1501576.0,2026-06-18
F005816,C0298,2026-05-28,2026-06-27,2272821.0,2026-06-28
F005817,C0298,2026-06-08,2026-07-08,2752266.0,2026-07-08
F005818,C0298,2026-06-17,2026-07-17,1606423.0,2026-07-18
F005819,C0298,2026-06-12,2026-07-12,2236434.0,2026-07-12
F005820,C0298,2026-08-22,2026-09-21,1678055.0,
F005821,C0298,2026-08-20,2026-09-19,2217170.0,
F005822,C0299,2025-07-09,2025-08-08,1837950.0,2025-08-08
F005823,C0299,2025-07-19,2025-08-18,3538809.0,2025-08-21
F005824,C0299,2025-10-10,2025-11-09,2051224.0,2025-11-09
F005825,C0299,2025-10-02,2025-11-01,1303858.0,2025-11-03
F005826,C0299,2025-12-09,2026-01-08,1410927.0,2026-01-08
F005827,C0299,2025-12-02,2026-01-01,2797628.0,2026-01-04
F005828,C0299,2025-12-18,2026-01-17,4087757.0,2026-01-17
F005829,C0299,2026-01-12,2026-02-11,1095645.0,
F005830,C0299,2026-01-18,2026-02-17,2682938.0,2026-02-18
F005831,C0299,2026-01-27,2026-02-26,1479911.0,2026-02-26
F005832,C0299,2026-02-01,2026-03-03,2084348.0,2026-03-03
F005833,C0299,2026-04-25,2026-05-25,2826847.0,2026-05-25
F005834,C0299,2026-04-15,2026-05-15,2909115.0,2026-05-15
F005835,C0299,2026-07-12,2026-08-11,2959767.0,2026-08-11
F005836,C0299,2026-08-02,2026-09-01,2691472.0,
F005837,C0299,2026-08-09,2026-09-08,1552412.0,
F005838,C0300,2025-07-27,2025-08-26,2778206.0,2025-09-01
F005839,C0300,2025-07-20,2025-08-19,2922612.0,2025-08-20
F005840,C0300,2025-07-14,2025-08-13,3852008.0,2025-08-15
F005841,C0300,2025-08-08,2025-09-07,2883877.0,
F005842,C0300,2025-08-20,2025-09-19,3435205.0,2025-09-19
F005843,C0300,2025-08-13,2025-09-12,4000160.0,2025-09-13
F005844,C0300,2025-09-24,2025-10-24,2715421.0,2025-10-26
F005845,C0300,2025-09-24,2025-10-24,1604666.0,2025-10-27
F005846,C0300,2025-10-22,2025-11-21,2243999.0,2025-11-21
F005847,C0300,2025-11-20,2025-12-20,2136898.0,2025-12-21
F005848,C0300,2025-11-24,2025-12-24,3212884.0,2025-12-27
F005849,C0300,2025-11-16,2025-12-16,2256123.0,2025-12-17
F005850,C0300,2025-12-21,2026-01-20,2244934.0,
F005851,C0300,2025-12-15,2026-01-14,4334456.0,2026-01-19
F005852,C0300,2025-12-20,2026-01-19,3404614.0,2026-01-19
F005853,C0300,2026-01-18,2026-02-17,1370411.0,2026-02-20
F005854,C0300,2026-01-06,2026-02-05,4160540.0,2026-02-05
F005855,C0300,2026-03-27,2026-04-26,3279011.0,2026-04-29
F005856,C0300,2026-05-01,2026-05-31,1787161.0,2026-06-02
F005857,C0300,2026-05-11,2026-06-10,3807577.0,2026-06-10
F005858,C0300,2026-05-08,2026-06-07,2417792.0,
F005859,C0300,2026-07-16,2026-08-15,2622038.0,
F005860,C0300,2026-07-15,2026-08-14,2886107.0,2026-08-14
F005861,C0300,2026-07-01,2026-07-31,2844018.0,2026-07-31
F005862,C0300,2026-08-18,2026-09-17,2797842.0,
F005863,C0300,2026-08-09,2026-09-08,4099319.0,
F005864,C0300,2026-08-12,2026-09-11,2403217.0,
F005865,C0301,2025-07-24,2025-08-23,652300.0,2025-08-23
F005866,C0301,2025-07-10,2025-08-09,869365.0,2025-08-09
F005867,C0301,2025-08-08,2025-09-07,916038.0,2025-09-07
F005868,C0301,2025-09-04,2025-10-04,985512.0,2025-10-04
F005869,C0301,2025-09-20,2025-10-20,842372.0,2025-10-21
F005870,C0301,2025-10-25,2025-11-24,1349689.0,2025-11-25
F005871,C0301,2025-10-08,2025-11-07,876638.0,2025-11-07
F005872,C0301,2025-11-12,2025-12-12,1203722.0,2025-12-15
F005873,C0301,2025-11-23,2025-12-23,1011710.0,2025-12-26
F005874,C0301,2025-11-07,2025-12-07,1410345.0,2025-12-08
F005875,C0301,2025-12-15,2026-01-14,2168825.0,2026-01-17
F005876,C0301,2026-01-06,2026-02-05,365439.0,2026-02-05
F005877,C0301,2026-02-06,2026-03-08,1446436.0,2026-03-08
F005878,C0301,2026-02-17,2026-03-19,1575736.0,2026-03-19
F005879,C0301,2026-03-28,2026-04-27,705926.0,2026-04-27
F005880,C0301,2026-05-18,2026-06-17,575304.0,2026-06-17
F005881,C0301,2026-05-15,2026-06-14,1135787.0,2026-06-15
F005882,C0301,2026-06-27,2026-07-27,448587.0,
F005883,C0301,2026-06-20,2026-07-20,643605.0,2026-07-20
F005884,C0301,2026-07-23,2026-08-22,1962910.0,2026-08-23
F005885,C0301,2026-07-17,2026-08-16,1122379.0,2026-08-20
F005886,C0301,2026-07-26,2026-08-25,807199.0,2026-08-26
F005887,C0301,2026-08-18,2026-09-17,1660015.0,
F005888,C0301,2026-08-10,2026-09-09,606802.0,
F005889,C0302,2025-07-14,2025-08-13,2117436.0,2025-08-13
F005890,C0302,2025-07-18,2025-08-17,3353908.0,2025-08-17
F005891,C0302,2025-08-20,2025-09-19,2059385.0,2025-09-19
F005892,C0302,2025-08-07,2025-09-06,2941202.0,2025-09-06
F005893,C0302,2025-09-10,2025-10-10,2105762.0,2025-10-10
F005894,C0302,2025-10-01,2025-10-31,2285637.0,2025-10-31
F005895,C0302,2025-12-27,2026-01-26,1956806.0,2026-01-26
F005896,C0302,2025-12-22,2026-01-21,3263031.0,2026-01-21
F005897,C0302,2025-12-12,2026-01-11,2045261.0,2026-01-11
F005898,C0302,2026-01-05,2026-02-04,2945555.0,2026-02-04
F005899,C0302,2026-02-02,2026-03-04,2236809.0,2026-03-04
F005900,C0302,2026-02-03,2026-03-05,2147503.0,2026-03-05
F005901,C0302,2026-03-24,2026-04-23,3227981.0,2026-04-23
F005902,C0302,2026-03-08,2026-04-07,3037657.0,2026-04-07
F005903,C0302,2026-03-17,2026-04-16,2465026.0,2026-04-16
F005904,C0302,2026-05-26,2026-06-25,1814385.0,2026-06-25
F005905,C0302,2026-05-16,2026-06-15,2454492.0,2026-06-15
F005906,C0302,2026-06-14,2026-07-14,3207325.0,2026-07-14
F005907,C0302,2026-07-15,2026-08-14,2716510.0,2026-08-14
F005908,C0302,2026-07-10,2026-08-09,5239231.0,2026-08-09
F005909,C0302,2026-08-24,2026-09-23,2610650.0,
F005910,C0303,2025-08-01,2025-08-31,1592215.0,2025-08-31
F005911,C0303,2025-08-01,2025-08-31,2101617.0,2025-08-31
F005912,C0303,2025-09-23,2025-10-23,3557859.0,2025-10-23
F005913,C0303,2025-10-22,2025-11-21,2738364.0,2025-11-21
F005914,C0303,2025-11-07,2025-12-07,3936639.0,2025-12-07
F005915,C0303,2025-11-21,2025-12-21,1652511.0,2025-12-22
F005916,C0303,2025-11-17,2025-12-17,1686701.0,2025-12-17
F005917,C0303,2025-12-13,2026-01-12,3109087.0,2026-01-13
F005918,C0303,2026-01-01,2026-01-31,3888726.0,2026-02-01
F005919,C0303,2026-01-01,2026-01-31,1575112.0,2026-02-01
F005920,C0303,2026-02-22,2026-03-24,1593332.0,2026-03-24
F005921,C0303,2026-02-18,2026-03-20,1950162.0,2026-03-21
F005922,C0303,2026-02-05,2026-03-07,1658808.0,2026-03-07
F005923,C0303,2026-03-27,2026-04-26,1458071.0,2026-04-28
F005924,C0303,2026-04-19,2026-05-19,2879577.0,2026-05-19
F005925,C0303,2026-04-11,2026-05-11,1317729.0,2026-05-11
F005926,C0303,2026-05-13,2026-06-12,1774495.0,2026-06-14
F005927,C0303,2026-06-12,2026-07-12,1731384.0,2026-07-12
F005928,C0303,2026-06-22,2026-07-22,2775536.0,2026-07-22
F005929,C0303,2026-06-05,2026-07-05,1358519.0,2026-07-05
F005930,C0303,2026-07-21,2026-08-20,2087297.0,2026-08-20
F005931,C0303,2026-08-13,2026-09-12,2837055.0,
F005932,C0303,2026-08-05,2026-09-04,1508566.0,
F005933,C0303,2026-08-28,2026-09-27,1711053.0,
F005934,C0304,2025-09-09,2025-10-09,1757644.0,2025-10-10
F005935,C0304,2025-10-23,2025-11-22,1549932.0,2025-11-22
F005936,C0304,2025-10-16,2025-11-15,3232976.0,2025-11-16
F005937,C0304,2025-10-07,2025-11-06,2244060.0,2025-11-06
F005938,C0304,2025-12-15,2026-01-14,1574628.0,2026-01-14
F005939,C0304,2026-01-11,2026-02-10,869460.0,2026-02-11
F005940,C0304,2026-01-04,2026-02-03,1763467.0,2026-02-03
F005941,C0304,2026-02-03,2026-03-05,2619833.0,2026-03-06
F005942,C0304,2026-02-21,2026-03-23,2475693.0,2026-03-23
F005943,C0304,2026-03-08,2026-04-07,1275588.0,2026-04-08
F005944,C0304,2026-04-18,2026-05-18,1748128.0,2026-05-19
F005945,C0304,2026-04-28,2026-05-28,1990571.0,2026-06-01
F005946,C0304,2026-05-25,2026-06-24,1193155.0,2026-06-26
F005947,C0304,2026-06-12,2026-07-12,2585168.0,2026-07-13
F005948,C0304,2026-06-02,2026-07-02,1850630.0,2026-07-04
F005949,C0304,2026-06-27,2026-07-27,1648103.0,2026-07-27
F005950,C0304,2026-07-04,2026-08-03,1957040.0,2026-08-04
F005951,C0304,2026-07-01,2026-07-31,1458097.0,2026-08-02
F005952,C0305,2025-07-20,2025-08-19,1848325.0,2025-08-19
F005953,C0305,2025-07-12,2025-08-11,1063459.0,2025-08-11
F005954,C0305,2025-10-21,2025-11-20,1728652.0,2025-11-21
F005955,C0305,2025-10-10,2025-11-09,1235430.0,2025-11-10
F005956,C0305,2025-11-08,2025-12-08,1513960.0,2025-12-08
F005957,C0305,2025-11-10,2025-12-10,568329.0,2025-12-13
F005958,C0305,2025-12-02,2026-01-01,1353397.0,2026-01-01
F005959,C0305,2025-12-28,2026-01-27,1363915.0,2026-01-31
F005960,C0305,2026-01-28,2026-02-27,781716.0,2026-02-27
F005961,C0305,2026-01-06,2026-02-05,587260.0,2026-02-06
F005962,C0305,2026-02-19,2026-03-21,1643810.0,2026-03-22
F005963,C0305,2026-02-06,2026-03-08,1119126.0,
F005964,C0305,2026-03-26,2026-04-25,1477245.0,2026-04-25
F005965,C0305,2026-04-02,2026-05-02,681875.0,2026-05-02
F005966,C0305,2026-04-21,2026-05-21,2301143.0,2026-05-21
F005967,C0305,2026-04-26,2026-05-26,1296252.0,2026-05-26
F005968,C0305,2026-07-15,2026-08-14,1290036.0,2026-08-14
F005969,C0305,2026-07-02,2026-08-01,1949928.0,2026-08-01
F005970,C0305,2026-08-09,2026-09-08,2046539.0,
F005971,C0306,2025-09-01,2025-10-01,451340.0,2025-10-02
F005972,C0306,2025-09-14,2025-10-14,550311.0,2025-10-14
F005973,C0306,2025-10-09,2025-11-08,499548.0,2025-11-08
F005974,C0306,2025-10-09,2025-11-08,623621.0,2025-11-09
F005975,C0306,2025-12-15,2026-01-14,413647.0,2026-01-14
F005976,C0306,2025-12-25,2026-01-24,801887.0,2026-01-24
F005977,C0306,2026-01-10,2026-02-09,422730.0,2026-02-10
F005978,C0306,2026-01-17,2026-02-16,673163.0,2026-02-16
F005979,C0306,2026-01-24,2026-02-23,287446.0,2026-02-27
F005980,C0306,2026-02-25,2026-03-27,768300.0,2026-03-27
F005981,C0306,2026-02-17,2026-03-19,515210.0,
F005982,C0306,2026-03-20,2026-04-19,670257.0,2026-04-20
F005983,C0306,2026-03-06,2026-04-05,534681.0,2026-04-05
F005984,C0306,2026-03-07,2026-04-06,690835.0,2026-04-07
F005985,C0306,2026-04-18,2026-05-18,571387.0,2026-05-18
F005986,C0306,2026-04-08,2026-05-08,820465.0,2026-05-08
F005987,C0306,2026-05-02,2026-06-01,1172313.0,2026-06-01
F005988,C0306,2026-05-01,2026-05-31,785423.0,2026-05-31
F005989,C0306,2026-06-02,2026-07-02,541396.0,2026-07-02
F005990,C0306,2026-06-19,2026-07-19,503523.0,2026-07-19
F005991,C0306,2026-06-24,2026-07-24,353550.0,2026-07-24
F005992,C0307,2025-07-26,2025-08-25,1074395.0,2025-08-25
F005993,C0307,2025-07-20,2025-08-19,3062365.0,2025-08-19
F005994,C0307,2025-08-02,2025-09-01,1169418.0,2025-09-01
F005995,C0307,2025-08-20,2025-09-19,1487053.0,2025-09-19
F005996,C0307,2025-08-19,2025-09-18,1362999.0,2025-09-18
F005997,C0307,2025-09-15,2025-10-15,1373158.0,2025-10-15
F005998,C0307,2025-09-04,2025-10-04,862719.0,2025-10-04
F005999,C0307,2025-09-01,2025-10-01,1527227.0,2025-10-01
F006000,C0307,2025-10-08,2025-11-07,1335454.0,2025-11-07
F006001,C0307,2025-10-17,2025-11-16,1501844.0,2025-11-16
F006002,C0307,2025-11-11,2025-12-11,770096.0,2025-12-11
F006003,C0307,2025-12-19,2026-01-18,1239017.0,2026-01-18
F006004,C0307,2025-12-02,2026-01-01,1286019.0,2026-01-01
F006005,C0307,2025-12-20,2026-01-19,800824.0,2026-01-19
F006006,C0307,2026-02-11,2026-03-13,766710.0,2026-03-13
F006007,C0307,2026-03-21,2026-04-20,1118814.0,2026-04-20
F006008,C0307,2026-03-21,2026-04-20,951439.0,2026-04-20
F006009,C0307,2026-05-02,2026-06-01,1324238.0,2026-06-01
F006010,C0307,2026-05-04,2026-06-03,1801904.0,2026-06-03
F006011,C0307,2026-05-10,2026-06-09,2471701.0,2026-06-09
F006012,C0307,2026-06-13,2026-07-13,1328003.0,2026-07-13
F006013,C0307,2026-06-20,2026-07-20,1853220.0,2026-07-20
F006014,C0307,2026-06-20,2026-07-20,1002209.0,2026-07-20
F006015,C0307,2026-07-24,2026-08-23,1072667.0,2026-08-23
F006016,C0307,2026-08-05,2026-09-04,1303256.0,
F006017,C0307,2026-08-08,2026-09-07,826931.0,
F006018,C0307,2026-08-26,2026-09-25,944817.0,
F006019,C0308,2025-09-22,2025-10-22,913909.0,2025-10-23
F006020,C0308,2025-09-24,2025-10-24,805548.0,2025-10-25
F006021,C0308,2025-09-17,2025-10-17,721422.0,2025-10-17
F006022,C0308,2025-12-25,2026-01-24,943883.0,2026-01-24
F006023,C0308,2025-12-22,2026-01-21,761982.0,2026-01-21
F006024,C0308,2025-12-04,2026-01-03,2063911.0,2026-01-04
F006025,C0308,2026-01-07,2026-02-06,955188.0,2026-02-07
F006026,C0308,2026-01-22,2026-02-21,1259632.0,2026-02-21
F006027,C0308,2026-02-04,2026-03-06,1422071.0,2026-03-06
F006028,C0308,2026-03-06,2026-04-05,791846.0,2026-04-07
F006029,C0308,2026-03-19,2026-04-18,1641785.0,2026-04-20
F006030,C0308,2026-04-07,2026-05-07,643950.0,2026-05-07
F006031,C0308,2026-04-27,2026-05-27,1435530.0,2026-05-27
F006032,C0308,2026-08-04,2026-09-03,895554.0,
F006033,C0309,2025-07-19,2025-08-18,3436454.0,2025-08-19
F006034,C0309,2025-08-27,2025-09-26,2634372.0,2025-09-30
F006035,C0309,2025-08-18,2025-09-17,1999924.0,2025-09-18
F006036,C0309,2025-08-27,2025-09-26,1504434.0,2025-09-30
F006037,C0309,2025-10-12,2025-11-11,1707582.0,2025-11-12
F006038,C0309,2025-10-11,2025-11-10,1502854.0,2025-11-10
F006039,C0309,2025-11-07,2025-12-07,3137766.0,2025-12-11
F006040,C0309,2025-12-10,2026-01-09,2279063.0,2026-01-11
F006041,C0309,2026-01-23,2026-02-22,1515712.0,2026-02-24
F006042,C0309,2026-01-19,2026-02-18,1900036.0,2026-02-21
F006043,C0309,2026-01-28,2026-02-27,2679441.0,2026-02-28
F006044,C0309,2026-02-06,2026-03-08,2264645.0,
F006045,C0309,2026-02-15,2026-03-17,2547803.0,2026-03-24
F006046,C0309,2026-02-17,2026-03-19,6313829.0,2026-03-19
F006047,C0309,2026-03-02,2026-04-01,2813298.0,2026-04-02
F006048,C0309,2026-03-03,2026-04-02,2854454.0,2026-04-02
F006049,C0309,2026-03-05,2026-04-04,2132920.0,2026-04-08
F006050,C0309,2026-04-21,2026-05-21,3083231.0,2026-05-22
F006051,C0309,2026-04-26,2026-05-26,2983933.0,2026-05-27
F006052,C0309,2026-05-12,2026-06-11,3182314.0,2026-06-13
F006053,C0309,2026-06-12,2026-07-12,1223787.0,2026-07-14
F006054,C0309,2026-06-10,2026-07-10,2348812.0,2026-07-10
F006055,C0309,2026-06-07,2026-07-07,3293942.0,2026-07-08
F006056,C0309,2026-08-26,2026-09-25,3184512.0,
F006057,C0310,2025-07-27,2025-08-26,4812513.0,2025-08-26
F006058,C0310,2025-07-05,2025-08-04,4540981.0,2025-08-04
F006059,C0310,2025-08-07,2025-09-06,4961426.0,2025-09-07
F006060,C0310,2025-10-09,2025-11-08,3134315.0,2025-11-08
F006061,C0310,2025-10-28,2025-11-27,2174006.0,2025-11-27
F006062,C0310,2025-11-09,2025-12-09,2756012.0,2025-12-10
F006063,C0310,2025-12-08,2026-01-07,3811514.0,2026-01-08
F006064,C0310,2025-12-19,2026-01-18,1693719.0,2026-01-18
F006065,C0310,2026-01-26,2026-02-25,3565269.0,2026-02-26
F006066,C0310,2026-02-18,2026-03-20,4523807.0,2026-03-20
F006067,C0310,2026-02-24,2026-03-26,2783514.0,2026-03-26
F006068,C0310,2026-03-04,2026-04-03,1777810.0,2026-04-03
F006069,C0310,2026-03-08,2026-04-07,4911090.0,2026-04-07
F006070,C0310,2026-03-22,2026-04-21,3306440.0,2026-04-21
F006071,C0310,2026-06-14,2026-07-14,2478257.0,2026-07-15
F006072,C0310,2026-08-15,2026-09-14,6544789.0,
F006073,C0310,2026-08-04,2026-09-03,2573815.0,
F006074,C0310,2026-08-19,2026-09-18,2981684.0,
F006075,C0311,2025-09-18,2025-10-18,522770.0,2025-10-21
F006076,C0311,2025-10-28,2025-11-27,847994.0,2025-12-02
F006077,C0311,2025-10-21,2025-11-20,1533482.0,2025-11-22
F006078,C0311,2025-10-27,2025-11-26,809350.0,2025-11-27
F006079,C0311,2025-11-11,2025-12-11,790793.0,2025-12-19
F006080,C0311,2025-12-22,2026-01-21,1135146.0,2026-01-22
F006081,C0311,2025-12-08,2026-01-07,942772.0,2026-01-11
F006082,C0311,2026-02-25,2026-03-27,1109649.0,2026-04-03
F006083,C0311,2026-05-12,2026-06-11,931036.0,2026-06-11
F006084,C0311,2026-05-17,2026-06-16,705635.0,2026-06-24
F006085,C0312,2025-07-04,2025-08-03,2474123.0,2025-08-04
F006086,C0312,2025-07-15,2025-08-14,2632329.0,
F006087,C0312,2025-07-07,2025-08-06,1961772.0,2025-08-07
F006088,C0312,2025-08-16,2025-09-15,1928012.0,2025-09-15
F006089,C0312,2025-08-01,2025-08-31,2024063.0,2025-09-01
F006090,C0312,2025-09-27,2025-10-27,2099022.0,
F006091,C0312,2025-09-28,2025-10-28,2013849.0,2025-10-31
F006092,C0312,2025-10-08,2025-11-07,4488638.0,2025-11-08
F006093,C0312,2025-10-14,2025-11-13,1821683.0,2025-11-14
F006094,C0312,2025-11-17,2025-12-17,946468.0,2025-12-20
F006095,C0312,2025-12-19,2026-01-18,1391752.0,2026-01-18
F006096,C0312,2025-12-05,2026-01-04,1707482.0,2026-01-05
F006097,C0312,2025-12-05,2026-01-04,2075700.0,2026-01-06
F006098,C0312,2026-01-22,2026-02-21,2064602.0,2026-02-21
F006099,C0312,2026-01-28,2026-02-27,1209106.0,2026-02-27
F006100,C0312,2026-01-03,2026-02-02,3474356.0,2026-02-03
F006101,C0312,2026-03-01,2026-03-31,3219766.0,2026-04-02
F006102,C0312,2026-04-26,2026-05-26,2192506.0,2026-05-29
F006103,C0312,2026-04-28,2026-05-28,1573395.0,2026-05-28
F006104,C0312,2026-05-03,2026-06-02,986064.0,2026-06-03
F006105,C0312,2026-05-24,2026-06-23,1934186.0,2026-06-25
F006106,C0312,2026-05-26,2026-06-25,3654959.0,2026-06-25
F006107,C0312,2026-06-17,2026-07-17,2704541.0,2026-07-18
F006108,C0312,2026-06-16,2026-07-16,1984072.0,2026-07-17
F006109,C0312,2026-06-09,2026-07-09,1935529.0,2026-07-17
F006110,C0312,2026-07-01,2026-07-31,1153527.0,2026-07-31
F006111,C0312,2026-08-03,2026-09-02,1307954.0,
F006112,C0312,2026-08-22,2026-09-21,1486178.0,
F006113,C0313,2025-07-12,2025-08-11,1203602.0,2025-08-11
F006114,C0313,2025-08-02,2025-09-01,1499386.0,2025-09-02
F006115,C0313,2025-08-09,2025-09-08,754319.0,2025-09-10
F006116,C0313,2025-08-11,2025-09-10,2266185.0,2025-09-10
F006117,C0313,2025-09-09,2025-10-09,905370.0,2025-10-10
F006118,C0313,2025-10-21,2025-11-20,1810960.0,2025-11-20
F006119,C0313,2025-11-20,2025-12-20,2160766.0,2025-12-20
F006120,C0313,2025-11-04,2025-12-04,1020473.0,2025-12-05
F006121,C0313,2025-11-17,2025-12-17,968971.0,2025-12-20
F006122,C0313,2026-01-21,2026-02-20,1934317.0,2026-02-20
F006123,C0313,2026-01-15,2026-02-14,1674589.0,2026-02-15
F006124,C0313,2026-02-24,2026-03-26,2368934.0,2026-03-26
F006125,C0313,2026-02-03,2026-03-05,1302301.0,2026-03-05
F006126,C0313,2026-02-04,2026-03-06,931104.0,2026-03-07
F006127,C0313,2026-03-05,2026-04-04,1552477.0,2026-04-04
F006128,C0313,2026-03-01,2026-03-31,1888518.0,2026-03-31
F006129,C0313,2026-03-18,2026-04-17,1326441.0,2026-04-17
F006130,C0313,2026-04-10,2026-05-10,1456922.0,2026-05-10
F006131,C0313,2026-04-23,2026-05-23,2802451.0,2026-05-24
F006132,C0313,2026-05-25,2026-06-24,1273842.0,2026-06-25
F006133,C0313,2026-06-24,2026-07-24,1308215.0,
F006134,C0313,2026-06-19,2026-07-19,1273488.0,2026-07-19
F006135,C0313,2026-07-26,2026-08-25,1063254.0,2026-08-26
F006136,C0313,2026-07-23,2026-08-22,1315709.0,
F006137,C0313,2026-07-18,2026-08-17,1106283.0,2026-08-17
F006138,C0313,2026-08-08,2026-09-07,2416916.0,
F006139,C0313,2026-08-25,2026-09-24,1355219.0,
F006140,C0313,2026-08-09,2026-09-08,835385.0,
F006141,C0314,2025-07-02,2025-08-01,1116979.0,2025-08-01
F006142,C0314,2025-09-16,2025-10-16,1052860.0,2025-10-17
F006143,C0314,2025-09-23,2025-10-23,535532.0,2025-10-24
F006144,C0314,2025-09-10,2025-10-10,1266220.0,2025-10-11
F006145,C0314,2025-10-17,2025-11-16,906214.0,2025-11-19
F006146,C0314,2025-10-19,2025-11-18,1077965.0,2025-11-19
F006147,C0314,2025-11-25,2025-12-25,943268.0,2025-12-25
F006148,C0314,2025-11-04,2025-12-04,1041547.0,2025-12-04
F006149,C0314,2025-12-05,2026-01-04,1129347.0,
F006150,C0314,2025-12-02,2026-01-01,866004.0,2026-01-02
F006151,C0314,2025-12-03,2026-01-02,1190533.0,2026-01-02
F006152,C0314,2026-01-23,2026-02-22,455689.0,2026-02-22
F006153,C0314,2026-01-27,2026-02-26,819370.0,2026-03-01
F006154,C0314,2026-03-08,2026-04-07,1346607.0,2026-04-08
F006155,C0314,2026-03-03,2026-04-02,1029462.0,2026-04-06
F006156,C0314,2026-05-11,2026-06-10,451287.0,2026-06-13
F006157,C0314,2026-05-23,2026-06-22,823522.0,2026-06-27
F006158,C0314,2026-06-18,2026-07-18,1390735.0,2026-07-18
F006159,C0314,2026-06-12,2026-07-12,1639404.0,2026-07-12
F006160,C0314,2026-06-08,2026-07-08,1275095.0,2026-07-09
F006161,C0314,2026-07-10,2026-08-09,1395006.0,2026-08-09
F006162,C0314,2026-08-24,2026-09-23,1061187.0,
F006163,C0315,2025-09-09,2025-10-09,974900.0,2025-10-19
F006164,C0315,2025-09-08,2025-10-08,727866.0,2025-10-16
F006165,C0315,2025-10-13,2025-11-12,905352.0,2025-11-12
F006166,C0315,2025-10-20,2025-11-19,651830.0,2025-11-19
F006167,C0315,2025-11-23,2025-12-23,1742475.0,2025-12-26
F006168,C0315,2025-11-22,2025-12-22,712724.0,
F006169,C0315,2025-11-10,2025-12-10,986773.0,2025-12-12
F006170,C0315,2026-01-18,2026-02-17,857420.0,2026-02-23
F006171,C0315,2026-01-04,2026-02-03,710397.0,2026-02-10
F006172,C0315,2026-01-16,2026-02-15,891879.0,2026-02-22
F006173,C0315,2026-05-02,2026-06-01,416561.0,2026-06-01
F006174,C0315,2026-05-23,2026-06-22,1960870.0,2026-06-26
F006175,C0315,2026-06-09,2026-07-09,1477373.0,2026-07-14
F006176,C0315,2026-06-18,2026-07-18,1339833.0,
F006177,C0315,2026-06-21,2026-07-21,715805.0,2026-07-22
F006178,C0315,2026-07-17,2026-08-16,539965.0,
F006179,C0315,2026-08-28,2026-09-27,1338098.0,
F006180,C0315,2026-08-14,2026-09-13,819492.0,
F006181,C0316,2025-07-05,2025-08-04,1634762.0,2025-08-04
F006182,C0316,2025-08-22,2025-09-21,2831874.0,2025-09-25
F006183,C0316,2025-08-20,2025-09-19,3528817.0,2025-09-22
F006184,C0316,2025-08-20,2025-09-19,3882687.0,2025-09-25
F006185,C0316,2025-11-21,2025-12-21,2772623.0,2025-12-22
F006186,C0316,2025-11-26,2025-12-26,2509952.0,2025-12-26
F006187,C0316,2026-01-11,2026-02-10,1934648.0,2026-02-14
F006188,C0316,2026-01-28,2026-02-27,2457416.0,2026-02-27
F006189,C0316,2026-01-04,2026-02-03,2066783.0,2026-02-03
F006190,C0316,2026-02-15,2026-03-17,3824521.0,2026-03-18
F006191,C0316,2026-02-07,2026-03-09,2360784.0,2026-03-11
F006192,C0316,2026-02-11,2026-03-13,1851452.0,2026-03-13
F006193,C0316,2026-04-04,2026-05-04,2635391.0,2026-05-04
F006194,C0316,2026-04-09,2026-05-09,2219813.0,2026-05-10
F006195,C0316,2026-05-28,2026-06-27,3381059.0,2026-06-28
F006196,C0316,2026-05-24,2026-06-23,2648013.0,2026-06-24
F006197,C0316,2026-05-07,2026-06-06,4828994.0,2026-06-06
F006198,C0316,2026-07-11,2026-08-10,3165398.0,2026-08-11
F006199,C0316,2026-07-14,2026-08-13,2348789.0,2026-08-16
F006200,C0316,2026-07-18,2026-08-17,4579807.0,2026-08-19
F006201,C0316,2026-08-11,2026-09-10,3062051.0,
F006202,C0316,2026-08-02,2026-09-01,2700739.0,
F006203,C0316,2026-08-27,2026-09-26,3398554.0,
F006204,C0317,2025-08-10,2025-09-09,735862.0,2025-09-09
F006205,C0317,2025-10-04,2025-11-03,653315.0,2025-11-03
F006206,C0317,2025-10-06,2025-11-05,581523.0,2025-11-05
F006207,C0317,2025-10-19,2025-11-18,1057544.0,2025-11-18
F006208,C0317,2025-11-22,2025-12-22,1196950.0,2025-12-22
F006209,C0317,2025-11-15,2025-12-15,709413.0,2025-12-15
F006210,C0317,2025-11-08,2025-12-08,1084651.0,2025-12-08
F006211,C0317,2026-04-01,2026-05-01,1324319.0,2026-05-01
F006212,C0317,2026-06-15,2026-07-15,976115.0,2026-07-15
F006213,C0317,2026-06-03,2026-07-03,791635.0,2026-07-04
F006214,C0317,2026-06-26,2026-07-26,954328.0,2026-07-28
F006215,C0317,2026-08-24,2026-09-23,2794592.0,
F006216,C0318,2025-07-16,2025-08-15,2022550.0,2025-08-16
F006217,C0318,2025-07-08,2025-08-07,2526297.0,2025-08-08
F006218,C0318,2025-07-02,2025-08-01,2010494.0,2025-08-02
F006219,C0318,2025-09-07,2025-10-07,1841770.0,2025-10-07
F006220,C0318,2025-10-11,2025-11-10,1391876.0,2025-11-10
F006221,C0318,2025-11-09,2025-12-09,2626928.0,2025-12-10
F006222,C0318,2026-01-13,2026-02-12,2039487.0,
F006223,C0318,2026-02-13,2026-03-15,2043274.0,2026-03-15
F006224,C0318,2026-04-11,2026-05-11,1660751.0,2026-05-11
F006225,C0318,2026-04-22,2026-05-22,1281267.0,2026-05-23
F006226,C0318,2026-04-05,2026-05-05,1772054.0,2026-05-05
F006227,C0318,2026-05-21,2026-06-20,2288117.0,2026-06-20
F006228,C0318,2026-05-01,2026-05-31,1294615.0,2026-05-31
F006229,C0318,2026-05-18,2026-06-17,2087298.0,2026-06-18
F006230,C0318,2026-06-13,2026-07-13,1508094.0,2026-07-13
F006231,C0318,2026-06-28,2026-07-28,1071060.0,2026-07-28
F006232,C0318,2026-07-19,2026-08-18,1474747.0,2026-08-19
F006233,C0318,2026-07-07,2026-08-06,948575.0,2026-08-08
F006234,C0319,2025-07-06,2025-08-05,1186187.0,2025-08-06
F006235,C0319,2025-08-02,2025-09-01,1263736.0,2025-09-01
F006236,C0319,2025-09-23,2025-10-23,893109.0,2025-10-23
F006237,C0319,2026-06-21,2026-07-21,1277574.0,2026-07-21
F006238,C0319,2026-06-16,2026-07-16,1032886.0,2026-07-16
F006239,C0319,2026-07-22,2026-08-21,1270235.0,2026-08-22
F006240,C0319,2026-07-17,2026-08-16,892427.0,2026-08-16
F006241,C0319,2026-08-28,2026-09-27,847145.0,
F006242,C0319,2026-08-17,2026-09-16,598424.0,
F006243,C0320,2025-07-14,2025-08-13,561772.0,2025-08-14
F006244,C0320,2025-07-07,2025-08-06,482777.0,2025-08-12
F006245,C0320,2025-07-11,2025-08-10,2154322.0,2025-08-10
F006246,C0320,2025-09-10,2025-10-10,338722.0,2025-10-11
F006247,C0320,2025-09-07,2025-10-07,1119260.0,2025-10-09
F006248,C0320,2025-10-18,2025-11-17,911573.0,2025-11-21
F006249,C0320,2025-10-13,2025-11-12,744168.0,2025-11-17
F006250,C0320,2025-11-23,2025-12-23,537745.0,2025-12-24
F006251,C0320,2025-11-04,2025-12-04,528914.0,2025-12-04
F006252,C0320,2026-01-01,2026-01-31,789283.0,2026-01-31
F006253,C0320,2026-01-25,2026-02-24,436509.0,2026-02-25
F006254,C0320,2026-02-28,2026-03-30,963210.0,2026-04-02
F006255,C0320,2026-03-19,2026-04-18,689091.0,2026-04-19
F006256,C0320,2026-04-05,2026-05-05,1022130.0,2026-05-06
F006257,C0320,2026-05-18,2026-06-17,464017.0,
F006258,C0320,2026-06-28,2026-07-28,537468.0,2026-08-04
F006259,C0320,2026-06-09,2026-07-09,327465.0,2026-07-11
F006260,C0320,2026-07-02,2026-08-01,578730.0,2026-08-01
F006261,C0320,2026-08-09,2026-09-08,563968.0,
F006262,C0320,2026-08-14,2026-09-13,592041.0,
F006263,C0321,2025-08-24,2025-09-23,1192276.0,2025-09-23
F006264,C0321,2025-08-20,2025-09-19,1031481.0,2025-09-21
F006265,C0321,2025-08-17,2025-09-16,1267004.0,2025-09-16
F006266,C0321,2025-10-01,2025-10-31,912159.0,2025-11-04
F006267,C0321,2025-11-24,2025-12-24,593226.0,2025-12-24
F006268,C0321,2025-12-02,2026-01-01,824481.0,2026-01-04
F006269,C0321,2025-12-11,2026-01-10,647739.0,2026-01-10
F006270,C0321,2025-12-23,2026-01-22,855891.0,2026-01-22
F006271,C0321,2026-01-28,2026-02-27,1128316.0,
F006272,C0321,2026-01-28,2026-02-27,1209274.0,2026-02-27
F006273,C0321,2026-02-28,2026-03-30,1165369.0,2026-04-03
F006274,C0321,2026-03-06,2026-04-05,736945.0,2026-04-05
F006275,C0321,2026-03-17,2026-04-16,691459.0,2026-04-17
F006276,C0321,2026-03-10,2026-04-09,1303696.0,2026-04-10
F006277,C0321,2026-04-07,2026-05-07,1104259.0,2026-05-13
F006278,C0321,2026-05-21,2026-06-20,1611720.0,2026-06-22
F006279,C0321,2026-05-02,2026-06-01,839044.0,2026-06-01
F006280,C0321,2026-06-23,2026-07-23,1013137.0,2026-07-23
F006281,C0321,2026-06-28,2026-07-28,779080.0,2026-07-29
F006282,C0321,2026-07-16,2026-08-15,895272.0,
F006283,C0321,2026-07-04,2026-08-03,1546430.0,2026-08-05
F006284,C0321,2026-08-01,2026-08-31,1516561.0,
F006285,C0321,2026-08-03,2026-09-02,1177906.0,
F006286,C0322,2025-07-27,2025-08-26,5177097.0,2025-08-26
F006287,C0322,2025-07-14,2025-08-13,4467096.0,2025-08-13
F006288,C0322,2025-08-04,2025-09-03,3090055.0,2025-09-03
F006289,C0322,2025-08-20,2025-09-19,3797106.0,2025-09-19
F006290,C0322,2025-09-03,2025-10-03,2904341.0,2025-10-03
F006291,C0322,2025-09-21,2025-10-21,5541789.0,2025-10-22
F006292,C0322,2025-09-01,2025-10-01,3875217.0,2025-10-01
F006293,C0322,2025-10-11,2025-11-10,3174151.0,2025-11-10
F006294,C0322,2025-10-26,2025-11-25,2721343.0,
F006295,C0322,2025-11-02,2025-12-02,4593993.0,2025-12-03
F006296,C0322,2025-11-06,2025-12-06,4039005.0,2025-12-07
F006297,C0322,2025-12-15,2026-01-14,4847394.0,2026-01-14
F006298,C0322,2026-01-03,2026-02-02,3909649.0,2026-02-02
F006299,C0322,2026-02-12,2026-03-14,3258761.0,2026-03-14
F006300,C0322,2026-03-25,2026-04-24,2071629.0,2026-04-24
F006301,C0322,2026-03-22,2026-04-21,3770461.0,2026-04-21
F006302,C0322,2026-04-27,2026-05-27,2620511.0,2026-05-27
F006303,C0322,2026-06-01,2026-07-01,3501797.0,2026-07-01
F006304,C0322,2026-07-04,2026-08-03,4677014.0,2026-08-03
F006305,C0322,2026-07-18,2026-08-17,3644669.0,2026-08-18
F006306,C0322,2026-07-07,2026-08-06,1847511.0,2026-08-06
F006307,C0322,2026-08-17,2026-09-16,5334847.0,
F006308,C0323,2025-07-09,2025-08-08,2021906.0,2025-08-09
F006309,C0323,2025-08-23,2025-09-22,1677224.0,2025-09-26
F006310,C0323,2025-09-27,2025-10-27,3060460.0,2025-10-27
F006311,C0323,2025-09-19,2025-10-19,3049523.0,2025-10-21
F006312,C0323,2025-10-07,2025-11-06,1718706.0,2025-11-15
F006313,C0323,2025-12-03,2026-01-02,2647644.0,2026-01-04
F006314,C0323,2026-01-13,2026-02-12,2493275.0,2026-02-13
F006315,C0323,2026-01-24,2026-02-23,1105897.0,2026-02-24
F006316,C0323,2026-01-02,2026-02-01,3708910.0,2026-02-01
F006317,C0323,2026-03-05,2026-04-04,1719576.0,2026-04-06
F006318,C0323,2026-04-21,2026-05-21,1617523.0,2026-05-21
F006319,C0323,2026-04-22,2026-05-22,2867297.0,2026-05-22
F006320,C0323,2026-05-02,2026-06-01,3216167.0,2026-06-03
F006321,C0323,2026-06-11,2026-07-11,2572413.0,2026-07-14
F006322,C0323,2026-07-13,2026-08-12,1289800.0,2026-08-12
F006323,C0323,2026-07-11,2026-08-10,2860404.0,2026-08-10
F006324,C0323,2026-08-02,2026-09-01,1168704.0,
F006325,C0324,2025-07-21,2025-08-20,6132647.0,2025-08-20
F006326,C0324,2025-07-12,2025-08-11,3763424.0,2025-08-14
F006327,C0324,2025-09-08,2025-10-08,3246682.0,2025-10-09
F006328,C0324,2025-10-23,2025-11-22,2881496.0,2025-11-23
F006329,C0324,2025-10-04,2025-11-03,2806621.0,2025-11-03
F006330,C0324,2025-10-26,2025-11-25,2983848.0,2025-11-26
F006331,C0324,2025-11-26,2025-12-26,3909800.0,2025-12-29
F006332,C0324,2025-11-06,2025-12-06,1754393.0,
F006333,C0324,2025-11-12,2025-12-12,5780905.0,2025-12-13
F006334,C0324,2025-12-14,2026-01-13,3914124.0,2026-01-14
F006335,C0324,2026-02-12,2026-03-14,2792570.0,2026-03-17
F006336,C0324,2026-03-14,2026-04-13,4631700.0,2026-04-13
F006337,C0324,2026-04-15,2026-05-15,3641024.0,2026-05-15
F006338,C0324,2026-05-18,2026-06-17,3339209.0,2026-06-17
F006339,C0324,2026-05-05,2026-06-04,3487550.0,2026-06-04
F006340,C0324,2026-06-13,2026-07-13,4372674.0,2026-07-13
F006341,C0324,2026-06-10,2026-07-10,2772860.0,2026-07-13
F006342,C0324,2026-07-04,2026-08-03,1835489.0,2026-08-04
F006343,C0324,2026-07-22,2026-08-21,7287995.0,2026-08-21
F006344,C0324,2026-07-14,2026-08-13,2830120.0,2026-08-14
F006345,C0324,2026-08-14,2026-09-13,6118553.0,
F006346,C0324,2026-08-14,2026-09-13,2296380.0,
F006347,C0325,2025-07-07,2025-08-06,2522000.0,2025-08-06
F006348,C0325,2025-07-16,2025-08-15,2231351.0,2025-08-15
F006349,C0325,2025-07-08,2025-08-07,2272722.0,2025-08-08
F006350,C0325,2026-01-03,2026-02-02,5259388.0,2026-02-02
F006351,C0325,2026-01-05,2026-02-04,1369299.0,2026-02-04
F006352,C0325,2026-02-20,2026-03-22,2452993.0,2026-03-23
F006353,C0325,2026-02-08,2026-03-10,3223458.0,2026-03-10
F006354,C0325,2026-03-04,2026-04-03,802624.0,2026-04-04
F006355,C0325,2026-03-03,2026-04-02,3969062.0,2026-04-02
F006356,C0325,2026-03-25,2026-04-24,1465573.0,2026-04-24
F006357,C0325,2026-04-12,2026-05-12,5467652.0,2026-05-12
F006358,C0325,2026-05-04,2026-06-03,3180710.0,2026-06-03
F006359,C0325,2026-05-12,2026-06-11,2295824.0,2026-06-11
F006360,C0325,2026-05-08,2026-06-07,2838844.0,2026-06-07
F006361,C0326,2025-07-06,2025-08-05,1034657.0,2025-08-07
F006362,C0326,2025-07-19,2025-08-18,443781.0,2025-08-19
F006363,C0326,2025-08-11,2025-09-10,350391.0,2025-09-10
F006364,C0326,2025-09-13,2025-10-13,518149.0,2025-10-13
F006365,C0326,2025-09-22,2025-10-22,442368.0,2025-10-24
F006366,C0326,2025-10-10,2025-11-09,329815.0,2025-11-09
F006367,C0326,2025-12-11,2026-01-10,449878.0,2026-01-11
F006368,C0326,2025-12-10,2026-01-09,740593.0,2026-01-09
F006369,C0326,2026-01-17,2026-02-16,556752.0,2026-02-16
F006370,C0326,2026-01-23,2026-02-22,433134.0,
F006371,C0326,2026-02-22,2026-03-24,783966.0,2026-03-26
F006372,C0326,2026-02-03,2026-03-05,317605.0,2026-03-05
F006373,C0326,2026-03-17,2026-04-16,669450.0,2026-04-16
F006374,C0326,2026-03-13,2026-04-12,508044.0,2026-04-12
F006375,C0326,2026-03-24,2026-04-23,437096.0,2026-04-23
F006376,C0326,2026-04-05,2026-05-05,577084.0,2026-05-05
F006377,C0326,2026-05-19,2026-06-18,694124.0,2026-06-18
F006378,C0326,2026-06-25,2026-07-25,802932.0,2026-07-25
F006379,C0326,2026-06-09,2026-07-09,494980.0,2026-07-09
F006380,C0326,2026-06-08,2026-07-08,408078.0,2026-07-10
F006381,C0326,2026-07-10,2026-08-09,569088.0,2026-08-09
F006382,C0326,2026-07-04,2026-08-03,464460.0,2026-08-04
F006383,C0326,2026-08-11,2026-09-10,473443.0,
F006384,C0327,2025-09-14,2025-10-14,5508396.0,2025-10-15
F006385,C0327,2025-09-26,2025-10-26,2378541.0,2025-10-26
F006386,C0327,2025-09-21,2025-10-21,4298441.0,2025-10-21
F006387,C0327,2025-10-16,2025-11-15,3441072.0,2025-11-16
F006388,C0327,2025-12-18,2026-01-17,2491324.0,2026-01-17
F006389,C0327,2026-03-03,2026-04-02,2187593.0,2026-04-02
F006390,C0327,2026-03-02,2026-04-01,1304778.0,2026-04-03
F006391,C0327,2026-05-17,2026-06-16,2858788.0,2026-06-16
F006392,C0327,2026-08-09,2026-09-08,5143640.0,
F006393,C0328,2025-07-08,2025-08-07,457187.0,2025-08-07
F006394,C0328,2025-07-17,2025-08-16,741243.0,2025-08-16
F006395,C0328,2025-07-01,2025-07-31,319891.0,2025-07-31
F006396,C0328,2025-08-04,2025-09-03,314856.0,2025-09-04
F006397,C0328,2025-08-24,2025-09-23,612981.0,2025-09-23
F006398,C0328,2025-09-26,2025-10-26,510525.0,2025-10-27
F006399,C0328,2025-09-03,2025-10-03,1069427.0,2025-10-03
F006400,C0328,2025-10-18,2025-11-17,360678.0,2025-11-17
F006401,C0328,2025-10-14,2025-11-13,441299.0,2025-11-13
F006402,C0328,2025-12-24,2026-01-23,519138.0,2026-01-23
F006403,C0328,2026-01-28,2026-02-27,638696.0,2026-02-27
F006404,C0328,2026-02-16,2026-03-18,497269.0,2026-03-19
F006405,C0328,2026-02-11,2026-03-13,346733.0,2026-03-13
F006406,C0328,2026-03-01,2026-03-31,460019.0,2026-03-31
F006407,C0328,2026-04-01,2026-05-01,483914.0,2026-05-01
F006408,C0328,2026-06-22,2026-07-22,416885.0,2026-07-22
F006409,C0328,2026-07-02,2026-08-01,235727.0,2026-08-02
F006410,C0328,2026-07-26,2026-08-25,750208.0,2026-08-25
F006411,C0328,2026-07-19,2026-08-18,512335.0,2026-08-18
F006412,C0328,2026-08-19,2026-09-18,543280.0,
F006413,C0329,2025-07-09,2025-08-08,806347.0,2025-08-09
F006414,C0329,2025-07-23,2025-08-22,1831111.0,2025-08-22
F006415,C0329,2025-11-19,2025-12-19,1638532.0,2025-12-19
F006416,C0329,2025-12-22,2026-01-21,1469134.0,2026-01-21
F006417,C0329,2026-01-14,2026-02-13,670089.0,2026-02-13
F006418,C0329,2026-02-17,2026-03-19,1899746.0,2026-03-19
F006419,C0329,2026-02-10,2026-03-12,2002069.0,2026-03-12
F006420,C0329,2026-02-05,2026-03-07,2352266.0,2026-03-07
F006421,C0329,2026-03-21,2026-04-20,2404833.0,2026-04-20
F006422,C0329,2026-05-17,2026-06-16,1845348.0,2026-06-16
F006423,C0329,2026-06-17,2026-07-17,2602000.0,2026-07-18
F006424,C0330,2026-01-12,2026-02-11,1726865.0,2026-02-11
F006425,C0330,2026-02-26,2026-03-28,1551036.0,2026-03-28
F006426,C0330,2026-02-20,2026-03-22,3835453.0,2026-03-22
F006427,C0330,2026-02-11,2026-03-13,4201562.0,2026-03-13
F006428,C0330,2026-04-09,2026-05-09,2024299.0,2026-05-09
F006429,C0330,2026-04-02,2026-05-02,1297236.0,2026-05-02
F006430,C0330,2026-04-14,2026-05-14,1846544.0,2026-05-15
F006431,C0330,2026-06-13,2026-07-13,1920021.0,2026-07-13
F006432,C0330,2026-07-09,2026-08-08,1177785.0,2026-08-08
F006433,C0330,2026-07-13,2026-08-12,2851055.0,2026-08-12
F006434,C0330,2026-07-04,2026-08-03,1207446.0,
F006435,C0330,2026-08-16,2026-09-15,1694501.0,
F006436,C0331,2025-09-21,2025-10-21,1718746.0,2025-10-21
F006437,C0331,2025-09-22,2025-10-22,1433864.0,2025-10-22
F006438,C0331,2025-11-28,2025-12-28,1462264.0,2025-12-28
F006439,C0331,2026-01-08,2026-02-07,1305116.0,2026-02-07
F006440,C0331,2026-01-11,2026-02-10,1145345.0,
F006441,C0331,2026-02-22,2026-03-24,1509439.0,
F006442,C0331,2026-02-07,2026-03-09,1517592.0,2026-03-10
F006443,C0331,2026-03-20,2026-04-19,1582157.0,2026-04-19
F006444,C0331,2026-04-19,2026-05-19,1697596.0,2026-05-19
F006445,C0331,2026-04-04,2026-05-04,1308000.0,2026-05-04
F006446,C0331,2026-08-23,2026-09-22,1304941.0,
F006447,C0331,2026-08-19,2026-09-18,1534717.0,
F006448,C0332,2025-07-01,2025-07-31,1527736.0,2025-07-31
F006449,C0332,2025-07-16,2025-08-15,2053089.0,2025-08-15
F006450,C0332,2025-08-09,2025-09-08,4078496.0,2025-09-09
F006451,C0332,2025-09-02,2025-10-02,3532524.0,2025-10-02
F006452,C0332,2025-09-21,2025-10-21,1588118.0,2025-10-22
F006453,C0332,2025-09-10,2025-10-10,5102019.0,2025-10-11
F006454,C0332,2025-11-19,2025-12-19,3142019.0,2025-12-19
F006455,C0332,2025-11-22,2025-12-22,3327843.0,
F006456,C0332,2025-12-24,2026-01-23,2760922.0,2026-01-23
F006457,C0332,2025-12-12,2026-01-11,3428718.0,2026-01-11
F006458,C0332,2026-01-17,2026-02-16,1822362.0,2026-02-17
F006459,C0332,2026-02-27,2026-03-29,3178244.0,2026-03-29
F006460,C0332,2026-02-07,2026-03-09,4559311.0,2026-03-09
F006461,C0332,2026-03-26,2026-04-25,1671365.0,2026-04-25
F006462,C0332,2026-03-14,2026-04-13,1970048.0,2026-04-13
F006463,C0332,2026-04-16,2026-05-16,2823785.0,2026-05-16
F006464,C0332,2026-04-01,2026-05-01,1929022.0,2026-05-01
F006465,C0332,2026-04-23,2026-05-23,2356358.0,2026-05-23
F006466,C0332,2026-05-05,2026-06-04,2711047.0,2026-06-04
F006467,C0332,2026-05-24,2026-06-23,1405159.0,2026-06-24
F006468,C0332,2026-05-27,2026-06-26,2123953.0,2026-06-26
F006469,C0332,2026-06-07,2026-07-07,1119148.0,2026-07-08
F006470,C0332,2026-06-16,2026-07-16,3651442.0,2026-07-16
F006471,C0332,2026-06-21,2026-07-21,3104045.0,2026-07-22
F006472,C0332,2026-07-03,2026-08-02,2275747.0,2026-08-04
F006473,C0332,2026-08-14,2026-09-13,3142543.0,
F006474,C0332,2026-08-26,2026-09-25,3145570.0,
F006475,C0332,2026-08-02,2026-09-01,1867757.0,
F006476,C0333,2025-07-23,2025-08-22,2464587.0,2025-08-22
F006477,C0333,2025-07-04,2025-08-03,1608249.0,2025-08-03
F006478,C0333,2025-07-19,2025-08-18,2382932.0,2025-08-18
F006479,C0333,2025-08-17,2025-09-16,2283003.0,
F006480,C0333,2025-09-09,2025-10-09,2556122.0,2025-10-10
F006481,C0333,2025-09-11,2025-10-11,1342837.0,
F006482,C0333,2025-12-15,2026-01-14,1115009.0,2026-01-14
F006483,C0333,2025-12-03,2026-01-02,1300922.0,2026-01-03
F006484,C0333,2025-12-28,2026-01-27,3110420.0,2026-01-27
F006485,C0333,2026-01-10,2026-02-09,3296588.0,2026-02-10
F006486,C0333,2026-02-13,2026-03-15,1341291.0,2026-03-15
F006487,C0333,2026-03-02,2026-04-01,1416346.0,2026-04-01
F006488,C0333,2026-03-07,2026-04-06,1113476.0,2026-04-06
F006489,C0333,2026-03-25,2026-04-24,1855765.0,2026-04-24
F006490,C0333,2026-04-19,2026-05-19,2091816.0,2026-05-20
F006491,C0333,2026-05-19,2026-06-18,2581976.0,2026-06-18
F006492,C0333,2026-05-23,2026-06-22,2057040.0,2026-06-22
F006493,C0333,2026-06-21,2026-07-21,1618697.0,2026-07-21
F006494,C0333,2026-06-18,2026-07-18,1413084.0,2026-07-18
F006495,C0333,2026-07-05,2026-08-04,2118927.0,2026-08-04
F006496,C0333,2026-08-05,2026-09-04,2887446.0,
F006497,C0333,2026-08-21,2026-09-20,1577296.0,
F006498,C0334,2025-09-18,2025-10-18,1067174.0,
F006499,C0334,2025-09-21,2025-10-21,834250.0,2025-10-21
F006500,C0334,2025-10-10,2025-11-09,1515330.0,2025-11-09
F006501,C0334,2025-10-13,2025-11-12,718339.0,2025-11-13
F006502,C0334,2025-10-27,2025-11-26,926203.0,2025-11-28
F006503,C0334,2025-11-26,2025-12-26,637920.0,2025-12-27
F006504,C0334,2025-11-27,2025-12-27,993982.0,2025-12-28
F006505,C0334,2025-12-13,2026-01-12,900821.0,2026-01-12
F006506,C0334,2025-12-22,2026-01-21,1022841.0,2026-01-21
F006507,C0334,2026-02-28,2026-03-30,1239361.0,2026-03-30
F006508,C0334,2026-02-05,2026-03-07,667913.0,2026-03-07
F006509,C0334,2026-04-22,2026-05-22,941934.0,2026-05-22
F006510,C0334,2026-04-20,2026-05-20,1515816.0,2026-05-20
F006511,C0334,2026-06-27,2026-07-27,843887.0,2026-07-27
F006512,C0335,2025-07-23,2025-08-22,1385182.0,2025-08-27
F006513,C0335,2025-08-14,2025-09-13,532507.0,2025-09-17
F006514,C0335,2025-08-20,2025-09-19,663486.0,2025-09-20
F006515,C0335,2025-08-26,2025-09-25,949485.0,2025-09-26
F006516,C0335,2025-09-20,2025-10-20,1119710.0,2025-10-21
F006517,C0335,2025-09-17,2025-10-17,880657.0,2025-10-17
F006518,C0335,2025-10-09,2025-11-08,1362022.0,2025-11-08
F006519,C0335,2025-11-10,2025-12-10,594814.0,2025-12-10
F006520,C0335,2025-11-05,2025-12-05,671112.0,2025-12-09
F006521,C0335,2026-02-07,2026-03-09,1208271.0,2026-03-13
F006522,C0335,2026-02-28,2026-03-30,636199.0,2026-03-30
F006523,C0335,2026-02-07,2026-03-09,1101262.0,2026-03-11
F006524,C0335,2026-05-10,2026-06-09,1083033.0,2026-06-09
F006525,C0335,2026-05-14,2026-06-13,497893.0,2026-06-15
F006526,C0335,2026-05-15,2026-06-14,934835.0,2026-06-14
F006527,C0335,2026-06-01,2026-07-01,501297.0,2026-07-03
F006528,C0335,2026-07-26,2026-08-25,840008.0,2026-08-25
F006529,C0335,2026-07-06,2026-08-05,1193251.0,2026-08-06
F006530,C0335,2026-07-10,2026-08-09,1270630.0,2026-08-09
F006531,C0335,2026-08-02,2026-09-01,1099584.0,
F006532,C0336,2025-07-27,2025-08-26,758456.0,2025-08-28
F006533,C0336,2025-07-06,2025-08-05,825893.0,2025-08-07
F006534,C0336,2025-09-04,2025-10-04,1270594.0,2025-10-04
F006535,C0336,2025-09-05,2025-10-05,818069.0,2025-10-05
F006536,C0336,2025-10-03,2025-11-02,933942.0,2025-11-04
F006537,C0336,2025-10-26,2025-11-25,487025.0,2025-11-26
F006538,C0336,2025-10-24,2025-11-23,597445.0,2025-11-24
F006539,C0336,2025-11-04,2025-12-04,701200.0,2025-12-04
F006540,C0336,2025-11-18,2025-12-18,709543.0,2025-12-19
F006541,C0336,2026-01-18,2026-02-17,814308.0,2026-02-18
F006542,C0336,2026-01-26,2026-02-25,1078978.0,
F006543,C0336,2026-01-26,2026-02-25,632839.0,2026-02-27
F006544,C0336,2026-02-08,2026-03-10,428309.0,2026-03-12
F006545,C0336,2026-03-03,2026-04-02,434401.0,2026-04-03
F006546,C0336,2026-04-18,2026-05-18,296171.0,2026-05-19
F006547,C0336,2026-04-18,2026-05-18,989043.0,2026-05-22
F006548,C0336,2026-04-19,2026-05-19,348859.0,2026-05-24
F006549,C0336,2026-05-12,2026-06-11,452846.0,
F006550,C0336,2026-06-15,2026-07-15,617317.0,2026-07-16
F006551,C0336,2026-06-03,2026-07-03,624228.0,
F006552,C0336,2026-07-22,2026-08-21,437008.0,2026-08-22
F006553,C0336,2026-07-19,2026-08-18,642723.0,2026-08-19
F006554,C0336,2026-07-18,2026-08-17,551685.0,2026-08-18
F006555,C0336,2026-08-20,2026-09-19,417002.0,
F006556,C0337,2025-07-07,2025-08-06,652142.0,2025-08-07
F006557,C0337,2025-07-26,2025-08-25,1448959.0,2025-08-26
F006558,C0337,2025-08-20,2025-09-19,1435222.0,2025-09-24
F006559,C0337,2025-08-14,2025-09-13,1693950.0,
F006560,C0337,2025-08-01,2025-08-31,2481766.0,2025-09-01
F006561,C0337,2025-10-22,2025-11-21,1643132.0,2025-11-21
F006562,C0337,2025-10-02,2025-11-01,866995.0,2025-11-03
F006563,C0337,2025-11-11,2025-12-11,1283157.0,
F006564,C0337,2025-12-03,2026-01-02,1902318.0,2026-01-03
F006565,C0337,2026-01-02,2026-02-01,753729.0,2026-02-01
F006566,C0337,2026-02-11,2026-03-13,1867229.0,2026-03-14
F006567,C0337,2026-02-06,2026-03-08,2112417.0,2026-03-10
F006568,C0337,2026-02-19,2026-03-21,1123716.0,2026-03-25
F006569,C0337,2026-03-04,2026-04-03,1466715.0,2026-04-03
F006570,C0337,2026-03-15,2026-04-14,1511250.0,2026-04-14
F006571,C0337,2026-04-01,2026-05-01,1724824.0,2026-05-01
F006572,C0337,2026-05-26,2026-06-25,2083022.0,2026-06-28
F006573,C0337,2026-06-02,2026-07-02,1390316.0,2026-07-02
F006574,C0337,2026-06-18,2026-07-18,1386690.0,2026-07-20
F006575,C0338,2025-08-05,2025-09-04,2001482.0,2025-09-04
F006576,C0338,2025-08-27,2025-09-26,2514548.0,2025-09-27
F006577,C0338,2025-09-22,2025-10-22,485415.0,2025-10-22
F006578,C0338,2025-10-03,2025-11-02,1221572.0,2025-11-02
F006579,C0338,2025-10-24,2025-11-23,2148961.0,2025-11-24
F006580,C0338,2025-10-04,2025-11-03,1691277.0,2025-11-03
F006581,C0338,2025-12-17,2026-01-16,1548237.0,2026-01-17
F006582,C0338,2025-12-10,2026-01-09,2075195.0,2026-01-10
F006583,C0338,2026-01-25,2026-02-24,1471029.0,2026-02-26
F006584,C0338,2026-01-14,2026-02-13,2531905.0,2026-02-13
F006585,C0338,2026-04-03,2026-05-03,2512056.0,2026-05-04
F006586,C0338,2026-04-23,2026-05-23,1528490.0,2026-05-24
F006587,C0338,2026-04-14,2026-05-14,1124312.0,2026-05-14
F006588,C0338,2026-05-12,2026-06-11,1184595.0,2026-06-11
F006589,C0338,2026-07-07,2026-08-06,1785938.0,2026-08-08
F006590,C0338,2026-07-28,2026-08-27,1690261.0,2026-08-27
F006591,C0338,2026-07-20,2026-08-19,1249717.0,2026-08-20
F006592,C0339,2025-07-18,2025-08-17,1165745.0,2025-08-17
F006593,C0339,2025-07-16,2025-08-15,938776.0,
F006594,C0339,2025-09-26,2025-10-26,1419499.0,2025-10-28
F006595,C0339,2025-10-10,2025-11-09,2441562.0,2025-11-09
F006596,C0339,2025-10-10,2025-11-09,1041162.0,2025-11-10
F006597,C0339,2025-11-18,2025-12-18,694791.0,2025-12-18
F006598,C0339,2025-11-13,2025-12-13,1771123.0,2025-12-14
F006599,C0339,2026-01-02,2026-02-01,1126457.0,2026-02-01
F006600,C0339,2026-03-08,2026-04-07,992278.0,2026-04-07
F006601,C0339,2026-05-04,2026-06-03,3899501.0,2026-06-07
F006602,C0340,2025-07-05,2025-08-04,1385431.0,2025-08-10
F006603,C0340,2025-10-20,2025-11-19,1960655.0,2025-11-19
F006604,C0340,2025-12-06,2026-01-05,1781379.0,2026-01-06
F006605,C0340,2026-03-02,2026-04-01,2209918.0,2026-04-03
F006606,C0340,2026-03-02,2026-04-01,1815795.0,2026-04-03
F006607,C0340,2026-03-14,2026-04-13,2599281.0,2026-04-15
F006608,C0340,2026-05-06,2026-06-05,1851527.0,2026-06-05
F006609,C0341,2025-07-06,2025-08-05,2116730.0,2025-08-05
F006610,C0341,2025-07-21,2025-08-20,1231501.0,2025-08-20
F006611,C0341,2025-08-07,2025-09-06,2233787.0,2025-09-06
F006612,C0341,2025-09-22,2025-10-22,1827957.0,2025-10-22
F006613,C0341,2025-10-11,2025-11-10,1172539.0,2025-11-11
F006614,C0341,2025-11-20,2025-12-20,2569890.0,2025-12-22
F006615,C0341,2025-12-27,2026-01-26,3432304.0,2026-01-27
F006616,C0341,2025-12-14,2026-01-13,2125933.0,
F006617,C0341,2025-12-25,2026-01-24,1323232.0,2026-01-25
F006618,C0341,2026-01-16,2026-02-15,1682026.0,2026-02-16
F006619,C0341,2026-02-19,2026-03-21,1219744.0,2026-03-21
F006620,C0341,2026-02-27,2026-03-29,2362560.0,2026-04-01
F006621,C0341,2026-02-05,2026-03-07,1609583.0,2026-03-08
F006622,C0341,2026-03-24,2026-04-23,1699810.0,2026-04-23
F006623,C0341,2026-03-28,2026-04-27,2131504.0,2026-04-29
F006624,C0341,2026-03-19,2026-04-18,888213.0,2026-04-21
F006625,C0341,2026-04-17,2026-05-17,1339139.0,2026-05-17
F006626,C0341,2026-05-14,2026-06-13,1946670.0,2026-06-13
F006627,C0341,2026-06-02,2026-07-02,2227632.0,2026-07-05
F006628,C0341,2026-07-16,2026-08-15,895622.0,2026-08-16
F006629,C0341,2026-07-26,2026-08-25,1670786.0,2026-08-30
F006630,C0341,2026-08-02,2026-09-01,1519498.0,
F006631,C0341,2026-08-04,2026-09-03,1355622.0,
F006632,C0342,2025-10-04,2025-11-03,1259357.0,2025-11-05
F006633,C0342,2025-10-04,2025-11-03,1382827.0,2025-11-05
F006634,C0342,2025-12-07,2026-01-06,1631277.0,2026-01-10
F006635,C0342,2026-01-20,2026-02-19,1230912.0,2026-02-19
F006636,C0342,2026-01-12,2026-02-11,1280870.0,2026-02-13
F006637,C0342,2026-02-04,2026-03-06,1194307.0,2026-03-07
F006638,C0342,2026-03-28,2026-04-27,1632216.0,2026-04-30
F006639,C0342,2026-04-21,2026-05-21,1073847.0,2026-05-24
F006640,C0342,2026-05-14,2026-06-13,1382519.0,2026-06-17
F006641,C0342,2026-05-18,2026-06-17,878355.0,2026-06-21
F006642,C0343,2025-08-01,2025-08-31,1069224.0,2025-08-31
F006643,C0343,2025-08-15,2025-09-14,1134912.0,2025-09-15
F006644,C0343,2025-08-06,2025-09-05,822431.0,2025-09-05
F006645,C0343,2025-09-12,2025-10-12,1247121.0,2025-10-13
F006646,C0343,2025-09-06,2025-10-06,722901.0,2025-10-06
F006647,C0343,2025-10-17,2025-11-16,1173630.0,2025-11-20
F006648,C0343,2025-10-15,2025-11-14,1075020.0,2025-11-18
F006649,C0343,2025-12-01,2025-12-31,1352534.0,2026-01-01
F006650,C0343,2025-12-07,2026-01-06,934497.0,2026-01-07
F006651,C0343,2026-01-27,2026-02-26,1146747.0,2026-02-26
F006652,C0343,2026-02-04,2026-03-06,1507316.0,2026-03-06
F006653,C0343,2026-03-19,2026-04-18,1009728.0,2026-04-21
F006654,C0343,2026-03-27,2026-04-26,922073.0,2026-04-28
F006655,C0343,2026-03-03,2026-04-02,1997581.0,2026-04-02
F006656,C0343,2026-04-21,2026-05-21,2051183.0,2026-05-22
F006657,C0343,2026-05-16,2026-06-15,1571450.0,2026-06-18
F006658,C0343,2026-05-15,2026-06-14,1459451.0,2026-06-14
F006659,C0343,2026-06-06,2026-07-06,2210223.0,2026-07-07
F006660,C0343,2026-07-21,2026-08-20,859542.0,2026-08-20
F006661,C0343,2026-07-08,2026-08-07,978065.0,
F006662,C0343,2026-07-01,2026-07-31,2294034.0,2026-07-31
F006663,C0343,2026-08-27,2026-09-26,664984.0,
F006664,C0343,2026-08-22,2026-09-21,889338.0,
F006665,C0343,2026-08-23,2026-09-22,743399.0,
F006666,C0344,2025-07-17,2025-08-16,2345549.0,2025-08-16
F006667,C0344,2025-07-07,2025-08-06,3341059.0,2025-08-06
F006668,C0344,2025-08-15,2025-09-14,4734542.0,2025-09-14
F006669,C0344,2025-08-01,2025-08-31,3453443.0,2025-08-31
F006670,C0344,2025-11-13,2025-12-13,1893078.0,2025-12-13
F006671,C0344,2025-11-25,2025-12-25,3262135.0,2025-12-25
F006672,C0344,2026-01-15,2026-02-14,2455017.0,2026-02-14
F006673,C0344,2026-01-19,2026-02-18,5015914.0,2026-02-19
F006674,C0344,2026-02-21,2026-03-23,3465350.0,2026-03-26
F006675,C0344,2026-02-16,2026-03-18,5941212.0,2026-03-19
F006676,C0344,2026-03-04,2026-04-03,3512610.0,2026-04-05
F006677,C0344,2026-03-09,2026-04-08,2911681.0,2026-04-09
F006678,C0344,2026-05-03,2026-06-02,3353435.0,2026-06-03
F006679,C0344,2026-05-08,2026-06-07,3570168.0,2026-06-07
F006680,C0344,2026-07-01,2026-07-31,3459054.0,2026-08-02
F006681,C0344,2026-07-09,2026-08-08,4220433.0,2026-08-09
F006682,C0344,2026-07-13,2026-08-12,3524665.0,2026-08-12
F006683,C0344,2026-08-14,2026-09-13,6503145.0,
F006684,C0344,2026-08-25,2026-09-24,2802633.0,
F006685,C0344,2026-08-07,2026-09-06,4437256.0,
F006686,C0345,2025-07-14,2025-08-13,680741.0,2025-08-15
F006687,C0345,2025-07-24,2025-08-23,461723.0,2025-08-25
F006688,C0345,2025-08-08,2025-09-07,1076508.0,2025-09-08
F006689,C0345,2025-08-19,2025-09-18,560068.0,2025-09-18
F006690,C0345,2025-08-08,2025-09-07,486013.0,2025-09-10
F006691,C0345,2025-10-17,2025-11-16,493918.0,2025-11-22
F006692,C0345,2025-10-16,2025-11-15,761325.0,2025-11-15
F006693,C0345,2025-10-15,2025-11-14,433375.0,2025-11-14
F006694,C0345,2025-11-12,2025-12-12,880647.0,2025-12-12
F006695,C0345,2025-11-04,2025-12-04,626548.0,2025-12-06
F006696,C0345,2025-12-19,2026-01-18,468380.0,2026-01-18
F006697,C0345,2025-12-27,2026-01-26,914369.0,2026-01-26
F006698,C0345,2026-01-05,2026-02-04,933119.0,
F006699,C0345,2026-01-21,2026-02-20,767816.0,2026-02-20
F006700,C0345,2026-01-09,2026-02-08,589041.0,2026-02-09
F006701,C0345,2026-02-06,2026-03-08,408216.0,2026-03-08
F006702,C0345,2026-03-17,2026-04-16,539649.0,2026-04-17
F006703,C0345,2026-04-01,2026-05-01,352656.0,2026-05-01
F006704,C0346,2025-07-15,2025-08-14,1248078.0,2025-08-18
F006705,C0346,2025-07-09,2025-08-08,1766103.0,2025-08-09
F006706,C0346,2025-09-08,2025-10-08,1062219.0,2025-10-09
F006707,C0346,2025-09-28,2025-10-28,1287617.0,2025-10-29
F006708,C0346,2025-10-14,2025-11-13,751434.0,2025-11-13
F006709,C0346,2025-10-27,2025-11-26,1440649.0,2025-11-26
F006710,C0346,2025-12-27,2026-01-26,1186364.0,2026-01-27
F006711,C0346,2025-12-12,2026-01-11,2251812.0,2026-01-14
F006712,C0346,2025-12-26,2026-01-25,1270216.0,2026-01-26
F006713,C0346,2026-01-28,2026-02-27,2007910.0,2026-02-27
F006714,C0346,2026-01-25,2026-02-24,1394479.0,2026-02-24
F006715,C0346,2026-04-18,2026-05-18,1544698.0,2026-05-20
F006716,C0346,2026-05-04,2026-06-03,1915575.0,2026-06-03
F006717,C0346,2026-05-07,2026-06-06,966595.0,2026-06-08
F006718,C0346,2026-07-27,2026-08-26,1068414.0,2026-08-27
F006719,C0346,2026-07-17,2026-08-16,2334583.0,2026-08-16
F006720,C0347,2025-07-20,2025-08-19,1583734.0,2025-08-21
F006721,C0347,2025-07-14,2025-08-13,1180189.0,2025-08-16
F006722,C0347,2025-07-22,2025-08-21,1941469.0,2025-08-21
F006723,C0347,2025-09-23,2025-10-23,1606364.0,2025-10-27
F006724,C0347,2025-10-06,2025-11-05,1219195.0,2025-11-05
F006725,C0347,2025-10-02,2025-11-01,1679660.0,2025-11-02
F006726,C0347,2025-10-04,2025-11-03,1221232.0,2025-11-03
F006727,C0347,2025-11-15,2025-12-15,1743788.0,2025-12-17
F006728,C0347,2025-11-08,2025-12-08,1445393.0,2025-12-08
F006729,C0347,2026-02-02,2026-03-04,1144394.0,2026-03-06
F006730,C0347,2026-03-15,2026-04-14,934502.0,2026-04-15
F006731,C0347,2026-03-19,2026-04-18,1238951.0,2026-04-19
F006732,C0347,2026-04-13,2026-05-13,1933759.0,2026-05-14
F006733,C0347,2026-04-14,2026-05-14,1034280.0,2026-05-18
F006734,C0347,2026-04-26,2026-05-26,1229953.0,
F006735,C0347,2026-08-05,2026-09-04,859409.0,
F006736,C0347,2026-08-13,2026-09-12,1983227.0,
F006737,C0347,2026-08-07,2026-09-06,1132742.0,
F006738,C0348,2025-07-16,2025-08-15,1801721.0,2025-08-15
F006739,C0348,2026-01-02,2026-02-01,1533651.0,2026-02-01
F006740,C0348,2026-01-07,2026-02-06,2664200.0,2026-02-07
F006741,C0348,2026-01-27,2026-02-26,2485481.0,2026-02-26
F006742,C0348,2026-05-24,2026-06-23,1136095.0,2026-06-24
F006743,C0348,2026-05-01,2026-05-31,975470.0,2026-05-31
F006744,C0348,2026-07-04,2026-08-03,4527054.0,2026-08-03
F006745,C0348,2026-07-21,2026-08-20,1823989.0,2026-08-20
F006746,C0348,2026-07-27,2026-08-26,2779342.0,2026-08-26
F006747,C0349,2025-07-21,2025-08-20,522979.0,2025-08-20
F006748,C0349,2025-07-16,2025-08-15,832916.0,2025-08-15
F006749,C0349,2025-08-10,2025-09-09,912707.0,2025-09-09
F006750,C0349,2025-08-06,2025-09-05,1021204.0,2025-09-05
F006751,C0349,2025-08-14,2025-09-13,1193719.0,2025-09-13
F006752,C0349,2025-09-22,2025-10-22,582299.0,2025-10-22
F006753,C0349,2025-09-27,2025-10-27,1555353.0,2025-10-27
F006754,C0349,2025-09-10,2025-10-10,920369.0,2025-10-10
F006755,C0349,2025-10-15,2025-11-14,1145518.0,2025-11-15
F006756,C0349,2025-11-08,2025-12-08,1534391.0,2025-12-08
F006757,C0349,2025-11-06,2025-12-06,676988.0,2025-12-06
F006758,C0349,2026-01-15,2026-02-14,902797.0,2026-02-14
F006759,C0349,2026-01-23,2026-02-22,751406.0,2026-02-22
F006760,C0349,2026-01-27,2026-02-26,1785878.0,2026-02-27
F006761,C0349,2026-03-05,2026-04-04,1054567.0,2026-04-04
F006762,C0349,2026-03-02,2026-04-01,780164.0,2026-04-01
F006763,C0349,2026-03-02,2026-04-01,1928757.0,2026-04-01
F006764,C0349,2026-04-06,2026-05-06,1822791.0,2026-05-06
F006765,C0349,2026-04-24,2026-05-24,674515.0,2026-05-24
F006766,C0349,2026-04-03,2026-05-03,370175.0,2026-05-03
F006767,C0349,2026-05-21,2026-06-20,970683.0,2026-06-20
F006768,C0349,2026-06-23,2026-07-23,1308621.0,2026-07-23
F006769,C0349,2026-06-10,2026-07-10,1559235.0,2026-07-10
F006770,C0349,2026-06-28,2026-07-28,674211.0,2026-07-28
F006771,C0349,2026-08-20,2026-09-19,622795.0,
F006772,C0350,2025-07-11,2025-08-10,885995.0,2025-08-10
F006773,C0350,2025-08-24,2025-09-23,835939.0,2025-09-23
F006774,C0350,2025-08-26,2025-09-25,1992079.0,2025-09-25
F006775,C0350,2025-08-19,2025-09-18,1294820.0,2025-09-18
F006776,C0350,2025-12-13,2026-01-12,515402.0,2026-01-12
F006777,C0350,2025-12-27,2026-01-26,1024613.0,2026-01-26
F006778,C0350,2025-12-16,2026-01-15,2195886.0,2026-01-15
F006779,C0350,2026-01-03,2026-02-02,765868.0,2026-02-02
F006780,C0350,2026-08-08,2026-09-07,1253921.0,
F006781,C0350,2026-08-12,2026-09-11,1079385.0,
F006782,C0350,2026-08-12,2026-09-11,574548.0,
F006783,C0351,2025-07-12,2025-08-11,588503.0,2025-08-13
F006784,C0351,2025-07-11,2025-08-10,874346.0,2025-08-11
F006785,C0351,2025-09-11,2025-10-11,1258140.0,
F006786,C0351,2025-09-20,2025-10-20,943579.0,2025-10-21
F006787,C0351,2026-01-02,2026-02-01,1234908.0,2026-02-01
F006788,C0351,2026-01-16,2026-02-15,1659660.0,2026-02-16
F006789,C0351,2026-01-26,2026-02-25,729591.0,2026-02-27
F006790,C0351,2026-02-22,2026-03-24,1665944.0,2026-03-26
F006791,C0351,2026-03-17,2026-04-16,1007553.0,2026-04-17
F006792,C0351,2026-05-10,2026-06-09,887537.0,2026-06-11
F006793,C0351,2026-06-02,2026-07-02,1944281.0,2026-07-03
F006794,C0351,2026-06-18,2026-07-18,717418.0,2026-07-18
F006795,C0351,2026-07-22,2026-08-21,557339.0,2026-08-22
F006796,C0351,2026-07-11,2026-08-10,1588849.0,2026-08-10
F006797,C0351,2026-08-20,2026-09-19,895579.0,
F006798,C0351,2026-08-17,2026-09-16,1068953.0,
F006799,C0352,2025-07-13,2025-08-12,552627.0,2025-08-12
F006800,C0352,2025-07-06,2025-08-05,467562.0,2025-08-05
F006801,C0352,2025-08-04,2025-09-03,492358.0,2025-09-04
F006802,C0352,2025-08-04,2025-09-03,579503.0,2025-09-03
F006803,C0352,2025-09-17,2025-10-17,429046.0,2025-10-21
F006804,C0352,2025-09-09,2025-10-09,554012.0,2025-10-09
F006805,C0352,2025-10-25,2025-11-24,389877.0,2025-11-25
F006806,C0352,2025-10-28,2025-11-27,313140.0,
F006807,C0352,2025-11-15,2025-12-15,453660.0,2025-12-15
F006808,C0352,2025-12-17,2026-01-16,606191.0,2026-01-17
F006809,C0352,2025-12-21,2026-01-20,224189.0,2026-01-20
F006810,C0352,2026-01-11,2026-02-10,317488.0,2026-02-12
F006811,C0352,2026-01-05,2026-02-04,642814.0,2026-02-04
F006812,C0352,2026-02-03,2026-03-05,395533.0,2026-03-06
F006813,C0352,2026-02-23,2026-03-25,328041.0,2026-03-25
F006814,C0352,2026-02-24,2026-03-26,416334.0,2026-03-26
F006815,C0352,2026-03-22,2026-04-21,449085.0,2026-04-26
F006816,C0352,2026-04-04,2026-05-04,605865.0,2026-05-07
F006817,C0352,2026-04-05,2026-05-05,242352.0,2026-05-05
F006818,C0352,2026-04-17,2026-05-17,636601.0,2026-05-19
F006819,C0352,2026-06-01,2026-07-01,681653.0,2026-07-01
F006820,C0352,2026-06-15,2026-07-15,718599.0,2026-07-18
F006821,C0352,2026-06-04,2026-07-04,508050.0,2026-07-04
F006822,C0352,2026-08-01,2026-08-31,465107.0,2026-08-31
F006823,C0352,2026-08-20,2026-09-19,520656.0,
F006824,C0353,2025-08-11,2025-09-10,1240781.0,2025-09-11
F006825,C0353,2025-09-01,2025-10-01,3743664.0,2025-10-02
F006826,C0353,2025-10-28,2025-11-27,2173797.0,2025-11-27
F006827,C0353,2025-11-28,2025-12-28,1300580.0,2025-12-29
F006828,C0353,2025-12-01,2025-12-31,2177376.0,2026-01-03
F006829,C0353,2025-12-02,2026-01-01,1973586.0,2026-01-05
F006830,C0353,2025-12-02,2026-01-01,4525456.0,2026-01-06
F006831,C0353,2026-03-08,2026-04-07,1574338.0,2026-04-15
F006832,C0353,2026-04-13,2026-05-13,1159284.0,2026-05-15
F006833,C0353,2026-04-01,2026-05-01,1468269.0,2026-05-06
F006834,C0353,2026-04-28,2026-05-28,3485287.0,2026-05-30
F006835,C0353,2026-05-17,2026-06-16,2061955.0,
F006836,C0353,2026-07-12,2026-08-11,881835.0,2026-08-13
F006837,C0354,2025-11-21,2025-12-21,945917.0,2025-12-22
F006838,C0354,2025-11-03,2025-12-03,538470.0,2025-12-04
F006839,C0354,2026-02-23,2026-03-25,590331.0,2026-03-25
F006840,C0354,2026-02-18,2026-03-20,1275370.0,2026-03-20
F006841,C0354,2026-02-23,2026-03-25,677432.0,2026-03-25
F006842,C0354,2026-03-08,2026-04-07,444414.0,2026-04-07
F006843,C0354,2026-03-05,2026-04-04,574896.0,2026-04-04
F006844,C0354,2026-03-28,2026-04-27,632032.0,2026-04-27
F006845,C0354,2026-05-15,2026-06-14,905298.0,2026-06-14
F006846,C0354,2026-05-22,2026-06-21,1189214.0,2026-06-21
F006847,C0354,2026-07-26,2026-08-25,757171.0,2026-08-25
F006848,C0355,2025-07-05,2025-08-04,2272566.0,2025-08-04
F006849,C0355,2025-09-24,2025-10-24,1434310.0,2025-10-24
F006850,C0355,2025-09-28,2025-10-28,2790210.0,2025-10-28
F006851,C0355,2025-09-10,2025-10-10,2164993.0,2025-10-11
F006852,C0355,2025-10-23,2025-11-22,2161575.0,2025-11-22
F006853,C0355,2026-03-11,2026-04-10,2023328.0,2026-04-11
F006854,C0355,2026-03-17,2026-04-16,1302904.0,2026-04-16
F006855,C0355,2026-03-03,2026-04-02,2086190.0,2026-04-02
F006856,C0355,2026-04-08,2026-05-08,1084715.0,2026-05-08
F006857,C0355,2026-04-28,2026-05-28,2495924.0,2026-05-28
F006858,C0355,2026-04-16,2026-05-16,2724405.0,2026-05-16
F006859,C0355,2026-06-19,2026-07-19,2924423.0,2026-07-19
F006860,C0355,2026-06-19,2026-07-19,1660759.0,2026-07-19
F006861,C0355,2026-07-11,2026-08-10,1250097.0,2026-08-11
F006862,C0355,2026-08-03,2026-09-02,2078367.0,
F006863,C0356,2025-08-03,2025-09-02,1422570.0,2025-09-04
F006864,C0356,2025-08-03,2025-09-02,1884604.0,2025-09-04
F006865,C0356,2025-09-20,2025-10-20,2297722.0,2025-10-23
F006866,C0356,2025-09-06,2025-10-06,1211340.0,
F006867,C0356,2025-10-20,2025-11-19,2762820.0,2025-11-20
F006868,C0356,2025-10-20,2025-11-19,1697477.0,2025-11-20
F006869,C0356,2025-10-09,2025-11-08,2076516.0,2025-11-12
F006870,C0356,2025-12-25,2026-01-24,1772550.0,2026-01-27
F006871,C0356,2025-12-11,2026-01-10,1370649.0,2026-01-13
F006872,C0356,2025-12-18,2026-01-17,1805658.0,2026-01-18
F006873,C0356,2026-01-06,2026-02-05,1459489.0,2026-02-06
F006874,C0356,2026-01-17,2026-02-16,1982471.0,2026-02-18
F006875,C0356,2026-02-14,2026-03-16,1898068.0,2026-03-18
F006876,C0356,2026-02-09,2026-03-11,2332348.0,2026-03-12
F006877,C0356,2026-04-13,2026-05-13,1894185.0,2026-05-14
F006878,C0357,2025-07-05,2025-08-04,4219040.0,2025-08-05
F006879,C0357,2025-08-21,2025-09-20,1654048.0,2025-09-20
F006880,C0357,2025-08-01,2025-08-31,1597983.0,2025-09-01
F006881,C0357,2025-08-08,2025-09-07,2721125.0,2025-09-07
F006882,C0357,2025-09-12,2025-10-12,4707630.0,2025-10-13
F006883,C0357,2025-09-20,2025-10-20,4247751.0,2025-10-21
F006884,C0357,2025-09-28,2025-10-28,3780931.0,2025-11-01
F006885,C0357,2025-10-03,2025-11-02,6222269.0,2025-11-02
F006886,C0357,2025-11-23,2025-12-23,2624511.0,2025-12-23
F006887,C0357,2025-11-09,2025-12-09,3705962.0,2025-12-10
F006888,C0357,2025-12-27,2026-01-26,3007076.0,2026-01-27
F006889,C0357,2025-12-22,2026-01-21,2319035.0,2026-01-26
F006890,C0357,2025-12-22,2026-01-21,1698397.0,2026-01-22
F006891,C0357,2026-01-15,2026-02-14,2750642.0,2026-02-16
F006892,C0357,2026-01-03,2026-02-02,3475255.0,2026-02-02
F006893,C0357,2026-01-26,2026-02-25,3516682.0,2026-02-25
F006894,C0357,2026-02-18,2026-03-20,1627342.0,2026-03-20
F006895,C0357,2026-02-24,2026-03-26,5651653.0,2026-03-30
F006896,C0357,2026-03-24,2026-04-23,2808794.0,2026-04-24
F006897,C0357,2026-03-09,2026-04-08,4643189.0,2026-04-09
F006898,C0357,2026-03-22,2026-04-21,3509429.0,2026-04-22
F006899,C0357,2026-04-04,2026-05-04,2041972.0,2026-05-05
F006900,C0357,2026-04-26,2026-05-26,1568889.0,2026-05-27
F006901,C0357,2026-04-02,2026-05-02,3542165.0,2026-05-03
F006902,C0357,2026-05-08,2026-06-07,4037876.0,
F006903,C0357,2026-05-14,2026-06-13,2719164.0,2026-06-19
F006904,C0357,2026-06-26,2026-07-26,4556290.0,2026-07-26
F006905,C0357,2026-06-06,2026-07-06,3493998.0,2026-07-07
F006906,C0357,2026-06-25,2026-07-25,1573504.0,2026-07-26
F006907,C0357,2026-08-22,2026-09-21,3129890.0,
F006908,C0357,2026-08-24,2026-09-23,3885227.0,
F006909,C0358,2025-07-24,2025-08-23,1391006.0,2025-08-23
F006910,C0358,2025-07-18,2025-08-17,1488422.0,2025-08-18
F006911,C0358,2025-07-17,2025-08-16,699398.0,2025-08-16
F006912,C0358,2025-08-21,2025-09-20,744767.0,2025-09-23
F006913,C0358,2025-08-04,2025-09-03,1368053.0,2025-09-04
F006914,C0358,2025-08-28,2025-09-27,1070571.0,2025-09-27
F006915,C0358,2025-10-10,2025-11-09,997335.0,2025-11-09
F006916,C0358,2025-10-03,2025-11-02,1138649.0,2025-11-03
F006917,C0358,2026-02-18,2026-03-20,1190755.0,2026-03-21
F006918,C0358,2026-02-22,2026-03-24,926460.0,2026-03-24
F006919,C0358,2026-03-19,2026-04-18,671112.0,2026-04-18
F006920,C0358,2026-03-02,2026-04-01,1216523.0,2026-04-03
F006921,C0358,2026-04-07,2026-05-07,1509883.0,2026-05-07
F006922,C0358,2026-05-20,2026-06-19,727094.0,2026-06-19
F006923,C0358,2026-05-20,2026-06-19,1514343.0,2026-06-19
F006924,C0358,2026-05-26,2026-06-25,607671.0,2026-06-25
F006925,C0358,2026-06-14,2026-07-14,902359.0,2026-07-15
F006926,C0358,2026-07-14,2026-08-13,1237509.0,
F006927,C0358,2026-07-20,2026-08-19,672727.0,2026-08-19
F006928,C0358,2026-07-06,2026-08-05,902831.0,2026-08-07
F006929,C0359,2025-07-13,2025-08-12,1044313.0,2025-08-12
F006930,C0359,2025-07-07,2025-08-06,1702006.0,2025-08-07
F006931,C0359,2025-08-06,2025-09-05,1513308.0,2025-09-08
F006932,C0359,2025-08-08,2025-09-07,1699309.0,2025-09-07
F006933,C0359,2025-08-12,2025-09-11,1341265.0,2025-09-12
F006934,C0359,2025-09-03,2025-10-03,1664337.0,2025-10-04
F006935,C0359,2025-09-18,2025-10-18,836941.0,2025-10-19
F006936,C0359,2025-09-23,2025-10-23,851171.0,2025-10-25
F006937,C0359,2025-10-04,2025-11-03,597891.0,2025-11-06
F006938,C0359,2025-10-15,2025-11-14,815188.0,2025-11-14
F006939,C0359,2025-12-03,2026-01-02,1266507.0,2026-01-02
F006940,C0359,2025-12-17,2026-01-16,1892852.0,2026-01-16
F006941,C0359,2026-01-03,2026-02-02,1368802.0,2026-02-02
F006942,C0359,2026-01-21,2026-02-20,813622.0,2026-02-20
F006943,C0359,2026-01-19,2026-02-18,1505539.0,2026-02-23
F006944,C0359,2026-02-04,2026-03-06,685614.0,2026-03-06
F006945,C0359,2026-03-16,2026-04-15,1249012.0,2026-04-16
F006946,C0359,2026-04-21,2026-05-21,859773.0,2026-05-21
F006947,C0359,2026-04-25,2026-05-25,1492961.0,2026-05-26
F006948,C0359,2026-04-01,2026-05-01,1388402.0,2026-05-01
F006949,C0359,2026-06-15,2026-07-15,710681.0,2026-07-15
F006950,C0359,2026-06-16,2026-07-16,1127208.0,2026-07-17
F006951,C0359,2026-06-28,2026-07-28,1385360.0,2026-07-30
F006952,C0359,2026-07-17,2026-08-16,1227121.0,2026-08-16
F006953,C0359,2026-07-23,2026-08-22,1081564.0,2026-08-24
F006954,C0359,2026-07-21,2026-08-20,1044150.0,2026-08-21
F006955,C0360,2025-07-18,2025-08-17,1957662.0,2025-08-18
F006956,C0360,2025-08-12,2025-09-11,680333.0,2025-09-11
F006957,C0360,2025-08-06,2025-09-05,628512.0,2025-09-07
F006958,C0360,2025-09-02,2025-10-02,1016141.0,2025-10-02
F006959,C0360,2025-09-02,2025-10-02,1618851.0,2025-10-02
F006960,C0360,2025-10-14,2025-11-13,849437.0,2025-11-16
F006961,C0360,2025-11-21,2025-12-21,1152003.0,2025-12-23
F006962,C0360,2025-12-01,2025-12-31,1171755.0,2026-01-01
F006963,C0360,2025-12-10,2026-01-09,1180470.0,2026-01-09
F006964,C0360,2026-01-05,2026-02-04,836733.0,
F006965,C0360,2026-01-18,2026-02-17,1026921.0,2026-02-19
F006966,C0360,2026-02-03,2026-03-05,1199043.0,2026-03-07
F006967,C0360,2026-02-17,2026-03-19,1625674.0,2026-03-26
F006968,C0360,2026-02-15,2026-03-17,1010679.0,2026-03-17
F006969,C0360,2026-03-16,2026-04-15,794675.0,2026-04-17
F006970,C0360,2026-04-12,2026-05-12,1063232.0,2026-05-14
F006971,C0360,2026-04-13,2026-05-13,1305577.0,2026-05-14
F006972,C0360,2026-06-13,2026-07-13,1819099.0,2026-07-13
F006973,C0360,2026-07-02,2026-08-01,1051567.0,2026-08-01
F006974,C0361,2025-07-15,2025-08-14,2550609.0,2025-08-16
F006975,C0361,2025-08-15,2025-09-14,1794237.0,2025-09-14
F006976,C0361,2025-08-13,2025-09-12,1421130.0,2025-09-12
F006977,C0361,2025-08-16,2025-09-15,2827793.0,2025-09-18
F006978,C0361,2025-09-25,2025-10-25,1624465.0,2025-10-28
F006979,C0361,2026-06-08,2026-07-08,2802886.0,2026-07-11
F006980,C0361,2026-07-24,2026-08-23,1923353.0,2026-08-25
F006981,C0361,2026-07-25,2026-08-24,2303825.0,
F006982,C0361,2026-07-10,2026-08-09,1239861.0,2026-08-10
F006983,C0361,2026-08-06,2026-09-05,1857892.0,
F006984,C0362,2025-07-21,2025-08-20,2620614.0,2025-08-21
F006985,C0362,2025-07-11,2025-08-10,1107101.0,2025-08-13
F006986,C0362,2025-07-02,2025-08-01,2053739.0,2025-08-04
F006987,C0362,2025-08-22,2025-09-21,3300105.0,2025-09-24
F006988,C0362,2025-09-05,2025-10-05,1258219.0,2025-10-06
F006989,C0362,2025-09-26,2025-10-26,976073.0,2025-10-27
F006990,C0362,2025-09-14,2025-10-14,928667.0,2025-10-14
F006991,C0362,2025-10-16,2025-11-15,2934208.0,2025-11-18
F006992,C0362,2025-10-02,2025-11-01,793085.0,2025-11-01
F006993,C0362,2025-10-06,2025-11-05,1539841.0,
F006994,C0362,2025-11-16,2025-12-16,703998.0,2025-12-18
F006995,C0362,2025-11-06,2025-12-06,1376383.0,2025-12-06
F006996,C0362,2025-11-05,2025-12-05,1568013.0,2025-12-11
F006997,C0362,2025-12-03,2026-01-02,2720382.0,2026-01-05
F006998,C0362,2025-12-01,2025-12-31,1066077.0,2026-01-03
F006999,C0362,2026-01-17,2026-02-16,631238.0,2026-02-25
F007000,C0362,2026-01-07,2026-02-06,2024917.0,2026-02-07
F007001,C0362,2026-02-04,2026-03-06,1020053.0,2026-03-07
F007002,C0362,2026-02-26,2026-03-28,2100483.0,
F007003,C0362,2026-02-22,2026-03-24,1063870.0,2026-03-24
F007004,C0362,2026-05-18,2026-06-17,1455886.0,2026-06-18
F007005,C0362,2026-06-13,2026-07-13,1192079.0,2026-07-14
F007006,C0362,2026-06-24,2026-07-24,1089698.0,2026-07-26
F007007,C0362,2026-06-03,2026-07-03,865375.0,2026-07-04
F007008,C0362,2026-07-11,2026-08-10,2141864.0,
F007009,C0362,2026-07-14,2026-08-13,1013474.0,2026-08-18
F007010,C0362,2026-07-21,2026-08-20,1825213.0,2026-08-20
F007011,C0363,2025-07-28,2025-08-27,2718140.0,2025-09-02
F007012,C0363,2025-08-24,2025-09-23,1541155.0,2025-09-30
F007013,C0363,2025-08-22,2025-09-21,1487698.0,2025-09-24
F007014,C0363,2025-09-09,2025-10-09,2201000.0,2025-10-10
F007015,C0363,2025-11-28,2025-12-28,1850744.0,2026-01-03
F007016,C0363,2025-12-03,2026-01-02,2761529.0,2026-01-02
F007017,C0363,2025-12-12,2026-01-11,1746799.0,2026-01-12
F007018,C0363,2025-12-11,2026-01-10,3233894.0,2026-01-15
F007019,C0363,2026-01-22,2026-02-21,1842522.0,2026-02-23
F007020,C0363,2026-02-10,2026-03-12,1549612.0,2026-03-13
F007021,C0363,2026-02-03,2026-03-05,1928750.0,2026-03-05
F007022,C0363,2026-02-10,2026-03-12,1427783.0,
F007023,C0363,2026-03-14,2026-04-13,2007968.0,
F007024,C0363,2026-03-21,2026-04-20,985179.0,2026-04-23
F007025,C0363,2026-04-23,2026-05-23,2798323.0,2026-05-27
F007026,C0363,2026-05-04,2026-06-03,1878576.0,2026-06-07
F007027,C0363,2026-05-17,2026-06-16,2198815.0,2026-06-18
F007028,C0363,2026-05-26,2026-06-25,1659338.0,2026-06-29
F007029,C0363,2026-06-26,2026-07-26,2389570.0,2026-07-27
F007030,C0363,2026-06-17,2026-07-17,1900543.0,2026-07-19
F007031,C0363,2026-07-05,2026-08-04,1600710.0,2026-08-08
F007032,C0363,2026-07-05,2026-08-04,1522415.0,2026-08-08
F007033,C0363,2026-07-09,2026-08-08,1834928.0,2026-08-18
F007034,C0363,2026-08-04,2026-09-03,952844.0,
F007035,C0363,2026-08-24,2026-09-23,2059154.0,
F007036,C0363,2026-08-20,2026-09-19,1911138.0,
F007037,C0364,2025-07-01,2025-07-31,495166.0,2025-07-31
F007038,C0364,2025-08-15,2025-09-14,479048.0,2025-09-15
F007039,C0364,2025-08-26,2025-09-25,674938.0,2025-09-25
F007040,C0364,2025-10-25,2025-11-24,597785.0,2025-11-24
F007041,C0364,2026-01-17,2026-02-16,412646.0,2026-02-16
F007042,C0364,2026-01-22,2026-02-21,334818.0,2026-02-21
F007043,C0364,2026-07-14,2026-08-13,1029176.0,2026-08-13
F007044,C0364,2026-07-02,2026-08-01,655278.0,2026-08-01
F007045,C0364,2026-08-05,2026-09-04,386880.0,
F007046,C0364,2026-08-07,2026-09-06,503846.0,
F007047,C0364,2026-08-25,2026-09-24,791731.0,
F007048,C0365,2025-08-04,2025-09-03,291839.0,2025-09-03
F007049,C0365,2025-08-23,2025-09-22,303740.0,2025-09-22
F007050,C0365,2025-11-20,2025-12-20,480029.0,2025-12-20
F007051,C0365,2026-01-12,2026-02-11,398538.0,2026-02-11
F007052,C0365,2026-02-07,2026-03-09,631907.0,2026-03-09
F007053,C0365,2026-03-06,2026-04-05,346859.0,2026-04-06
F007054,C0365,2026-04-09,2026-05-09,379488.0,2026-05-09
F007055,C0365,2026-04-15,2026-05-15,697395.0,
F007056,C0365,2026-05-03,2026-06-02,289761.0,2026-06-03
F007057,C0365,2026-05-27,2026-06-26,361670.0,2026-06-27
F007058,C0365,2026-06-24,2026-07-24,346146.0,2026-07-24
F007059,C0365,2026-06-10,2026-07-10,272797.0,2026-07-10
F007060,C0365,2026-06-06,2026-07-06,368093.0,2026-07-06
F007061,C0365,2026-07-05,2026-08-04,341859.0,2026-08-05
F007062,C0365,2026-07-14,2026-08-13,330584.0,2026-08-13
F007063,C0365,2026-07-21,2026-08-20,205911.0,2026-08-22
F007064,C0365,2026-08-04,2026-09-03,259501.0,
F007065,C0365,2026-08-09,2026-09-08,424910.0,
F007066,C0366,2025-07-26,2025-08-25,1079104.0,2025-08-25
F007067,C0366,2025-11-22,2025-12-22,985236.0,2025-12-23
F007068,C0366,2025-11-12,2025-12-12,963206.0,2025-12-12
F007069,C0366,2025-12-27,2026-01-26,572105.0,2026-01-26
F007070,C0366,2025-12-08,2026-01-07,1258380.0,2026-01-07
F007071,C0366,2025-12-07,2026-01-06,538213.0,2026-01-06
F007072,C0366,2026-01-07,2026-02-06,1299073.0,2026-02-06
F007073,C0366,2026-01-06,2026-02-05,608940.0,2026-02-05
F007074,C0366,2026-01-20,2026-02-19,597675.0,2026-02-19
F007075,C0366,2026-03-07,2026-04-06,782590.0,2026-04-06
F007076,C0366,2026-03-20,2026-04-19,597990.0,2026-04-19
F007077,C0366,2026-06-02,2026-07-02,868255.0,2026-07-02
F007078,C0366,2026-06-10,2026-07-10,676750.0,2026-07-10
F007079,C0366,2026-07-19,2026-08-18,542302.0,2026-08-18
F007080,C0366,2026-07-02,2026-08-01,476733.0,2026-08-01
F007081,C0366,2026-07-25,2026-08-24,991804.0,
F007082,C0367,2025-07-15,2025-08-14,2921183.0,2025-08-14
F007083,C0367,2025-07-28,2025-08-27,814421.0,
F007084,C0367,2025-07-24,2025-08-23,1133518.0,2025-08-25
F007085,C0367,2025-08-11,2025-09-10,1050983.0,
F007086,C0367,2025-08-20,2025-09-19,1044962.0,2025-09-19
F007087,C0367,2025-09-01,2025-10-01,862813.0,2025-10-03
F007088,C0367,2025-10-28,2025-11-27,1627981.0,
F007089,C0367,2025-10-06,2025-11-05,716209.0,2025-11-05
F007090,C0367,2025-11-14,2025-12-14,854320.0,2025-12-15
F007091,C0367,2025-11-13,2025-12-13,1355955.0,2025-12-15
F007092,C0367,2025-11-07,2025-12-07,995127.0,2025-12-07
F007093,C0367,2025-12-08,2026-01-07,1390037.0,2026-01-10
F007094,C0367,2026-01-02,2026-02-01,672679.0,2026-02-01
F007095,C0367,2026-01-26,2026-02-25,1011258.0,2026-02-25
F007096,C0367,2026-02-20,2026-03-22,727238.0,2026-03-23
F007097,C0367,2026-03-09,2026-04-08,1133026.0,2026-04-11
F007098,C0367,2026-03-24,2026-04-23,956684.0,2026-04-25
F007099,C0367,2026-04-13,2026-05-13,1279892.0,2026-05-13
F007100,C0367,2026-04-11,2026-05-11,933858.0,2026-05-12
F007101,C0367,2026-04-10,2026-05-10,1397629.0,2026-05-13
F007102,C0367,2026-08-07,2026-09-06,1048384.0,
F007103,C0367,2026-08-02,2026-09-01,1340850.0,
F007104,C0367,2026-08-12,2026-09-11,605954.0,
F007105,C0368,2025-07-22,2025-08-21,3177698.0,2025-08-21
F007106,C0368,2025-07-25,2025-08-24,2809958.0,2025-08-25
F007107,C0368,2025-08-15,2025-09-14,1700198.0,2025-09-14
F007108,C0368,2025-08-12,2025-09-11,1447589.0,2025-09-11
F007109,C0368,2025-09-19,2025-10-19,1740776.0,2025-10-21
F007110,C0368,2025-09-05,2025-10-05,1354217.0,2025-10-05
F007111,C0368,2025-10-19,2025-11-18,1246984.0,2025-11-18
F007112,C0368,2025-10-05,2025-11-04,871875.0,2025-11-04
F007113,C0368,2025-10-10,2025-11-09,2137383.0,2025-11-09
F007114,C0368,2025-11-10,2025-12-10,1967046.0,2025-12-10
F007115,C0368,2025-11-01,2025-12-01,2004276.0,2025-12-02
F007116,C0368,2025-11-23,2025-12-23,2966367.0,2025-12-23
F007117,C0368,2025-12-18,2026-01-17,2817824.0,2026-01-17
F007118,C0368,2026-01-26,2026-02-25,2266795.0,2026-02-26
F007119,C0368,2026-02-10,2026-03-12,2701732.0,2026-03-16
F007120,C0368,2026-03-26,2026-04-25,2094937.0,2026-04-26
F007121,C0368,2026-04-26,2026-05-26,2248371.0,2026-05-26
F007122,C0368,2026-05-25,2026-06-24,937811.0,2026-06-24
F007123,C0368,2026-05-27,2026-06-26,2713636.0,2026-06-26
F007124,C0368,2026-05-05,2026-06-04,2823497.0,2026-06-04
F007125,C0368,2026-06-17,2026-07-17,1465178.0,2026-07-17
F007126,C0368,2026-07-14,2026-08-13,2316132.0,2026-08-13
F007127,C0368,2026-07-16,2026-08-15,4011848.0,2026-08-15
F007128,C0368,2026-08-06,2026-09-05,1869458.0,
F007129,C0369,2025-09-27,2025-10-27,1088522.0,2025-10-31
F007130,C0369,2025-09-17,2025-10-17,2477527.0,2025-10-17
F007131,C0369,2025-09-02,2025-10-02,748950.0,2025-10-02
F007132,C0369,2025-11-01,2025-12-01,1330622.0,2025-12-01
F007133,C0369,2025-11-15,2025-12-15,901650.0,
F007134,C0369,2026-01-01,2026-01-31,1123321.0,2026-01-31
F007135,C0369,2026-01-06,2026-02-05,1376193.0,2026-02-05
F007136,C0369,2026-03-20,2026-04-19,1482131.0,2026-04-24
F007137,C0369,2026-04-07,2026-05-07,1243791.0,2026-05-08
F007138,C0369,2026-04-13,2026-05-13,1011327.0,2026-05-20
F007139,C0370,2025-08-26,2025-09-25,1634880.0,2025-09-26
F007140,C0370,2025-09-21,2025-10-21,873400.0,2025-10-22
F007141,C0370,2025-10-09,2025-11-08,942300.0,2025-11-09
F007142,C0370,2025-10-25,2025-11-24,2027082.0,2025-11-27
F007143,C0370,2025-11-12,2025-12-12,1686653.0,2025-12-12
F007144,C0370,2025-11-05,2025-12-05,1488427.0,2025-12-08
F007145,C0370,2025-11-19,2025-12-19,1371274.0,2025-12-22
F007146,C0370,2025-12-07,2026-01-06,1299113.0,2026-01-06
F007147,C0370,2026-01-15,2026-02-14,1329345.0,2026-02-14
F007148,C0370,2026-01-09,2026-02-08,1468269.0,2026-02-08
F007149,C0370,2026-01-23,2026-02-22,1600839.0,2026-02-22
F007150,C0370,2026-05-26,2026-06-25,2421873.0,2026-06-26
F007151,C0370,2026-05-03,2026-06-02,1182182.0,2026-06-05
F007152,C0370,2026-07-06,2026-08-05,897662.0,2026-08-05
F007153,C0370,2026-07-13,2026-08-12,1176570.0,2026-08-15
F007154,C0371,2025-07-15,2025-08-14,3235693.0,2025-08-15
F007155,C0371,2025-07-01,2025-07-31,5626089.0,2025-08-02
F007156,C0371,2025-07-26,2025-08-25,2858715.0,2025-08-26
F007157,C0371,2025-08-14,2025-09-13,3770442.0,2025-09-17
F007158,C0371,2025-08-09,2025-09-08,4474432.0,2025-09-08
F007159,C0371,2025-08-26,2025-09-25,2455706.0,2025-09-30
F007160,C0371,2025-10-07,2025-11-06,1763752.0,2025-11-08
F007161,C0371,2025-10-08,2025-11-07,6011816.0,2025-11-09
F007162,C0371,2025-11-24,2025-12-24,2398964.0,
F007163,C0371,2026-01-26,2026-02-25,3043842.0,2026-02-25
F007164,C0371,2026-02-27,2026-03-29,3478272.0,2026-03-30
F007165,C0371,2026-02-01,2026-03-03,3148651.0,2026-03-03
F007166,C0372,2025-07-08,2025-08-07,1576670.0,2025-08-08
F007167,C0372,2025-07-12,2025-08-11,1618609.0,2025-08-11
F007168,C0372,2025-07-14,2025-08-13,1244475.0,2025-08-14
F007169,C0372,2025-08-27,2025-09-26,2166023.0,2025-09-26
F007170,C0372,2025-08-07,2025-09-06,2457917.0,
F007171,C0372,2025-08-13,2025-09-12,2144039.0,2025-09-12
F007172,C0372,2025-09-21,2025-10-21,1530969.0,2025-10-21
F007173,C0372,2025-10-12,2025-11-11,2125900.0,2025-11-11
F007174,C0372,2025-10-09,2025-11-08,1445083.0,2025-11-09
F007175,C0372,2025-10-21,2025-11-20,1664185.0,2025-11-20
F007176,C0372,2025-11-24,2025-12-24,769517.0,2025-12-25
F007177,C0372,2025-12-19,2026-01-18,1139028.0,2026-01-18
F007178,C0372,2026-03-21,2026-04-20,3659882.0,2026-04-21
F007179,C0372,2026-03-24,2026-04-23,1957620.0,2026-04-24
F007180,C0372,2026-04-20,2026-05-20,1453757.0,2026-05-20
F007181,C0372,2026-04-25,2026-05-25,2912763.0,2026-05-25
F007182,C0372,2026-05-06,2026-06-05,1981102.0,2026-06-07
F007183,C0372,2026-06-15,2026-07-15,1974299.0,2026-07-17
F007184,C0372,2026-07-24,2026-08-23,1773013.0,2026-08-24
F007185,C0372,2026-08-08,2026-09-07,1484971.0,
F007186,C0372,2026-08-21,2026-09-20,1446290.0,
F007187,C0373,2025-07-07,2025-08-06,1552743.0,
F007188,C0373,2025-08-20,2025-09-19,1986576.0,2025-09-22
F007189,C0373,2025-09-28,2025-10-28,1772331.0,2025-10-28
F007190,C0373,2025-09-24,2025-10-24,2075980.0,2025-10-27
F007191,C0373,2025-10-24,2025-11-23,1411863.0,2025-11-26
F007192,C0373,2025-10-15,2025-11-14,2302053.0,2025-11-20
F007193,C0373,2025-10-05,2025-11-04,1770033.0,2025-11-14
F007194,C0373,2025-11-21,2025-12-21,2796816.0,2025-12-27
F007195,C0373,2025-11-04,2025-12-04,1467590.0,2025-12-05
F007196,C0373,2026-02-26,2026-03-28,3276534.0,2026-03-31
F007197,C0373,2026-02-21,2026-03-23,1805232.0,
F007198,C0373,2026-02-01,2026-03-03,1920297.0,2026-03-08
F007199,C0373,2026-03-19,2026-04-18,1033449.0,2026-04-23
F007200,C0373,2026-04-01,2026-05-01,1114285.0,
F007201,C0373,2026-05-12,2026-06-11,2167566.0,2026-06-14
F007202,C0373,2026-06-16,2026-07-16,2251631.0,2026-07-23
F007203,C0373,2026-06-08,2026-07-08,2229308.0,2026-07-10
F007204,C0373,2026-07-15,2026-08-14,865364.0,2026-08-18
F007205,C0373,2026-08-05,2026-09-04,1311597.0,
F007206,C0374,2025-07-23,2025-08-22,6100279.0,2025-08-22
F007207,C0374,2025-07-06,2025-08-05,5092972.0,2025-08-06
F007208,C0374,2025-08-03,2025-09-02,7979390.0,2025-09-03
F007209,C0374,2025-09-22,2025-10-22,3566524.0,2025-10-23
F007210,C0374,2025-09-26,2025-10-26,3246187.0,2025-10-26
F007211,C0374,2025-10-13,2025-11-12,3751190.0,
F007212,C0374,2025-10-28,2025-11-27,3483100.0,2025-11-27
F007213,C0374,2025-10-21,2025-11-20,3668916.0,2025-11-21
F007214,C0374,2025-12-07,2026-01-06,2839098.0,2026-01-06
F007215,C0374,2025-12-09,2026-01-08,3792738.0,2026-01-09
F007216,C0374,2026-03-28,2026-04-27,2849675.0,2026-04-27
F007217,C0374,2026-03-05,2026-04-04,3326060.0,2026-04-06
F007218,C0375,2025-11-07,2025-12-07,5248078.0,2025-12-07
F007219,C0375,2025-12-24,2026-01-23,7654111.0,2026-01-23
F007220,C0375,2026-02-17,2026-03-19,7600838.0,2026-03-19
F007221,C0375,2026-02-24,2026-03-26,7973431.0,2026-03-27
F007222,C0375,2026-02-10,2026-03-12,4048630.0,2026-03-12
F007223,C0375,2026-03-15,2026-04-14,6540336.0,2026-04-14
F007224,C0375,2026-03-02,2026-04-01,3185125.0,2026-04-01
F007225,C0375,2026-03-12,2026-04-11,5996861.0,2026-04-11
F007226,C0375,2026-04-25,2026-05-25,3640978.0,2026-05-25
F007227,C0375,2026-04-10,2026-05-10,5194311.0,2026-05-10
F007228,C0375,2026-05-12,2026-06-11,10023868.0,2026-06-11
F007229,C0375,2026-06-06,2026-07-06,5419476.0,2026-07-07
F007230,C0375,2026-06-06,2026-07-06,6365965.0,2026-07-07
F007231,C0375,2026-06-26,2026-07-26,5495405.0,2026-07-27
F007232,C0375,2026-07-19,2026-08-18,4399561.0,2026-08-19
F007233,C0375,2026-08-06,2026-09-05,3967390.0,
F007234,C0375,2026-08-02,2026-09-01,6072839.0,
F007235,C0376,2025-07-01,2025-07-31,1699244.0,2025-07-31
F007236,C0376,2025-08-21,2025-09-20,1500855.0,2025-09-20
F007237,C0376,2025-09-22,2025-10-22,1671758.0,2025-10-23
F007238,C0376,2025-09-02,2025-10-02,891605.0,2025-10-02
F007239,C0376,2025-11-17,2025-12-17,605107.0,2025-12-17
F007240,C0376,2025-11-24,2025-12-24,1239450.0,2025-12-25
F007241,C0376,2025-11-13,2025-12-13,1379072.0,2025-12-14
F007242,C0376,2025-12-17,2026-01-16,1069125.0,
F007243,C0376,2026-01-25,2026-02-24,789864.0,2026-02-28
F007244,C0376,2026-01-26,2026-02-25,1432036.0,2026-02-27
F007245,C0376,2026-04-22,2026-05-22,1189691.0,2026-05-23
F007246,C0376,2026-04-06,2026-05-06,1372428.0,2026-05-07
F007247,C0376,2026-04-06,2026-05-06,960390.0,2026-05-07
F007248,C0376,2026-05-09,2026-06-08,1123558.0,2026-06-08
F007249,C0376,2026-05-21,2026-06-20,1148819.0,2026-06-20
F007250,C0376,2026-06-10,2026-07-10,1176577.0,2026-07-12
F007251,C0376,2026-06-27,2026-07-27,915920.0,2026-07-27
F007252,C0376,2026-07-21,2026-08-20,1250801.0,2026-08-20
F007253,C0376,2026-08-08,2026-09-07,1036885.0,
F007254,C0377,2025-07-19,2025-08-18,3021753.0,2025-08-18
F007255,C0377,2025-08-12,2025-09-11,1776593.0,2025-09-11
F007256,C0377,2025-08-24,2025-09-23,2637710.0,2025-09-24
F007257,C0377,2025-09-21,2025-10-21,3008522.0,2025-10-22
F007258,C0377,2025-10-25,2025-11-24,1224265.0,2025-11-24
F007259,C0377,2025-10-18,2025-11-17,1673644.0,2025-11-18
F007260,C0377,2025-11-08,2025-12-08,2260392.0,2025-12-08
F007261,C0377,2025-11-23,2025-12-23,1895598.0,2025-12-23
F007262,C0377,2026-01-25,2026-02-24,1316800.0,2026-02-26
F007263,C0377,2026-02-25,2026-03-27,1653277.0,2026-03-28
F007264,C0377,2026-02-28,2026-03-30,1947322.0,2026-03-31
F007265,C0377,2026-03-13,2026-04-12,1578862.0,2026-04-13
F007266,C0377,2026-04-28,2026-05-28,2326415.0,2026-05-28
F007267,C0377,2026-04-17,2026-05-17,1462853.0,2026-05-18
F007268,C0377,2026-05-11,2026-06-10,1342831.0,2026-06-10
F007269,C0377,2026-05-08,2026-06-07,1884484.0,2026-06-07
F007270,C0377,2026-06-26,2026-07-26,3008947.0,2026-07-26
F007271,C0377,2026-06-04,2026-07-04,2531243.0,2026-07-05
F007272,C0377,2026-06-08,2026-07-08,1567852.0,2026-07-08
F007273,C0377,2026-07-22,2026-08-21,2046368.0,2026-08-21
F007274,C0377,2026-08-12,2026-09-11,2071009.0,
F007275,C0378,2025-07-17,2025-08-16,1034080.0,2025-08-18
F007276,C0378,2025-07-11,2025-08-10,1209985.0,2025-08-10
F007277,C0378,2025-07-15,2025-08-14,969314.0,2025-08-15
F007278,C0378,2025-08-02,2025-09-01,827356.0,2025-09-03
F007279,C0378,2025-09-23,2025-10-23,962514.0,2025-10-26
F007280,C0378,2025-09-24,2025-10-24,1091369.0,2025-10-26
F007281,C0378,2025-09-25,2025-10-25,1076550.0,
F007282,C0378,2025-11-24,2025-12-24,2012068.0,2025-12-24
F007283,C0378,2025-11-13,2025-12-13,1634138.0,
F007284,C0378,2025-11-07,2025-12-07,858290.0,2025-12-08
F007285,C0378,2025-12-24,2026-01-23,1547010.0,2026-01-25
F007286,C0378,2025-12-25,2026-01-24,1219712.0,2026-01-25
F007287,C0378,2025-12-27,2026-01-26,1209203.0,2026-01-28
F007288,C0378,2026-01-07,2026-02-06,1642768.0,2026-02-06
F007289,C0378,2026-01-28,2026-02-27,1154441.0,2026-02-28
F007290,C0378,2026-01-15,2026-02-14,1305359.0,2026-02-15
F007291,C0378,2026-02-17,2026-03-19,868485.0,2026-03-21
F007292,C0378,2026-02-10,2026-03-12,1160486.0,2026-03-19
F007293,C0378,2026-02-10,2026-03-12,837505.0,2026-03-12
F007294,C0378,2026-03-16,2026-04-15,986692.0,2026-04-17
F007295,C0378,2026-03-03,2026-04-02,2330348.0,2026-04-03
F007296,C0378,2026-04-23,2026-05-23,961873.0,2026-05-23
F007297,C0378,2026-04-25,2026-05-25,954627.0,2026-05-25
F007298,C0378,2026-04-22,2026-05-22,592801.0,2026-05-22
F007299,C0378,2026-05-11,2026-06-10,763032.0,2026-06-10
F007300,C0378,2026-05-19,2026-06-18,1095662.0,2026-06-20
F007301,C0378,2026-07-28,2026-08-27,780871.0,2026-08-27
F007302,C0378,2026-08-27,2026-09-26,626807.0,
F007303,C0378,2026-08-18,2026-09-17,833576.0,
F007304,C0379,2025-09-19,2025-10-19,1523972.0,2025-10-20
F007305,C0379,2025-09-15,2025-10-15,1165140.0,2025-10-15
F007306,C0379,2025-12-25,2026-01-24,2423630.0,2026-01-26
F007307,C0379,2026-01-04,2026-02-03,1455357.0,2026-02-03
F007308,C0379,2026-05-06,2026-06-05,2679016.0,2026-06-06
F007309,C0379,2026-07-18,2026-08-17,1788554.0,2026-08-17
F007310,C0379,2026-07-21,2026-08-20,516399.0,2026-08-20
F007311,C0379,2026-07-21,2026-08-20,906823.0,2026-08-21
F007312,C0380,2025-10-03,2025-11-02,2090249.0,2025-11-02
F007313,C0380,2026-01-14,2026-02-13,3221252.0,2026-02-13
F007314,C0380,2026-02-02,2026-03-04,1969726.0,2026-03-04
F007315,C0380,2026-03-25,2026-04-24,1281171.0,2026-04-24
F007316,C0380,2026-03-09,2026-04-08,2120941.0,2026-04-08
F007317,C0380,2026-05-25,2026-06-24,1834381.0,2026-06-24
F007318,C0380,2026-07-04,2026-08-03,2587235.0,2026-08-04
F007319,C0381,2025-10-20,2025-11-19,5115365.0,2025-11-19
F007320,C0381,2025-10-10,2025-11-09,6214264.0,2025-11-09
F007321,C0381,2025-11-26,2025-12-26,4788319.0,2025-12-27
F007322,C0381,2025-12-23,2026-01-22,2777776.0,2026-01-22
F007323,C0381,2026-01-17,2026-02-16,8800029.0,2026-02-16
F007324,C0381,2026-03-27,2026-04-26,5828604.0,2026-04-26
F007325,C0381,2026-03-26,2026-04-25,2737003.0,2026-04-25
F007326,C0381,2026-05-17,2026-06-16,4028873.0,2026-06-16
F007327,C0381,2026-05-10,2026-06-09,3593511.0,2026-06-11
F007328,C0381,2026-06-05,2026-07-05,8721875.0,2026-07-05
F007329,C0381,2026-06-06,2026-07-06,4793015.0,
F007330,C0381,2026-07-09,2026-08-08,3804335.0,2026-08-08
F007331,C0382,2025-07-10,2025-08-09,2009289.0,2025-08-09
F007332,C0382,2025-08-25,2025-09-24,1777837.0,2025-09-25
F007333,C0382,2025-08-23,2025-09-22,1321787.0,2025-09-22
F007334,C0382,2025-09-27,2025-10-27,2237349.0,2025-11-01
F007335,C0382,2025-09-19,2025-10-19,2940464.0,2025-10-19
F007336,C0382,2025-10-06,2025-11-05,2996024.0,2025-11-05
F007337,C0382,2025-10-08,2025-11-07,1773411.0,2025-11-07
F007338,C0382,2025-10-22,2025-11-21,2430547.0,2025-11-24
F007339,C0382,2025-11-03,2025-12-03,1712566.0,2025-12-04
F007340,C0382,2025-11-03,2025-12-03,5895812.0,2025-12-04
F007341,C0382,2025-12-02,2026-01-01,1425452.0,2026-01-07
F007342,C0382,2026-01-17,2026-02-16,1910056.0,2026-02-16
F007343,C0382,2026-01-10,2026-02-09,2596579.0,2026-02-09
F007344,C0382,2026-02-04,2026-03-06,1694025.0,2026-03-06
F007345,C0382,2026-02-28,2026-03-30,1331392.0,2026-03-31
F007346,C0382,2026-02-09,2026-03-11,2146727.0,2026-03-12
F007347,C0382,2026-03-17,2026-04-16,1760193.0,2026-04-19
F007348,C0382,2026-03-05,2026-04-04,1889697.0,2026-04-05
F007349,C0382,2026-03-23,2026-04-22,2876420.0,2026-04-23
F007350,C0382,2026-04-19,2026-05-19,1250357.0,2026-05-20
F007351,C0382,2026-04-09,2026-05-09,1369466.0,2026-05-10
F007352,C0382,2026-04-12,2026-05-12,2803942.0,2026-05-14
F007353,C0382,2026-05-15,2026-06-14,2566767.0,2026-06-14
F007354,C0382,2026-05-14,2026-06-13,3362686.0,2026-06-14
F007355,C0382,2026-06-14,2026-07-14,1126330.0,2026-07-15
F007356,C0382,2026-07-07,2026-08-06,2791902.0,2026-08-06
F007357,C0382,2026-08-03,2026-09-02,5751923.0,
F007358,C0382,2026-08-02,2026-09-01,1654872.0,
F007359,C0383,2025-07-17,2025-08-16,1327708.0,2025-08-17
F007360,C0383,2025-07-06,2025-08-05,651281.0,2025-08-05
F007361,C0383,2025-07-17,2025-08-16,823603.0,2025-08-16
F007362,C0383,2025-08-21,2025-09-20,1093126.0,
F007363,C0383,2025-09-20,2025-10-20,886550.0,2025-10-21
F007364,C0383,2025-09-06,2025-10-06,1109838.0,2025-10-09
F007365,C0383,2025-10-21,2025-11-20,1662776.0,2025-11-21
F007366,C0383,2025-10-03,2025-11-02,835460.0,2025-11-04
F007367,C0383,2025-11-09,2025-12-09,840785.0,2025-12-11
F007368,C0383,2025-11-28,2025-12-28,980263.0,2025-12-29
F007369,C0383,2025-12-24,2026-01-23,1235165.0,2026-01-23
F007370,C0383,2025-12-17,2026-01-16,1882059.0,2026-01-16
F007371,C0383,2025-12-07,2026-01-06,1096701.0,2026-01-07
F007372,C0383,2026-03-04,2026-04-03,1658109.0,2026-04-04
F007373,C0383,2026-04-25,2026-05-25,1983431.0,2026-05-25
F007374,C0383,2026-04-11,2026-05-11,1606963.0,2026-05-13
F007375,C0383,2026-05-13,2026-06-12,983939.0,2026-06-14
F007376,C0383,2026-06-17,2026-07-17,1283600.0,2026-07-18
F007377,C0383,2026-06-15,2026-07-15,2495628.0,2026-07-16
F007378,C0383,2026-06-09,2026-07-09,1643877.0,2026-07-09
F007379,C0383,2026-07-11,2026-08-10,805059.0,2026-08-11
F007380,C0383,2026-07-04,2026-08-03,1221144.0,2026-08-04
F007381,C0383,2026-08-22,2026-09-21,795284.0,
F007382,C0384,2025-07-04,2025-08-03,1020369.0,2025-08-04
F007383,C0384,2025-08-22,2025-09-21,3658896.0,2025-09-21
F007384,C0384,2025-11-16,2025-12-16,2597926.0,2025-12-20
F007385,C0384,2025-11-10,2025-12-10,2412542.0,2025-12-11
F007386,C0384,2026-01-26,2026-02-25,2882433.0,2026-03-01
F007387,C0384,2026-01-11,2026-02-10,2242257.0,2026-02-11
F007388,C0384,2026-03-07,2026-04-06,2161739.0,2026-04-07
F007389,C0384,2026-06-19,2026-07-19,1253660.0,2026-07-23
F007390,C0384,2026-06-17,2026-07-17,1850343.0,2026-07-17
F007391,C0384,2026-06-14,2026-07-14,1692822.0,2026-07-19
F007392,C0384,2026-07-04,2026-08-03,1581628.0,2026-08-06
F007393,C0385,2025-07-12,2025-08-11,213601.0,
F007394,C0385,2025-09-17,2025-10-17,274249.0,2025-10-17
F007395,C0385,2025-09-05,2025-10-05,750282.0,2025-10-05
F007396,C0385,2025-09-15,2025-10-15,561515.0,2025-10-15
F007397,C0385,2025-10-04,2025-11-03,371372.0,2025-11-04
F007398,C0385,2025-12-13,2026-01-12,318969.0,2026-01-12
F007399,C0385,2025-12-15,2026-01-14,514443.0,2026-01-15
F007400,C0385,2025-12-15,2026-01-14,425676.0,2026-01-18
F007401,C0385,2026-02-28,2026-03-30,627584.0,2026-03-30
F007402,C0385,2026-02-25,2026-03-27,551871.0,2026-03-27
F007403,C0385,2026-02-17,2026-03-19,688489.0,2026-03-19
F007404,C0385,2026-05-02,2026-06-01,362678.0,2026-06-01
F007405,C0385,2026-05-12,2026-06-11,339895.0,2026-06-11
F007406,C0385,2026-05-01,2026-05-31,475439.0,2026-06-01
F007407,C0385,2026-06-27,2026-07-27,434134.0,2026-07-29
F007408,C0385,2026-08-10,2026-09-09,581959.0,
F007409,C0386,2025-07-19,2025-08-18,5341179.0,2025-08-18
F007410,C0386,2025-07-19,2025-08-18,2687812.0,2025-08-19
F007411,C0386,2025-07-25,2025-08-24,2308344.0,2025-08-24
F007412,C0386,2025-08-22,2025-09-21,1700080.0,2025-09-21
F007413,C0386,2025-08-11,2025-09-10,2885608.0,2025-09-10
F007414,C0386,2025-09-26,2025-10-26,2152059.0,2025-10-26
F007415,C0386,2025-09-11,2025-10-11,1537779.0,2025-10-11
F007416,C0386,2025-09-05,2025-10-05,1821467.0,2025-10-05
F007417,C0386,2025-10-14,2025-11-13,2326614.0,2025-11-13
F007418,C0386,2025-10-16,2025-11-15,2428917.0,2025-11-16
F007419,C0386,2025-10-05,2025-11-04,7138549.0,2025-11-04
F007420,C0386,2025-11-01,2025-12-01,5174249.0,2025-12-01
F007421,C0386,2025-11-25,2025-12-25,2122107.0,2025-12-25
F007422,C0386,2025-11-07,2025-12-07,2274206.0,2025-12-07
F007423,C0386,2025-12-01,2025-12-31,3551107.0,2025-12-31
F007424,C0386,2025-12-06,2026-01-05,2197186.0,2026-01-05
F007425,C0386,2026-01-01,2026-01-31,2312939.0,2026-01-31
F007426,C0386,2026-01-21,2026-02-20,2460301.0,2026-02-20
F007427,C0386,2026-02-19,2026-03-21,1955847.0,2026-03-21
F007428,C0386,2026-02-21,2026-03-23,2475404.0,2026-03-23
F007429,C0386,2026-02-08,2026-03-10,4384976.0,2026-03-10
F007430,C0386,2026-03-02,2026-04-01,1543598.0,2026-04-01
F007431,C0386,2026-04-08,2026-05-08,3283287.0,2026-05-09
F007432,C0386,2026-06-01,2026-07-01,1822313.0,2026-07-01
F007433,C0386,2026-06-12,2026-07-12,2953240.0,2026-07-12
F007434,C0386,2026-07-14,2026-08-13,2251962.0,2026-08-13
F007435,C0386,2026-07-08,2026-08-07,1060465.0,2026-08-07
F007436,C0386,2026-07-04,2026-08-03,2952276.0,2026-08-03
F007437,C0386,2026-08-09,2026-09-08,3070136.0,
F007438,C0386,2026-08-22,2026-09-21,3766254.0,
F007439,C0386,2026-08-28,2026-09-27,2773112.0,
F007440,C0387,2025-11-02,2025-12-02,1771936.0,2025-12-02
F007441,C0387,2025-11-04,2025-12-04,1648120.0,2025-12-05
F007442,C0387,2025-11-21,2025-12-21,3109208.0,2025-12-22
F007443,C0387,2026-05-23,2026-06-22,2983854.0,2026-06-23
F007444,C0387,2026-05-07,2026-06-06,1691031.0,2026-06-07
F007445,C0387,2026-05-07,2026-06-06,5334853.0,2026-06-06
F007446,C0387,2026-06-04,2026-07-04,4873398.0,2026-07-06
F007447,C0387,2026-06-05,2026-07-05,2251939.0,2026-07-05
F007448,C0387,2026-07-21,2026-08-20,2730908.0,2026-08-20
F007449,C0387,2026-07-05,2026-08-04,2962236.0,2026-08-04
F007450,C0387,2026-07-04,2026-08-03,3305654.0,2026-08-05
F007451,C0387,2026-08-17,2026-09-16,3662335.0,
F007452,C0388,2025-07-11,2025-08-10,686367.0,2025-08-10
F007453,C0388,2025-07-05,2025-08-04,2185443.0,2025-08-04
F007454,C0388,2025-07-14,2025-08-13,1022052.0,2025-08-15
F007455,C0388,2025-09-28,2025-10-28,1724344.0,2025-10-29
F007456,C0388,2025-09-07,2025-10-07,1337143.0,2025-10-08
F007457,C0388,2025-09-02,2025-10-02,1060619.0,2025-10-02
F007458,C0388,2025-10-13,2025-11-12,1228245.0,2025-11-12
F007459,C0388,2025-10-03,2025-11-02,1152361.0,2025-11-02
F007460,C0388,2025-11-25,2025-12-25,789147.0,2025-12-25
F007461,C0388,2026-02-02,2026-03-04,947932.0,2026-03-04
F007462,C0388,2026-02-17,2026-03-19,1559153.0,2026-03-19
F007463,C0388,2026-03-07,2026-04-06,1524484.0,2026-04-06
F007464,C0388,2026-03-02,2026-04-01,1735193.0,2026-04-01
F007465,C0388,2026-03-27,2026-04-26,1664363.0,2026-04-27
F007466,C0388,2026-05-06,2026-06-05,1813046.0,2026-06-05
F007467,C0388,2026-05-17,2026-06-16,1318314.0,2026-06-16
F007468,C0388,2026-06-02,2026-07-02,753571.0,2026-07-02
F007469,C0388,2026-06-05,2026-07-05,1903022.0,2026-07-06
F007470,C0388,2026-07-23,2026-08-22,2115215.0,2026-08-24
F007471,C0388,2026-07-18,2026-08-17,1524664.0,2026-08-17
F007472,C0388,2026-07-08,2026-08-07,1667438.0,2026-08-07
F007473,C0388,2026-08-09,2026-09-08,1040657.0,
F007474,C0389,2025-07-21,2025-08-20,2497500.0,
F007475,C0389,2025-07-19,2025-08-18,1632687.0,2025-08-18
F007476,C0389,2025-07-21,2025-08-20,4743838.0,2025-08-20
F007477,C0389,2025-08-23,2025-09-22,3818868.0,2025-09-22
F007478,C0389,2025-08-27,2025-09-26,4389876.0,2025-09-26
F007479,C0389,2025-09-09,2025-10-09,2389007.0,2025-10-09
F007480,C0389,2025-12-02,2026-01-01,2677304.0,2026-01-01
F007481,C0389,2026-01-27,2026-02-26,2549014.0,2026-02-26
F007482,C0389,2026-01-04,2026-02-03,3839121.0,2026-02-03
F007483,C0389,2026-01-11,2026-02-10,2064472.0,2026-02-10
F007484,C0389,2026-02-10,2026-03-12,3653113.0,2026-03-12
F007485,C0389,2026-02-01,2026-03-03,4085476.0,2026-03-03
F007486,C0389,2026-03-21,2026-04-20,4992563.0,2026-04-20
F007487,C0389,2026-03-15,2026-04-14,3164655.0,2026-04-14
F007488,C0389,2026-05-25,2026-06-24,5752300.0,2026-06-24
F007489,C0389,2026-08-05,2026-09-04,5573514.0,
F007490,C0389,2026-08-16,2026-09-15,1106382.0,
F007491,C0389,2026-08-17,2026-09-16,2622395.0,
F007492,C0390,2025-07-25,2025-08-24,1581699.0,2025-08-24
F007493,C0390,2025-07-09,2025-08-08,2043926.0,2025-08-08
F007494,C0390,2025-07-27,2025-08-26,5042806.0,2025-08-26
F007495,C0390,2025-10-28,2025-11-27,4519319.0,2025-11-27
F007496,C0390,2025-10-22,2025-11-21,2189987.0,2025-11-24
F007497,C0390,2025-12-14,2026-01-13,2869844.0,2026-01-13
F007498,C0390,2025-12-09,2026-01-08,3203241.0,2026-01-08
F007499,C0390,2025-12-24,2026-01-23,3626752.0,2026-01-23
F007500,C0390,2026-02-17,2026-03-19,1522880.0,2026-03-19
F007501,C0390,2026-03-04,2026-04-03,3085759.0,2026-04-03
F007502,C0390,2026-03-25,2026-04-24,3162450.0,2026-04-25
F007503,C0390,2026-04-04,2026-05-04,4609242.0,2026-05-04
F007504,C0390,2026-06-03,2026-07-03,2472493.0,2026-07-05
F007505,C0390,2026-06-26,2026-07-26,2383898.0,2026-07-26
F007506,C0391,2025-07-26,2025-08-25,701822.0,2025-08-25
F007507,C0391,2025-07-21,2025-08-20,1681883.0,2025-08-21
F007508,C0391,2025-07-28,2025-08-27,743387.0,2025-08-29
F007509,C0391,2025-08-12,2025-09-11,958493.0,2025-09-11
F007510,C0391,2025-09-01,2025-10-01,1127082.0,2025-10-03
F007511,C0391,2025-10-12,2025-11-11,697773.0,2025-11-11
F007512,C0391,2025-11-19,2025-12-19,1645474.0,2025-12-19
F007513,C0391,2025-11-04,2025-12-04,1097758.0,2025-12-04
F007514,C0391,2025-11-04,2025-12-04,698731.0,2025-12-05
F007515,C0391,2025-12-13,2026-01-12,650835.0,2026-01-13
F007516,C0391,2025-12-04,2026-01-03,872410.0,2026-01-07
F007517,C0391,2026-02-22,2026-03-24,1974112.0,2026-03-25
F007518,C0391,2026-03-07,2026-04-06,1078111.0,2026-04-06
F007519,C0391,2026-03-25,2026-04-24,1213185.0,2026-04-25
F007520,C0391,2026-03-20,2026-04-19,870780.0,2026-04-19
F007521,C0391,2026-04-02,2026-05-02,689420.0,2026-05-02
F007522,C0391,2026-04-12,2026-05-12,1339539.0,2026-05-13
F007523,C0391,2026-05-05,2026-06-04,849480.0,2026-06-05
F007524,C0391,2026-05-09,2026-06-08,1502112.0,2026-06-10
F007525,C0391,2026-05-15,2026-06-14,1077488.0,2026-06-17
F007526,C0391,2026-06-06,2026-07-06,1234199.0,2026-07-07
F007527,C0391,2026-07-21,2026-08-20,693068.0,2026-08-20
F007528,C0391,2026-08-06,2026-09-05,1346020.0,
F007529,C0392,2025-07-16,2025-08-15,6530027.0,2025-08-15
F007530,C0392,2025-07-04,2025-08-03,1416512.0,2025-08-03
F007531,C0392,2025-08-13,2025-09-12,4297361.0,2025-09-12
F007532,C0392,2025-08-24,2025-09-23,4474197.0,2025-09-23
F007533,C0392,2025-09-14,2025-10-14,2448296.0,2025-10-14
F007534,C0392,2025-10-04,2025-11-03,6039396.0,2025-11-04
F007535,C0392,2025-10-24,2025-11-23,1416318.0,2025-11-23
F007536,C0392,2025-10-17,2025-11-16,3422554.0,2025-11-16
F007537,C0392,2025-11-03,2025-12-03,2533261.0,2025-12-04
F007538,C0392,2025-12-01,2025-12-31,3466827.0,2026-01-02
F007539,C0392,2026-01-12,2026-02-11,3590617.0,2026-02-11
F007540,C0392,2026-01-25,2026-02-24,2708404.0,2026-02-24
F007541,C0392,2026-04-25,2026-05-25,3207890.0,2026-05-25
F007542,C0392,2026-05-23,2026-06-22,3820812.0,2026-06-22
F007543,C0392,2026-05-20,2026-06-19,2722914.0,2026-06-19
F007544,C0392,2026-05-09,2026-06-08,1577279.0,2026-06-08
F007545,C0392,2026-06-13,2026-07-13,2309675.0,2026-07-14
F007546,C0392,2026-06-27,2026-07-27,4991801.0,2026-07-27
F007547,C0392,2026-07-10,2026-08-09,2031449.0,2026-08-09
F007548,C0392,2026-08-09,2026-09-08,3126214.0,
F007549,C0392,2026-08-09,2026-09-08,3798261.0,
F007550,C0392,2026-08-18,2026-09-17,4729439.0,
F007551,C0393,2025-09-16,2025-10-16,1867966.0,2025-10-16
F007552,C0393,2025-09-02,2025-10-02,1267820.0,2025-10-03
F007553,C0393,2025-09-26,2025-10-26,979510.0,2025-10-26
F007554,C0393,2026-01-23,2026-02-22,3223248.0,2026-02-22
F007555,C0393,2026-01-22,2026-02-21,1113805.0,2026-02-21
F007556,C0393,2026-04-27,2026-05-27,1882450.0,2026-05-27
F007557,C0393,2026-05-06,2026-06-05,926169.0,2026-06-05
F007558,C0393,2026-05-22,2026-06-21,1499522.0,2026-06-21
F007559,C0393,2026-06-16,2026-07-16,1377923.0,2026-07-17
F007560,C0393,2026-07-05,2026-08-04,1188050.0,2026-08-04
F007561,C0393,2026-07-19,2026-08-18,1683148.0,2026-08-18
F007562,C0393,2026-08-13,2026-09-12,1548837.0,
F007563,C0393,2026-08-18,2026-09-17,1286097.0,
F007564,C0394,2025-07-08,2025-08-07,2578967.0,2025-08-07
F007565,C0394,2025-07-03,2025-08-02,1874523.0,2025-08-02
F007566,C0394,2025-08-07,2025-09-06,4013564.0,2025-09-06
F007567,C0394,2025-09-11,2025-10-11,2304436.0,2025-10-11
F007568,C0394,2025-09-17,2025-10-17,2261293.0,2025-10-17
F007569,C0394,2025-10-15,2025-11-14,3400478.0,2025-11-15
F007570,C0394,2025-10-25,2025-11-24,3961393.0,2025-11-24
F007571,C0394,2025-10-21,2025-11-20,4884692.0,2025-11-20
F007572,C0394,2025-11-02,2025-12-02,3849611.0,2025-12-02
F007573,C0394,2025-12-22,2026-01-21,4454191.0,2026-01-21
F007574,C0394,2026-03-18,2026-04-17,3547533.0,2026-04-17
F007575,C0394,2026-03-04,2026-04-03,2940450.0,2026-04-03
F007576,C0394,2026-03-04,2026-04-03,3249335.0,2026-04-03
F007577,C0394,2026-04-26,2026-05-26,4432201.0,2026-05-26
F007578,C0394,2026-05-15,2026-06-14,2663345.0,2026-06-14
F007579,C0394,2026-05-20,2026-06-19,3980890.0,2026-06-19
F007580,C0394,2026-05-21,2026-06-20,3661570.0,2026-06-20
F007581,C0394,2026-06-28,2026-07-28,3883159.0,2026-07-28
F007582,C0394,2026-06-06,2026-07-06,2405870.0,2026-07-06
F007583,C0394,2026-06-09,2026-07-09,2497542.0,2026-07-09
F007584,C0394,2026-07-27,2026-08-26,2499098.0,2026-08-26
F007585,C0394,2026-07-15,2026-08-14,2318611.0,2026-08-14
F007586,C0394,2026-08-23,2026-09-22,2436291.0,
F007587,C0395,2025-10-21,2025-11-20,1210346.0,2025-11-23
F007588,C0395,2025-10-14,2025-11-13,1103787.0,2025-11-13
F007589,C0395,2025-10-06,2025-11-05,1271055.0,2025-11-05
F007590,C0395,2025-12-23,2026-01-22,1530003.0,2026-01-25
F007591,C0395,2025-12-23,2026-01-22,975727.0,2026-01-22
F007592,C0395,2025-12-22,2026-01-21,1092424.0,2026-01-21
F007593,C0395,2026-03-17,2026-04-16,2090439.0,2026-04-18
F007594,C0395,2026-04-12,2026-05-12,1137454.0,2026-05-17
F007595,C0395,2026-04-08,2026-05-08,1072232.0,2026-05-10
F007596,C0395,2026-04-15,2026-05-15,1313808.0,2026-05-16
F007597,C0395,2026-08-01,2026-08-31,1206243.0,2026-08-31
F007598,C0395,2026-08-10,2026-09-09,1487534.0,
F007599,C0395,2026-08-07,2026-09-06,3612835.0,
F007600,C0396,2025-08-05,2025-09-04,3870815.0,2025-09-04
F007601,C0396,2025-09-10,2025-10-10,2172837.0,2025-10-20
F007602,C0396,2025-09-12,2025-10-12,2996930.0,2025-10-18
F007603,C0396,2025-09-24,2025-10-24,4444934.0,2025-10-25
F007604,C0396,2025-10-09,2025-11-08,2429383.0,2025-11-12
F007605,C0396,2025-10-10,2025-11-09,4346070.0,2025-11-09
F007606,C0396,2025-10-20,2025-11-19,2505130.0,2025-11-19
F007607,C0396,2025-11-15,2025-12-15,3225701.0,2025-12-16
F007608,C0396,2025-11-14,2025-12-14,2049305.0,2025-12-16
F007609,C0396,2025-11-25,2025-12-25,1628733.0,2025-12-27
F007610,C0396,2025-12-27,2026-01-26,2166563.0,2026-01-26
F007611,C0396,2025-12-09,2026-01-08,2189224.0,2026-01-09
F007612,C0396,2025-12-24,2026-01-23,2723317.0,2026-01-25
F007613,C0396,2026-01-07,2026-02-06,3978210.0,2026-02-09
F007614,C0396,2026-02-19,2026-03-21,2211323.0,2026-03-22
F007615,C0396,2026-04-07,2026-05-07,1452068.0,2026-05-08
F007616,C0396,2026-04-03,2026-05-03,3268056.0,2026-05-09
F007617,C0396,2026-05-17,2026-06-16,1251553.0,2026-06-18
F007618,C0396,2026-05-02,2026-06-01,2630284.0,
F007619,C0396,2026-05-18,2026-06-17,2750911.0,2026-06-19
F007620,C0396,2026-06-14,2026-07-14,2812777.0,2026-07-18
F007621,C0396,2026-06-21,2026-07-21,2343889.0,2026-07-25
F007622,C0396,2026-07-06,2026-08-05,2261630.0,2026-08-06
F007623,C0396,2026-07-16,2026-08-15,3965437.0,
F007624,C0396,2026-07-26,2026-08-25,3528396.0,2026-08-26
F007625,C0396,2026-08-25,2026-09-24,3098334.0,
F007626,C0396,2026-08-01,2026-08-31,3822743.0,
F007627,C0396,2026-08-15,2026-09-14,2251694.0,
F007628,C0397,2025-11-01,2025-12-01,1596979.0,
F007629,C0397,2025-12-05,2026-01-04,1084176.0,2026-01-09
F007630,C0397,2026-01-26,2026-02-25,1216444.0,2026-02-26
F007631,C0397,2026-01-14,2026-02-13,1986021.0,2026-02-15
F007632,C0397,2026-01-25,2026-02-24,1195338.0,2026-02-24
F007633,C0397,2026-02-07,2026-03-09,1000940.0,2026-03-10
F007634,C0397,2026-02-24,2026-03-26,1001501.0,2026-03-26
F007635,C0397,2026-03-10,2026-04-09,1347984.0,2026-04-10
F007636,C0397,2026-04-15,2026-05-15,1661801.0,2026-05-16
F007637,C0397,2026-05-26,2026-06-25,970724.0,2026-06-26
F007638,C0397,2026-06-19,2026-07-19,840647.0,2026-07-20
F007639,C0397,2026-06-13,2026-07-13,476951.0,2026-07-15
F007640,C0397,2026-06-21,2026-07-21,1468536.0,2026-07-22
F007641,C0397,2026-07-24,2026-08-23,1009722.0,2026-08-24
F007642,C0397,2026-07-23,2026-08-22,957101.0,2026-08-22
F007643,C0397,2026-07-27,2026-08-26,1020780.0,2026-08-26
F007644,C0397,2026-08-16,2026-09-15,1298007.0,
F007645,C0397,2026-08-06,2026-09-05,1113836.0,
F007646,C0397,2026-08-22,2026-09-21,733334.0,
F007647,C0398,2025-07-17,2025-08-16,734559.0,2025-08-16
F007648,C0398,2025-07-08,2025-08-07,1352599.0,2025-08-07
F007649,C0398,2025-07-11,2025-08-10,493804.0,2025-08-13
F007650,C0398,2025-09-22,2025-10-22,629286.0,2025-10-23
F007651,C0398,2025-09-09,2025-10-09,1104410.0,2025-10-09
F007652,C0398,2026-01-14,2026-02-13,526709.0,2026-02-13
F007653,C0398,2026-03-17,2026-04-16,956091.0,2026-04-18
F007654,C0398,2026-05-02,2026-06-01,686162.0,2026-06-01
F007655,C0398,2026-05-10,2026-06-09,871861.0,2026-06-09
F007656,C0398,2026-05-25,2026-06-24,637890.0,2026-06-26
F007657,C0398,2026-06-25,2026-07-25,567851.0,2026-07-25
F007658,C0398,2026-06-09,2026-07-09,755049.0,2026-07-09
F007659,C0398,2026-06-13,2026-07-13,1236270.0,2026-07-14
F007660,C0398,2026-08-20,2026-09-19,855987.0,
F007661,C0398,2026-08-18,2026-09-17,859805.0,
F007662,C0398,2026-08-07,2026-09-06,673559.0,
F007663,C0399,2025-07-09,2025-08-08,845171.0,2025-08-08
F007664,C0399,2025-07-14,2025-08-13,2386515.0,2025-08-13
F007665,C0399,2025-07-04,2025-08-03,1012176.0,2025-08-03
F007666,C0399,2025-08-01,2025-08-31,1419250.0,2025-09-03
F007667,C0399,2025-08-25,2025-09-24,1071898.0,2025-09-26
F007668,C0399,2025-09-28,2025-10-28,1991985.0,2025-10-28
F007669,C0399,2025-11-20,2025-12-20,1017546.0,2025-12-21
F007670,C0399,2025-11-21,2025-12-21,1014136.0,2025-12-22
F007671,C0399,2025-12-20,2026-01-19,830584.0,2026-01-20
F007672,C0399,2026-01-08,2026-02-07,770743.0,
F007673,C0399,2026-02-01,2026-03-03,595059.0,2026-03-06
F007674,C0399,2026-02-17,2026-03-19,1445775.0,2026-03-19
F007675,C0399,2026-02-28,2026-03-30,881977.0,2026-03-31
F007676,C0399,2026-04-20,2026-05-20,1231343.0,2026-05-20
F007677,C0399,2026-05-09,2026-06-08,1454231.0,2026-06-08
F007678,C0399,2026-05-28,2026-06-27,587942.0,2026-06-30
F007679,C0399,2026-05-04,2026-06-03,1113962.0,2026-06-03
F007680,C0399,2026-07-23,2026-08-22,1292296.0,2026-08-25
F007681,C0399,2026-07-21,2026-08-20,803081.0,2026-08-21
F007682,C0399,2026-07-27,2026-08-26,1181805.0,2026-08-26
F007683,C0399,2026-08-01,2026-08-31,813625.0,
F007684,C0399,2026-08-21,2026-09-20,821355.0,
F007685,C0399,2026-08-13,2026-09-12,397174.0,
F007686,C0400,2025-07-11,2025-08-10,920954.0,2025-08-12
F007687,C0400,2025-07-18,2025-08-17,2027350.0,2025-08-17
F007688,C0400,2025-10-02,2025-11-01,1901890.0,2025-11-03
F007689,C0400,2025-12-28,2026-01-27,1042119.0,2026-01-27
F007690,C0400,2025-12-21,2026-01-20,2647153.0,2026-01-20
F007691,C0400,2025-12-01,2025-12-31,1226206.0,2026-01-02
F007692,C0400,2026-01-07,2026-02-06,2856490.0,2026-02-06
F007693,C0400,2026-01-13,2026-02-12,1330751.0,2026-02-12
F007694,C0400,2026-02-26,2026-03-28,2225434.0,2026-03-28
F007695,C0400,2026-02-23,2026-03-25,1185846.0,2026-03-25
F007696,C0400,2026-03-14,2026-04-13,2104684.0,2026-04-15
F007697,C0400,2026-03-05,2026-04-04,2076162.0,2026-04-05
F007698,C0400,2026-06-09,2026-07-09,780837.0,2026-07-09
F007699,C0400,2026-06-18,2026-07-18,1015447.0,2026-07-18
F007700,C0400,2026-08-16,2026-09-15,1159900.0,
F007701,C0401,2025-08-24,2025-09-23,694880.0,2025-09-25
F007702,C0401,2025-11-04,2025-12-04,1150775.0,2025-12-04
F007703,C0401,2025-12-04,2026-01-03,1114007.0,2026-01-05
F007704,C0401,2025-12-14,2026-01-13,1114280.0,2026-01-14
F007705,C0401,2025-12-22,2026-01-21,1663736.0,2026-01-21
F007706,C0401,2026-05-05,2026-06-04,1708139.0,2026-06-04
F007707,C0401,2026-05-13,2026-06-12,1488222.0,2026-06-12
F007708,C0401,2026-05-26,2026-06-25,819540.0,2026-06-27
F007709,C0401,2026-06-13,2026-07-13,490021.0,2026-07-13
F007710,C0401,2026-06-01,2026-07-01,1904489.0,2026-07-01
F007711,C0401,2026-06-17,2026-07-17,926780.0,2026-07-18
F007712,C0402,2025-09-18,2025-10-18,1037309.0,2025-10-18
F007713,C0402,2025-11-20,2025-12-20,918497.0,2025-12-23
F007714,C0402,2026-04-06,2026-05-06,1632793.0,2026-05-06
F007715,C0402,2026-04-09,2026-05-09,1464338.0,2026-05-14
F007716,C0402,2026-04-19,2026-05-19,1043488.0,
F007717,C0402,2026-05-10,2026-06-09,951947.0,
F007718,C0402,2026-05-06,2026-06-05,881416.0,2026-06-06
F007719,C0402,2026-06-22,2026-07-22,2255730.0,
F007720,C0402,2026-06-21,2026-07-21,1676188.0,2026-07-22
F007721,C0402,2026-06-27,2026-07-27,1127154.0,
F007722,C0402,2026-07-14,2026-08-13,1991968.0,2026-08-16
F007723,C0402,2026-07-04,2026-08-03,794077.0,2026-08-05
F007724,C0402,2026-07-17,2026-08-16,938047.0,2026-08-16
F007725,C0403,2025-07-10,2025-08-09,1108828.0,2025-08-09
F007726,C0403,2025-07-25,2025-08-24,1969794.0,2025-08-25
F007727,C0403,2025-07-13,2025-08-12,1227275.0,2025-08-12
F007728,C0403,2025-09-18,2025-10-18,838905.0,2025-10-18
F007729,C0403,2025-09-05,2025-10-05,2167467.0,2025-10-08
F007730,C0403,2025-10-03,2025-11-02,1950278.0,2025-11-02
F007731,C0403,2025-10-25,2025-11-24,1173738.0,2025-11-25
F007732,C0403,2025-11-19,2025-12-19,1438704.0,2025-12-21
F007733,C0403,2025-12-10,2026-01-09,1235858.0,2026-01-12
F007734,C0403,2026-01-05,2026-02-04,1541117.0,2026-02-06
F007735,C0403,2026-01-18,2026-02-17,1181088.0,2026-02-18
F007736,C0403,2026-01-03,2026-02-02,956945.0,2026-02-02
F007737,C0403,2026-02-02,2026-03-04,1493790.0,2026-03-04
F007738,C0403,2026-02-02,2026-03-04,849564.0,2026-03-04
F007739,C0403,2026-03-21,2026-04-20,1378218.0,2026-04-20
F007740,C0403,2026-03-27,2026-04-26,1872941.0,2026-04-26
F007741,C0403,2026-03-12,2026-04-11,1703795.0,2026-04-11
F007742,C0403,2026-05-09,2026-06-08,2027956.0,2026-06-09
F007743,C0403,2026-06-14,2026-07-14,1031263.0,2026-07-15
F007744,C0403,2026-06-03,2026-07-03,2540539.0,2026-07-04
F007745,C0403,2026-06-27,2026-07-27,1202029.0,2026-07-27
F007746,C0403,2026-07-15,2026-08-14,1414129.0,2026-08-14
F007747,C0403,2026-08-07,2026-09-06,773112.0,
F007748,C0403,2026-08-23,2026-09-22,1880449.0,
F007749,C0403,2026-08-14,2026-09-13,2144805.0,
F007750,C0404,2025-07-22,2025-08-21,6014516.0,2025-08-21
F007751,C0404,2025-08-12,2025-09-11,2989196.0,2025-09-14
F007752,C0404,2025-08-09,2025-09-08,2969276.0,2025-09-17
F007753,C0404,2025-08-16,2025-09-15,2652783.0,2025-09-16
F007754,C0404,2025-09-03,2025-10-03,6399960.0,2025-10-06
F007755,C0404,2025-09-14,2025-10-14,2815547.0,2025-10-17
F007756,C0404,2025-10-12,2025-11-11,1761242.0,2025-11-12
F007757,C0404,2025-10-10,2025-11-09,2755543.0,2025-11-12
F007758,C0404,2025-11-28,2025-12-28,2545852.0,2026-01-03
F007759,C0404,2025-11-10,2025-12-10,3321985.0,2025-12-13
F007760,C0404,2025-11-13,2025-12-13,3014211.0,2025-12-14
F007761,C0404,2025-12-12,2026-01-11,3751033.0,2026-01-12
F007762,C0404,2025-12-08,2026-01-07,3333710.0,2026-01-09
F007763,C0404,2025-12-10,2026-01-09,3467786.0,2026-01-09
F007764,C0404,2026-01-09,2026-02-08,4463358.0,2026-02-12
F007765,C0404,2026-02-14,2026-03-16,2927406.0,2026-03-20
F007766,C0404,2026-02-04,2026-03-06,7052218.0,2026-03-07
F007767,C0404,2026-02-02,2026-03-04,2643505.0,2026-03-08
F007768,C0404,2026-03-16,2026-04-15,3394366.0,2026-04-16
F007769,C0404,2026-03-07,2026-04-06,3279832.0,2026-04-08
F007770,C0404,2026-06-07,2026-07-07,6644683.0,2026-07-09
F007771,C0404,2026-06-23,2026-07-23,2726550.0,2026-07-28
F007772,C0404,2026-07-11,2026-08-10,2575969.0,
F007773,C0404,2026-07-08,2026-08-07,2591005.0,2026-08-12
F007774,C0404,2026-07-16,2026-08-15,3227592.0,2026-08-17
F007775,C0405,2025-07-12,2025-08-11,1546389.0,2025-08-12
F007776,C0405,2025-07-17,2025-08-16,811669.0,2025-08-18
F007777,C0405,2025-09-07,2025-10-07,1036401.0,2025-10-11
F007778,C0405,2025-09-27,2025-10-27,1129027.0,2025-10-27
F007779,C0405,2025-10-18,2025-11-17,744149.0,2025-11-20
F007780,C0405,2026-01-09,2026-02-08,1952036.0,
F007781,C0405,2026-01-08,2026-02-07,1022302.0,2026-02-07
F007782,C0405,2026-01-25,2026-02-24,1250259.0,2026-02-25
F007783,C0405,2026-03-18,2026-04-17,1411025.0,2026-04-18
F007784,C0405,2026-04-07,2026-05-07,1454079.0,
F007785,C0405,2026-05-28,2026-06-27,1110149.0,2026-06-30
F007786,C0405,2026-05-26,2026-06-25,2196567.0,2026-06-25
F007787,C0405,2026-05-09,2026-06-08,1485689.0,2026-06-08
F007788,C0406,2025-07-03,2025-08-02,2224731.0,2025-08-03
F007789,C0406,2025-10-16,2025-11-15,1217500.0,2025-11-16
F007790,C0406,2025-10-07,2025-11-06,1756977.0,2025-11-07
F007791,C0406,2025-11-03,2025-12-03,1643754.0,2025-12-03
F007792,C0406,2025-11-09,2025-12-09,844691.0,2025-12-10
F007793,C0406,2025-12-02,2026-01-01,1057311.0,2026-01-02
F007794,C0406,2026-02-23,2026-03-25,1487967.0,2026-03-26
F007795,C0406,2026-03-15,2026-04-14,2152351.0,2026-04-14
F007796,C0406,2026-04-23,2026-05-23,1579499.0,2026-05-23
F007797,C0406,2026-04-23,2026-05-23,1588112.0,2026-05-23
F007798,C0406,2026-04-13,2026-05-13,2108866.0,2026-05-14
F007799,C0406,2026-05-08,2026-06-07,1378455.0,2026-06-07
F007800,C0406,2026-05-06,2026-06-05,2641053.0,2026-06-06
F007801,C0406,2026-05-04,2026-06-03,1574720.0,2026-06-03
F007802,C0406,2026-06-28,2026-07-28,1624064.0,2026-07-28
F007803,C0406,2026-06-02,2026-07-02,1741477.0,2026-07-02
F007804,C0406,2026-06-03,2026-07-03,1072675.0,2026-07-03
F007805,C0406,2026-07-09,2026-08-08,1980648.0,2026-08-08
F007806,C0406,2026-08-15,2026-09-14,2167427.0,
F007807,C0407,2025-10-23,2025-11-22,1635774.0,2025-11-22
F007808,C0407,2025-10-22,2025-11-21,1518460.0,2025-11-21
F007809,C0407,2025-10-25,2025-11-24,1693363.0,2025-11-24
F007810,C0407,2025-11-23,2025-12-23,1944030.0,2025-12-23
F007811,C0407,2025-11-27,2025-12-27,1430613.0,
F007812,C0407,2026-01-24,2026-02-23,2463732.0,2026-02-26
F007813,C0407,2026-01-28,2026-02-27,1117791.0,2026-02-28
F007814,C0407,2026-02-03,2026-03-05,1803412.0,2026-03-05
F007815,C0407,2026-02-04,2026-03-06,3155002.0,2026-03-08
F007816,C0407,2026-02-28,2026-03-30,1876343.0,2026-03-30
F007817,C0407,2026-03-03,2026-04-02,734736.0,2026-04-05
F007818,C0407,2026-03-19,2026-04-18,2434459.0,2026-04-18
F007819,C0407,2026-03-17,2026-04-16,1656132.0,2026-04-16
F007820,C0407,2026-05-08,2026-06-07,2472672.0,2026-06-12
F007821,C0407,2026-05-16,2026-06-15,2096496.0,2026-06-17
F007822,C0407,2026-06-15,2026-07-15,2589544.0,2026-07-15
F007823,C0407,2026-06-22,2026-07-22,1091278.0,2026-07-22
F007824,C0407,2026-08-22,2026-09-21,1349662.0,
F007825,C0407,2026-08-07,2026-09-06,1278842.0,
F007826,C0408,2025-07-14,2025-08-13,1181752.0,2025-08-13
F007827,C0408,2025-07-18,2025-08-17,1185330.0,2025-08-18
F007828,C0408,2025-08-13,2025-09-12,720402.0,2025-09-13
F007829,C0408,2025-08-06,2025-09-05,546112.0,2025-09-05
F007830,C0408,2025-08-09,2025-09-08,803215.0,2025-09-08
F007831,C0408,2025-09-23,2025-10-23,1865613.0,2025-10-24
F007832,C0408,2025-09-20,2025-10-20,762113.0,2025-10-21
F007833,C0408,2025-11-09,2025-12-09,1485029.0,2025-12-09
F007834,C0408,2025-12-09,2026-01-08,695592.0,2026-01-08
F007835,C0408,2025-12-10,2026-01-09,963170.0,2026-01-11
F007836,C0408,2025-12-12,2026-01-11,1027006.0,2026-01-12
F007837,C0408,2026-01-12,2026-02-11,958485.0,2026-02-11
F007838,C0408,2026-02-19,2026-03-21,523830.0,2026-03-22
F007839,C0408,2026-02-03,2026-03-05,1642593.0,2026-03-05
F007840,C0408,2026-02-17,2026-03-19,1285850.0,2026-03-20
F007841,C0408,2026-03-06,2026-04-05,1242040.0,2026-04-05
F007842,C0408,2026-03-22,2026-04-21,974823.0,2026-04-22
F007843,C0408,2026-03-21,2026-04-20,2510475.0,2026-04-20
F007844,C0408,2026-04-22,2026-05-22,1303598.0,2026-05-22
F007845,C0408,2026-04-04,2026-05-04,995440.0,2026-05-04
F007846,C0408,2026-05-10,2026-06-09,1025531.0,2026-06-09
F007847,C0408,2026-05-15,2026-06-14,1052757.0,2026-06-14
F007848,C0408,2026-06-27,2026-07-27,760889.0,2026-07-27
F007849,C0408,2026-07-14,2026-08-13,877687.0,2026-08-14
F007850,C0408,2026-08-20,2026-09-19,766394.0,
F007851,C0408,2026-08-01,2026-08-31,1053356.0,2026-08-31
F007852,C0409,2025-07-07,2025-08-06,2097354.0,2025-08-06
F007853,C0409,2025-07-15,2025-08-14,2327870.0,2025-08-14
F007854,C0409,2025-07-19,2025-08-18,1762665.0,2025-08-19
F007855,C0409,2025-08-26,2025-09-25,1146916.0,
F007856,C0409,2025-09-26,2025-10-26,1384197.0,2025-10-27
F007857,C0409,2025-09-25,2025-10-25,1784066.0,2025-10-25
F007858,C0409,2025-10-01,2025-10-31,2846093.0,2025-10-31
F007859,C0409,2025-10-13,2025-11-12,1681587.0,2025-11-13
F007860,C0409,2025-10-11,2025-11-10,2072674.0,2025-11-11
F007861,C0409,2025-11-12,2025-12-12,1582105.0,2025-12-12
F007862,C0409,2025-12-02,2026-01-01,1054681.0,2026-01-02
F007863,C0409,2025-12-26,2026-01-25,1992369.0,2026-01-25
F007864,C0409,2026-01-24,2026-02-23,1683266.0,2026-02-23
F007865,C0409,2026-01-06,2026-02-05,1427264.0,2026-02-05
F007866,C0409,2026-02-04,2026-03-06,1452833.0,2026-03-07
F007867,C0409,2026-02-08,2026-03-10,1693255.0,2026-03-10
F007868,C0409,2026-02-05,2026-03-07,3006023.0,2026-03-07
F007869,C0409,2026-03-12,2026-04-11,2383982.0,2026-04-14
F007870,C0409,2026-03-25,2026-04-24,2034121.0,2026-04-24
F007871,C0409,2026-04-09,2026-05-09,1884357.0,2026-05-10
F007872,C0409,2026-06-11,2026-07-11,1983790.0,2026-07-11
F007873,C0409,2026-06-23,2026-07-23,972653.0,2026-07-24
F007874,C0409,2026-07-12,2026-08-11,1254311.0,
F007875,C0409,2026-07-14,2026-08-13,4460334.0,2026-08-13
F007876,C0409,2026-08-09,2026-09-08,1668763.0,
F007877,C0410,2025-08-06,2025-09-05,1409006.0,2025-09-05
F007878,C0410,2025-08-01,2025-08-31,1180996.0,2025-08-31
F007879,C0410,2025-12-15,2026-01-14,766676.0,2026-01-14
F007880,C0410,2025-12-13,2026-01-12,1133282.0,2026-01-12
F007881,C0410,2026-01-07,2026-02-06,533184.0,2026-02-06
F007882,C0410,2026-01-07,2026-02-06,613176.0,2026-02-06
F007883,C0410,2026-02-07,2026-03-09,783680.0,2026-03-09
F007884,C0410,2026-02-21,2026-03-23,1009529.0,2026-03-23
F007885,C0410,2026-03-11,2026-04-10,943969.0,2026-04-10
F007886,C0410,2026-03-27,2026-04-26,826217.0,2026-04-26
F007887,C0410,2026-04-10,2026-05-10,868597.0,2026-05-10
F007888,C0410,2026-05-15,2026-06-14,1122787.0,2026-06-14
F007889,C0410,2026-05-11,2026-06-10,895796.0,2026-06-10
F007890,C0410,2026-05-10,2026-06-09,796798.0,2026-06-09
F007891,C0410,2026-08-23,2026-09-22,802643.0,
F007892,C0411,2025-07-04,2025-08-03,1425142.0,2025-08-03
F007893,C0411,2025-07-13,2025-08-12,1933951.0,2025-08-12
F007894,C0411,2025-07-17,2025-08-16,1607257.0,2025-08-23
F007895,C0411,2025-10-18,2025-11-17,619317.0,2025-11-18
F007896,C0411,2025-11-24,2025-12-24,1815784.0,2025-12-24
F007897,C0411,2025-11-14,2025-12-14,2670829.0,2025-12-14
F007898,C0411,2025-11-12,2025-12-12,1662937.0,
F007899,C0411,2026-02-17,2026-03-19,1670282.0,2026-03-19
F007900,C0411,2026-02-22,2026-03-24,1692872.0,2026-03-24
F007901,C0411,2026-02-16,2026-03-18,3204148.0,2026-03-18
F007902,C0411,2026-04-17,2026-05-17,2009973.0,2026-05-20
F007903,C0411,2026-05-06,2026-06-05,2021536.0,2026-06-05
F007904,C0411,2026-06-11,2026-07-11,1510066.0,2026-07-11
F007905,C0411,2026-06-16,2026-07-16,1752253.0,2026-07-16
F007906,C0411,2026-06-26,2026-07-26,1311595.0,2026-07-26
F007907,C0412,2025-07-22,2025-08-21,758923.0,2025-08-25
F007908,C0412,2025-07-26,2025-08-25,2240209.0,
F007909,C0412,2025-07-27,2025-08-26,2490488.0,2025-08-27
F007910,C0412,2025-10-10,2025-11-09,2719139.0,2025-11-10
F007911,C0412,2025-10-20,2025-11-19,3040153.0,
F007912,C0412,2025-10-26,2025-11-25,2111660.0,2025-11-28
F007913,C0412,2025-11-12,2025-12-12,3060453.0,2025-12-14
F007914,C0412,2025-11-13,2025-12-13,2273845.0,2025-12-14
F007915,C0412,2025-11-14,2025-12-14,2823254.0,2025-12-17
F007916,C0412,2025-12-01,2025-12-31,2753256.0,
F007917,C0412,2026-01-18,2026-02-17,1793040.0,2026-02-18
F007918,C0412,2026-03-06,2026-04-05,2577243.0,
F007919,C0412,2026-03-03,2026-04-02,2062671.0,2026-04-02
F007920,C0412,2026-04-24,2026-05-24,1667409.0,2026-05-24
F007921,C0412,2026-06-20,2026-07-20,3009593.0,2026-07-20
F007922,C0412,2026-06-04,2026-07-04,2282736.0,2026-07-05
F007923,C0412,2026-06-08,2026-07-08,4803105.0,2026-07-09
F007924,C0412,2026-07-12,2026-08-11,1935761.0,2026-08-11
F007925,C0412,2026-07-04,2026-08-03,3028119.0,2026-08-05
F007926,C0412,2026-08-06,2026-09-05,3751945.0,
F007927,C0413,2025-07-04,2025-08-03,1002407.0,2025-08-09
F007928,C0413,2025-07-28,2025-08-27,2370910.0,2025-08-29
F007929,C0413,2025-07-03,2025-08-02,2450822.0,2025-08-03
F007930,C0413,2025-08-06,2025-09-05,1205579.0,2025-09-07
F007931,C0413,2025-09-19,2025-10-19,1351324.0,2025-10-21
F007932,C0413,2025-10-11,2025-11-10,1464604.0,2025-11-11
F007933,C0413,2025-10-13,2025-11-12,3821724.0,2025-11-13
F007934,C0413,2025-11-06,2025-12-06,798669.0,
F007935,C0413,2025-11-09,2025-12-09,1000498.0,2025-12-09
F007936,C0413,2025-11-07,2025-12-07,1329279.0,2025-12-13
F007937,C0413,2026-01-15,2026-02-14,1948817.0,2026-02-14
F007938,C0413,2026-01-04,2026-02-03,1707068.0,2026-02-10
F007939,C0413,2026-01-04,2026-02-03,739832.0,2026-02-03
F007940,C0413,2026-03-24,2026-04-23,1087738.0,2026-04-26
F007941,C0413,2026-04-09,2026-05-09,3334126.0,2026-05-10
F007942,C0413,2026-04-06,2026-05-06,1101459.0,2026-05-08
F007943,C0413,2026-04-21,2026-05-21,1533760.0,2026-05-22
F007944,C0413,2026-05-14,2026-06-13,1982654.0,2026-06-14
F007945,C0413,2026-06-07,2026-07-07,661606.0,2026-07-15
F007946,C0413,2026-06-10,2026-07-10,891133.0,2026-07-12
F007947,C0413,2026-07-18,2026-08-17,1229225.0,2026-08-17
F007948,C0413,2026-08-01,2026-08-31,1024139.0,2026-08-31
F007949,C0413,2026-08-25,2026-09-24,1215456.0,
F007950,C0414,2025-07-19,2025-08-18,1304243.0,2025-08-18
F007951,C0414,2025-08-13,2025-09-12,652986.0,2025-09-12
F007952,C0414,2025-08-02,2025-09-01,838599.0,2025-09-02
F007953,C0414,2025-09-20,2025-10-20,1268788.0,2025-10-20
F007954,C0414,2025-10-04,2025-11-03,1247217.0,2025-11-03
F007955,C0414,2025-11-13,2025-12-13,867852.0,2025-12-13
F007956,C0414,2025-11-28,2025-12-28,1193839.0,
F007957,C0414,2025-11-27,2025-12-27,790490.0,2025-12-29
F007958,C0414,2025-12-12,2026-01-11,718072.0,2026-01-11
F007959,C0414,2026-02-09,2026-03-11,1391711.0,2026-03-12
F007960,C0414,2026-03-10,2026-04-09,946607.0,2026-04-09
F007961,C0414,2026-03-14,2026-04-13,1808514.0,2026-04-17
F007962,C0414,2026-03-23,2026-04-22,1331798.0,2026-04-22
F007963,C0414,2026-04-05,2026-05-05,1055027.0,2026-05-05
F007964,C0414,2026-04-05,2026-05-05,1506645.0,2026-05-07
F007965,C0414,2026-05-27,2026-06-26,650715.0,2026-06-27
F007966,C0414,2026-07-11,2026-08-10,947648.0,2026-08-10
F007967,C0414,2026-08-19,2026-09-18,733909.0,
F007968,C0414,2026-08-25,2026-09-24,548494.0,
F007969,C0415,2025-07-02,2025-08-01,4936944.0,2025-08-01
F007970,C0415,2025-10-26,2025-11-25,5130406.0,2025-11-25
F007971,C0415,2025-10-19,2025-11-18,4141187.0,2025-11-18
F007972,C0415,2025-10-06,2025-11-05,4117403.0,2025-11-06
F007973,C0415,2026-04-02,2026-05-02,6104099.0,2026-05-02
F007974,C0415,2026-04-04,2026-05-04,3354971.0,2026-05-04
F007975,C0415,2026-04-13,2026-05-13,9058578.0,2026-05-14
F007976,C0415,2026-06-23,2026-07-23,3479633.0,2026-07-23
F007977,C0415,2026-06-22,2026-07-22,2501774.0,2026-07-23
F007978,C0415,2026-07-14,2026-08-13,2723786.0,2026-08-13
F007979,C0415,2026-07-26,2026-08-25,3140603.0,2026-08-25
F007980,C0415,2026-07-25,2026-08-24,4844032.0,2026-08-24
F007981,C0415,2026-08-10,2026-09-09,3630274.0,
F007982,C0416,2025-07-28,2025-08-27,2809876.0,2025-08-29
F007983,C0416,2025-08-13,2025-09-12,4132947.0,2025-09-13
F007984,C0416,2025-10-11,2025-11-10,3937056.0,2025-11-11
F007985,C0416,2025-10-17,2025-11-16,2151665.0,2025-11-19
F007986,C0416,2025-10-27,2025-11-26,3417821.0,2025-11-26
F007987,C0416,2025-11-08,2025-12-08,2972294.0,2025-12-09
F007988,C0416,2025-11-28,2025-12-28,3243490.0,2025-12-29
F007989,C0416,2025-11-02,2025-12-02,4035676.0,2025-12-03
F007990,C0416,2025-12-16,2026-01-15,2384140.0,2026-01-15
F007991,C0416,2025-12-16,2026-01-15,2329047.0,2026-01-15
F007992,C0416,2025-12-24,2026-01-23,2448388.0,2026-01-23
F007993,C0416,2026-01-27,2026-02-26,2431669.0,2026-02-27
F007994,C0416,2026-02-09,2026-03-11,3674767.0,2026-03-11
F007995,C0416,2026-03-04,2026-04-03,2325691.0,2026-04-03
F007996,C0416,2026-04-01,2026-05-01,2372270.0,2026-05-01
F007997,C0416,2026-05-06,2026-06-05,3836905.0,2026-06-11
F007998,C0416,2026-05-07,2026-06-06,2562796.0,2026-06-06
F007999,C0416,2026-05-09,2026-06-08,2943706.0,2026-06-08
F008000,C0416,2026-06-22,2026-07-22,3276253.0,2026-07-24
F008001,C0416,2026-06-17,2026-07-17,3266801.0,
F008002,C0416,2026-08-13,2026-09-12,5719508.0,
F008003,C0416,2026-08-12,2026-09-11,4249640.0,
F008004,C0416,2026-08-09,2026-09-08,2971508.0,
F008005,C0417,2025-07-03,2025-08-02,598759.0,2025-08-02
F008006,C0417,2025-07-18,2025-08-17,1222077.0,2025-08-17
F008007,C0417,2025-08-10,2025-09-09,567353.0,2025-09-10
F008008,C0417,2025-08-27,2025-09-26,830911.0,2025-09-30
F008009,C0417,2025-08-08,2025-09-07,411014.0,2025-09-07
F008010,C0417,2025-09-04,2025-10-04,782472.0,2025-10-10
F008011,C0417,2025-10-04,2025-11-03,551072.0,2025-11-05
F008012,C0417,2025-10-10,2025-11-09,973928.0,2025-11-13
F008013,C0417,2025-11-19,2025-12-19,864873.0,2025-12-21
F008014,C0417,2025-12-24,2026-01-23,329303.0,2026-01-24
F008015,C0417,2025-12-04,2026-01-03,609269.0,2026-01-06
F008016,C0417,2026-01-07,2026-02-06,1164969.0,2026-02-07
F008017,C0417,2026-01-20,2026-02-19,962945.0,2026-02-20
F008018,C0417,2026-02-10,2026-03-12,609166.0,2026-03-13
F008019,C0417,2026-02-09,2026-03-11,858094.0,
F008020,C0417,2026-02-03,2026-03-05,732165.0,2026-03-07
F008021,C0417,2026-03-19,2026-04-18,399365.0,2026-04-20
F008022,C0417,2026-03-09,2026-04-08,1266736.0,
F008023,C0417,2026-03-07,2026-04-06,711310.0,2026-04-11
F008024,C0417,2026-04-25,2026-05-25,777242.0,
F008025,C0417,2026-04-15,2026-05-15,610393.0,2026-05-16
F008026,C0417,2026-04-14,2026-05-14,333801.0,2026-05-17
F008027,C0417,2026-05-05,2026-06-04,460714.0,
F008028,C0417,2026-06-26,2026-07-26,461408.0,2026-07-28
F008029,C0417,2026-06-10,2026-07-10,1508673.0,2026-07-12
F008030,C0417,2026-06-23,2026-07-23,1522042.0,2026-07-25
F008031,C0417,2026-07-23,2026-08-22,699244.0,2026-08-28
F008032,C0417,2026-08-12,2026-09-11,670920.0,
F008033,C0417,2026-08-16,2026-09-15,707462.0,
F008034,C0418,2025-07-18,2025-08-17,665502.0,2025-08-17
F008035,C0418,2025-07-24,2025-08-23,448845.0,2025-08-23
F008036,C0418,2025-08-17,2025-09-16,1270108.0,2025-09-16
F008037,C0418,2025-10-25,2025-11-24,878871.0,2025-11-24
F008038,C0418,2025-10-24,2025-11-23,808608.0,2025-11-23
F008039,C0418,2025-10-09,2025-11-08,808280.0,2025-11-08
F008040,C0418,2025-12-18,2026-01-17,1106573.0,2026-01-17
F008041,C0418,2025-12-06,2026-01-05,1400993.0,
F008042,C0418,2025-12-12,2026-01-11,1424205.0,2026-01-11
F008043,C0418,2026-02-22,2026-03-24,1011696.0,2026-03-25
F008044,C0418,2026-03-02,2026-04-01,887381.0,2026-04-01
F008045,C0418,2026-03-10,2026-04-09,870571.0,2026-04-09
F008046,C0418,2026-04-05,2026-05-05,1299620.0,2026-05-05
F008047,C0418,2026-05-01,2026-05-31,1529573.0,2026-05-31
F008048,C0418,2026-05-27,2026-06-26,838515.0,2026-06-26
F008049,C0418,2026-07-21,2026-08-20,1139166.0,2026-08-20
F008050,C0418,2026-07-04,2026-08-03,830680.0,2026-08-03
F008051,C0418,2026-07-11,2026-08-10,729039.0,2026-08-10
F008052,C0419,2025-07-24,2025-08-23,2013167.0,2025-08-25
F008053,C0419,2025-07-15,2025-08-14,1262471.0,2025-08-15
F008054,C0419,2025-07-03,2025-08-02,1219530.0,2025-08-05
F008055,C0419,2025-08-06,2025-09-05,1814121.0,2025-09-05
F008056,C0419,2025-08-10,2025-09-09,1128565.0,2025-09-09
F008057,C0419,2025-08-11,2025-09-10,1012300.0,2025-09-10
F008058,C0419,2025-10-12,2025-11-11,1486915.0,2025-11-12
F008059,C0419,2025-12-11,2026-01-10,1976833.0,2026-01-11
F008060,C0419,2025-12-20,2026-01-19,1068632.0,2026-01-19
F008061,C0419,2025-12-16,2026-01-15,1447853.0,2026-01-18
F008062,C0419,2026-02-16,2026-03-18,1298403.0,
F008063,C0419,2026-03-21,2026-04-20,1194365.0,2026-04-21
F008064,C0419,2026-05-27,2026-06-26,1084853.0,2026-06-28
F008065,C0419,2026-05-21,2026-06-20,1993211.0,2026-06-20
F008066,C0419,2026-06-17,2026-07-17,1068378.0,2026-07-21
F008067,C0419,2026-06-02,2026-07-02,1498320.0,2026-07-11
F008068,C0419,2026-06-04,2026-07-04,1199562.0,2026-07-05
F008069,C0419,2026-07-14,2026-08-13,1020794.0,2026-08-14
F008070,C0419,2026-07-17,2026-08-16,1746279.0,2026-08-16
F008071,C0420,2025-07-12,2025-08-11,865598.0,2025-08-11
F008072,C0420,2025-09-04,2025-10-04,757736.0,2025-10-04
F008073,C0420,2025-09-13,2025-10-13,464276.0,2025-10-13
F008074,C0420,2025-10-21,2025-11-20,2203946.0,2025-11-20
F008075,C0420,2025-10-24,2025-11-23,581455.0,2025-11-23
F008076,C0420,2025-11-18,2025-12-18,856225.0,2025-12-18
F008077,C0420,2026-01-06,2026-02-05,1026149.0,
F008078,C0420,2026-02-09,2026-03-11,1213966.0,2026-03-12
F008079,C0420,2026-02-05,2026-03-07,1379928.0,2026-03-07
F008080,C0420,2026-02-23,2026-03-25,1252554.0,2026-03-25
F008081,C0420,2026-05-08,2026-06-07,1045091.0,2026-06-07
F008082,C0420,2026-05-11,2026-06-10,592159.0,2026-06-12
F008083,C0420,2026-05-06,2026-06-05,867512.0,
F008084,C0420,2026-06-04,2026-07-04,1333324.0,2026-07-04
F008085,C0420,2026-06-11,2026-07-11,1337949.0,
F008086,C0420,2026-07-10,2026-08-09,1068472.0,2026-08-09
F008087,C0420,2026-08-19,2026-09-18,1403150.0,
F008088,C0420,2026-08-16,2026-09-15,1389167.0,
F008089,C0420,2026-08-24,2026-09-23,1057804.0,
F008090,C0421,2025-07-15,2025-08-14,2308133.0,2025-08-14
F008091,C0421,2025-07-12,2025-08-11,3800154.0,2025-08-11
F008092,C0421,2025-07-06,2025-08-05,2272279.0,2025-08-06
F008093,C0421,2025-08-12,2025-09-11,1452989.0,2025-09-11
F008094,C0421,2025-08-07,2025-09-06,2067751.0,2025-09-06
F008095,C0421,2025-09-16,2025-10-16,1204164.0,2025-10-16
F008096,C0421,2025-10-28,2025-11-27,1768922.0,2025-11-28
F008097,C0421,2025-11-04,2025-12-04,1538021.0,2025-12-04
F008098,C0421,2025-11-03,2025-12-03,1663137.0,2025-12-04
F008099,C0421,2025-12-12,2026-01-11,2346573.0,2026-01-11
F008100,C0421,2025-12-13,2026-01-12,4869018.0,2026-01-12
F008101,C0421,2025-12-21,2026-01-20,3309158.0,2026-01-20
F008102,C0421,2026-01-06,2026-02-05,2451166.0,2026-02-05
F008103,C0421,2026-02-03,2026-03-05,976906.0,2026-03-06
F008104,C0421,2026-02-12,2026-03-14,2351563.0,2026-03-16
F008105,C0421,2026-02-03,2026-03-05,1668543.0,2026-03-05
F008106,C0421,2026-03-24,2026-04-23,2195452.0,2026-04-23
F008107,C0421,2026-03-13,2026-04-12,1765119.0,
F008108,C0421,2026-04-09,2026-05-09,1776302.0,2026-05-09
F008109,C0421,2026-04-07,2026-05-07,3068437.0,2026-05-07
F008110,C0421,2026-06-09,2026-07-09,2450755.0,2026-07-10
F008111,C0421,2026-07-24,2026-08-23,1923872.0,2026-08-26
F008112,C0421,2026-07-19,2026-08-18,1478243.0,2026-08-20
F008113,C0422,2025-07-20,2025-08-19,2030062.0,2025-08-25
F008114,C0422,2025-08-04,2025-09-03,3654852.0,2025-09-03
F008115,C0422,2025-08-26,2025-09-25,1801256.0,2025-09-26
F008116,C0422,2025-08-18,2025-09-17,1885293.0,2025-09-22
F008117,C0422,2025-09-06,2025-10-06,1896884.0,2025-10-07
F008118,C0422,2025-09-13,2025-10-13,1504247.0,2025-10-20
F008119,C0422,2025-09-20,2025-10-20,1854179.0,2025-10-25
F008120,C0422,2025-10-25,2025-11-24,1367290.0,2025-12-01
F008121,C0422,2026-01-24,2026-02-23,1303751.0,2026-02-26
F008122,C0422,2026-01-03,2026-02-02,1617087.0,2026-02-10
F008123,C0422,2026-03-19,2026-04-18,2017393.0,2026-04-18
F008124,C0422,2026-03-28,2026-04-27,1828894.0,2026-05-01
F008125,C0422,2026-04-14,2026-05-14,1621931.0,2026-05-18
F008126,C0422,2026-04-20,2026-05-20,2428945.0,2026-05-23
F008127,C0422,2026-05-07,2026-06-06,2409609.0,2026-06-06
F008128,C0422,2026-05-18,2026-06-17,1558511.0,2026-06-20
F008129,C0422,2026-08-11,2026-09-10,1273006.0,
F008130,C0423,2025-07-27,2025-08-26,1260928.0,2025-08-27
F008131,C0423,2025-07-16,2025-08-15,1338209.0,2025-08-17
F008132,C0423,2025-07-26,2025-08-25,1720806.0,2025-08-26
F008133,C0423,2025-08-08,2025-09-07,985044.0,2025-09-07
F008134,C0423,2025-08-24,2025-09-23,1886817.0,2025-09-25
F008135,C0423,2025-09-03,2025-10-03,988246.0,2025-10-05
F008136,C0423,2025-09-19,2025-10-19,1393038.0,2025-10-21
F008137,C0423,2025-10-11,2025-11-10,1251003.0,2025-11-14
F008138,C0423,2025-12-10,2026-01-09,1067941.0,2026-01-10
F008139,C0423,2026-01-05,2026-02-04,2404872.0,2026-02-04
F008140,C0423,2026-01-03,2026-02-02,1748893.0,2026-02-05
F008141,C0423,2026-01-14,2026-02-13,1503217.0,2026-02-13
F008142,C0423,2026-02-27,2026-03-29,2415423.0,2026-03-30
F008143,C0423,2026-03-12,2026-04-11,1096967.0,2026-04-13
F008144,C0423,2026-03-07,2026-04-06,787776.0,
F008145,C0423,2026-04-09,2026-05-09,2175168.0,2026-05-09
F008146,C0423,2026-04-15,2026-05-15,1960058.0,2026-05-16
F008147,C0423,2026-05-08,2026-06-07,1868506.0,2026-06-10
F008148,C0423,2026-07-10,2026-08-09,1632498.0,2026-08-11
F008149,C0423,2026-08-19,2026-09-18,874969.0,
F008150,C0423,2026-08-17,2026-09-16,2438600.0,
F008151,C0423,2026-08-02,2026-09-01,1706132.0,
F008152,C0424,2025-07-21,2025-08-20,1893542.0,2025-08-21
F008153,C0424,2025-07-18,2025-08-17,1669652.0,2025-08-18
F008154,C0424,2025-08-12,2025-09-11,2166311.0,
F008155,C0424,2025-08-02,2025-09-01,1597175.0,2025-09-08
F008156,C0424,2025-09-07,2025-10-07,3257506.0,2025-10-09
F008157,C0424,2025-10-13,2025-11-12,1900928.0,2025-11-12
F008158,C0424,2025-12-14,2026-01-13,1660046.0,2026-01-14
F008159,C0424,2026-01-03,2026-02-02,1066573.0,2026-02-03
F008160,C0424,2026-02-04,2026-03-06,2354037.0,2026-03-11
F008161,C0424,2026-02-20,2026-03-22,1651795.0,2026-03-23
F008162,C0424,2026-03-15,2026-04-14,1380811.0,
F008163,C0424,2026-03-02,2026-04-01,2206352.0,2026-04-01
F008164,C0424,2026-03-05,2026-04-04,2051639.0,2026-04-07
F008165,C0424,2026-04-04,2026-05-04,1736596.0,2026-05-09
F008166,C0424,2026-04-25,2026-05-25,1126836.0,2026-05-28
F008167,C0424,2026-05-24,2026-06-23,2274164.0,2026-06-23
F008168,C0424,2026-05-11,2026-06-10,902208.0,2026-06-10
F008169,C0424,2026-06-12,2026-07-12,2333703.0,2026-07-13
F008170,C0424,2026-06-06,2026-07-06,1346103.0,2026-07-08
F008171,C0424,2026-06-03,2026-07-03,1133279.0,2026-07-04
F008172,C0424,2026-07-26,2026-08-25,1438251.0,2026-08-29
F008173,C0424,2026-07-26,2026-08-25,2193999.0,2026-08-25
F008174,C0424,2026-08-24,2026-09-23,1064177.0,
F008175,C0424,2026-08-18,2026-09-17,2304425.0,
F008176,C0424,2026-08-20,2026-09-19,1989588.0,
F008177,C0425,2025-07-07,2025-08-06,1102761.0,2025-08-06
F008178,C0425,2025-07-18,2025-08-17,1183167.0,2025-08-18
F008179,C0425,2025-08-05,2025-09-04,1073094.0,2025-09-05
F008180,C0425,2025-10-04,2025-11-03,696929.0,2025-11-03
F008181,C0425,2025-10-04,2025-11-03,849797.0,2025-11-03
F008182,C0425,2025-11-16,2025-12-16,1294090.0,2025-12-20
F008183,C0425,2025-12-12,2026-01-11,1787903.0,
F008184,C0425,2026-02-15,2026-03-17,1271338.0,2026-03-24
F008185,C0425,2026-02-12,2026-03-14,1553952.0,2026-03-16
F008186,C0425,2026-03-20,2026-04-19,1577186.0,2026-04-21
F008187,C0425,2026-06-06,2026-07-06,1162090.0,
F008188,C0425,2026-08-06,2026-09-05,1180948.0,
F008189,C0425,2026-08-12,2026-09-11,641943.0,
F008190,C0425,2026-08-20,2026-09-19,1319651.0,
F008191,C0426,2025-08-05,2025-09-04,1944823.0,2025-09-04
F008192,C0426,2025-08-27,2025-09-26,889836.0,2025-09-28
F008193,C0426,2025-08-08,2025-09-07,1230730.0,2025-09-08
F008194,C0426,2025-10-21,2025-11-20,1653794.0,
F008195,C0426,2025-12-26,2026-01-25,1339511.0,2026-01-25
F008196,C0426,2026-03-24,2026-04-23,467818.0,2026-04-23
F008197,C0426,2026-03-20,2026-04-19,2067378.0,2026-04-19
F008198,C0426,2026-03-04,2026-04-03,2054802.0,2026-04-05
F008199,C0426,2026-04-08,2026-05-08,1407485.0,2026-05-08
F008200,C0426,2026-04-14,2026-05-14,1585956.0,2026-05-17
F008201,C0426,2026-05-24,2026-06-23,1895448.0,2026-06-23
F008202,C0426,2026-06-11,2026-07-11,1123615.0,2026-07-11
F008203,C0427,2025-07-08,2025-08-07,1098384.0,2025-08-07
F008204,C0427,2025-07-12,2025-08-11,1618378.0,2025-08-11
F008205,C0427,2025-07-08,2025-08-07,1442831.0,2025-08-07
F008206,C0427,2025-08-09,2025-09-08,2460476.0,2025-09-08
F008207,C0427,2025-08-14,2025-09-13,1594268.0,2025-09-14
F008208,C0427,2025-09-24,2025-10-24,3265550.0,2025-10-24
F008209,C0427,2025-10-13,2025-11-12,1783699.0,2025-11-13
F008210,C0427,2025-10-22,2025-11-21,1529089.0,2025-11-21
F008211,C0427,2025-10-15,2025-11-14,1703993.0,2025-11-14
F008212,C0427,2025-11-24,2025-12-24,1811786.0,2025-12-24
F008213,C0427,2025-11-03,2025-12-03,2448181.0,2025-12-03
F008214,C0427,2025-12-22,2026-01-21,966176.0,2026-01-21
F008215,C0427,2026-01-25,2026-02-24,2481629.0,2026-02-24
F008216,C0427,2026-02-22,2026-03-24,3095304.0,2026-03-25
F008217,C0427,2026-03-18,2026-04-17,1275093.0,2026-04-17
F008218,C0427,2026-03-14,2026-04-13,2028335.0,2026-04-14
F008219,C0427,2026-04-01,2026-05-01,1551787.0,2026-05-01
F008220,C0427,2026-04-15,2026-05-15,1990185.0,2026-05-15
F008221,C0427,2026-05-08,2026-06-07,1854150.0,2026-06-07
F008222,C0427,2026-05-18,2026-06-17,2037351.0,2026-06-17
F008223,C0427,2026-06-05,2026-07-05,1659785.0,2026-07-06
F008224,C0427,2026-07-23,2026-08-22,1445852.0,2026-08-22
F008225,C0427,2026-07-07,2026-08-06,1399960.0,2026-08-06
F008226,C0427,2026-08-20,2026-09-19,1140024.0,
F008227,C0428,2025-07-16,2025-08-15,405257.0,2025-08-17
F008228,C0428,2025-07-09,2025-08-08,621133.0,2025-08-08
F008229,C0428,2025-10-27,2025-11-26,435412.0,2025-11-26
F008230,C0428,2025-11-16,2025-12-16,685737.0,2025-12-16
F008231,C0428,2025-12-05,2026-01-04,432424.0,
F008232,C0428,2026-01-10,2026-02-09,303071.0,2026-02-14
F008233,C0428,2026-01-10,2026-02-09,413091.0,2026-02-12
F008234,C0428,2026-02-13,2026-03-15,506554.0,
F008235,C0428,2026-02-25,2026-03-27,439293.0,2026-03-28
F008236,C0428,2026-02-21,2026-03-23,384292.0,
F008237,C0428,2026-04-21,2026-05-21,274675.0,2026-05-22
F008238,C0428,2026-05-06,2026-06-05,296941.0,2026-06-05
F008239,C0428,2026-05-26,2026-06-25,418834.0,2026-06-26
F008240,C0428,2026-06-11,2026-07-11,656055.0,2026-07-16
F008241,C0428,2026-07-08,2026-08-07,810903.0,2026-08-08
F008242,C0428,2026-07-04,2026-08-03,342810.0,2026-08-05
F008243,C0428,2026-08-09,2026-09-08,721795.0,
F008244,C0428,2026-08-02,2026-09-01,839241.0,
F008245,C0429,2025-07-12,2025-08-11,1411652.0,2025-08-12
F008246,C0429,2025-07-17,2025-08-16,1573835.0,2025-08-16
F008247,C0429,2025-08-03,2025-09-02,1474114.0,2025-09-03
F008248,C0429,2025-08-15,2025-09-14,1639577.0,2025-09-14
F008249,C0429,2025-09-01,2025-10-01,1636734.0,2025-10-01
F008250,C0429,2025-09-27,2025-10-27,1607007.0,
F008251,C0429,2025-09-23,2025-10-23,1761405.0,2025-10-23
F008252,C0429,2025-10-22,2025-11-21,1083099.0,2025-11-23
F008253,C0429,2025-10-11,2025-11-10,1851637.0,2025-11-12
F008254,C0429,2025-10-10,2025-11-09,1251016.0,2025-11-09
F008255,C0429,2025-11-20,2025-12-20,1348539.0,2025-12-24
F008256,C0429,2025-11-11,2025-12-11,1568641.0,2025-12-13
F008257,C0429,2025-11-18,2025-12-18,2411500.0,2025-12-19
F008258,C0429,2025-12-24,2026-01-23,1814759.0,2026-01-23
F008259,C0429,2025-12-17,2026-01-16,2343784.0,2026-01-18
F008260,C0429,2026-01-16,2026-02-15,1452060.0,2026-02-15
F008261,C0429,2026-02-23,2026-03-25,2322893.0,2026-03-26
F008262,C0429,2026-02-11,2026-03-13,1535807.0,2026-03-13
F008263,C0429,2026-02-09,2026-03-11,1926351.0,2026-03-11
F008264,C0429,2026-03-27,2026-04-26,1445314.0,2026-04-28
F008265,C0429,2026-04-28,2026-05-28,1647083.0,2026-05-28
F008266,C0429,2026-04-18,2026-05-18,1900413.0,2026-05-19
F008267,C0429,2026-04-01,2026-05-01,1732345.0,2026-05-02
F008268,C0429,2026-05-16,2026-06-15,1386782.0,2026-06-19
F008269,C0429,2026-06-22,2026-07-22,1920435.0,2026-07-24
F008270,C0429,2026-07-18,2026-08-17,2302058.0,2026-08-17
F008271,C0429,2026-08-27,2026-09-26,1502869.0,
F008272,C0429,2026-08-16,2026-09-15,1292252.0,
F008273,C0430,2025-07-25,2025-08-24,1173539.0,2025-08-24
F008274,C0430,2025-08-24,2025-09-23,1311472.0,2025-09-23
F008275,C0430,2025-08-23,2025-09-22,2514035.0,2025-09-22
F008276,C0430,2025-08-26,2025-09-25,2744554.0,2025-09-25
F008277,C0430,2025-10-10,2025-11-09,2174441.0,2025-11-10
F008278,C0430,2025-10-10,2025-11-09,1884996.0,2025-11-09
F008279,C0430,2025-10-12,2025-11-11,1594681.0,2025-11-11
F008280,C0430,2026-02-18,2026-03-20,2314727.0,2026-03-20
F008281,C0430,2026-02-01,2026-03-03,2459387.0,2026-03-03
F008282,C0430,2026-03-24,2026-04-23,1484446.0,2026-04-23
F008283,C0430,2026-05-12,2026-06-11,1851572.0,2026-06-12
F008284,C0430,2026-05-16,2026-06-15,2078220.0,2026-06-15
F008285,C0430,2026-05-05,2026-06-04,2712061.0,2026-06-05
F008286,C0431,2025-08-03,2025-09-02,449521.0,2025-09-02
F008287,C0431,2025-10-03,2025-11-02,849193.0,2025-11-02
F008288,C0431,2025-12-25,2026-01-24,761040.0,2026-01-24
F008289,C0431,2026-01-05,2026-02-04,890287.0,2026-02-04
F008290,C0431,2026-01-05,2026-02-04,1254960.0,2026-02-04
F008291,C0431,2026-02-05,2026-03-07,846907.0,2026-03-07
F008292,C0431,2026-03-24,2026-04-23,800453.0,2026-04-23
F008293,C0431,2026-04-04,2026-05-04,454747.0,2026-05-04
F008294,C0431,2026-04-22,2026-05-22,591880.0,2026-05-22
F008295,C0431,2026-06-11,2026-07-11,494349.0,2026-07-11
F008296,C0431,2026-06-15,2026-07-15,421018.0,2026-07-15
F008297,C0431,2026-06-28,2026-07-28,527624.0,2026-07-28
F008298,C0431,2026-07-15,2026-08-14,1035833.0,2026-08-14
F008299,C0431,2026-08-02,2026-09-01,793117.0,
F008300,C0431,2026-08-18,2026-09-17,734277.0,
F008301,C0432,2025-08-22,2025-09-21,1177369.0,2025-09-22
F008302,C0432,2025-08-13,2025-09-12,638133.0,2025-09-13
F008303,C0432,2025-09-24,2025-10-24,1322721.0,2025-10-27
F008304,C0432,2025-10-03,2025-11-02,1405634.0,2025-11-05
F008305,C0432,2025-10-15,2025-11-14,2888312.0,2025-11-15
F008306,C0432,2025-10-02,2025-11-01,1297299.0,2025-11-03
F008307,C0432,2025-11-22,2025-12-22,2491206.0,
F008308,C0432,2025-11-27,2025-12-27,2070694.0,
F008309,C0432,2026-01-16,2026-02-15,1175687.0,2026-02-17
F008310,C0432,2026-01-21,2026-02-20,1867030.0,2026-02-21
F008311,C0432,2026-01-14,2026-02-13,1840366.0,2026-02-14
F008312,C0432,2026-02-02,2026-03-04,1562967.0,2026-03-05
F008313,C0432,2026-02-19,2026-03-21,1393330.0,2026-03-21
F008314,C0432,2026-02-23,2026-03-25,1503007.0,2026-03-26
F008315,C0432,2026-03-27,2026-04-26,1416959.0,2026-04-27
F008316,C0432,2026-03-21,2026-04-20,1057800.0,2026-04-20
F008317,C0432,2026-04-11,2026-05-11,1509897.0,2026-05-12
F008318,C0432,2026-04-18,2026-05-18,1384973.0,2026-05-18
F008319,C0432,2026-05-10,2026-06-09,2470857.0,2026-06-09
F008320,C0432,2026-05-15,2026-06-14,1263049.0,2026-06-15
F008321,C0432,2026-05-01,2026-05-31,1222675.0,2026-05-31
F008322,C0432,2026-06-19,2026-07-19,1737570.0,2026-07-21
F008323,C0432,2026-06-03,2026-07-03,1692329.0,2026-07-04
F008324,C0432,2026-06-27,2026-07-27,1512695.0,2026-07-29
F008325,C0432,2026-08-13,2026-09-12,1285256.0,
F008326,C0432,2026-08-04,2026-09-03,1378691.0,
F008327,C0432,2026-08-03,2026-09-02,1497368.0,
F008328,C0433,2025-09-02,2025-10-02,957189.0,2025-10-02
F008329,C0433,2025-10-07,2025-11-06,1304138.0,2025-11-08
F008330,C0433,2025-10-06,2025-11-05,950078.0,2025-11-08
F008331,C0433,2025-11-16,2025-12-16,1754180.0,2025-12-19
F008332,C0433,2025-11-11,2025-12-11,1260735.0,2025-12-13
F008333,C0433,2025-11-13,2025-12-13,1694603.0,2025-12-23
F008334,C0433,2025-12-12,2026-01-11,1014570.0,2026-01-15
F008335,C0433,2026-01-23,2026-02-22,649831.0,2026-02-26
F008336,C0433,2026-02-01,2026-03-03,1712921.0,2026-03-08
F008337,C0433,2026-04-23,2026-05-23,1266588.0,2026-05-23
F008338,C0433,2026-04-26,2026-05-26,802967.0,2026-06-08
F008339,C0433,2026-06-12,2026-07-12,1621289.0,
F008340,C0433,2026-06-09,2026-07-09,688979.0,
F008341,C0433,2026-07-03,2026-08-02,689686.0,2026-08-05
F008342,C0433,2026-07-12,2026-08-11,1531039.0,2026-08-16
F008343,C0433,2026-08-19,2026-09-18,1133793.0,
F008344,C0434,2025-09-27,2025-10-27,1224801.0,2025-10-28
F008345,C0434,2025-10-11,2025-11-10,1268768.0,2025-11-10
F008346,C0434,2025-10-25,2025-11-24,1105529.0,2025-11-25
F008347,C0434,2025-10-06,2025-11-05,1261361.0,2025-11-05
F008348,C0434,2025-11-13,2025-12-13,763624.0,2025-12-14
F008349,C0434,2026-01-16,2026-02-15,1719819.0,2026-02-15
F008350,C0434,2026-01-11,2026-02-10,2116532.0,2026-02-11
F008351,C0434,2026-01-20,2026-02-19,1353800.0,2026-02-20
F008352,C0434,2026-03-20,2026-04-19,2077154.0,2026-04-20
F008353,C0434,2026-03-27,2026-04-26,1126710.0,2026-04-27
F008354,C0434,2026-03-16,2026-04-15,1364912.0,2026-04-16
F008355,C0434,2026-04-04,2026-05-04,2916628.0,2026-05-05
F008356,C0434,2026-04-11,2026-05-11,1775968.0,2026-05-11
F008357,C0434,2026-04-19,2026-05-19,1290357.0,2026-05-21
F008358,C0434,2026-06-20,2026-07-20,636803.0,2026-07-23
F008359,C0434,2026-06-18,2026-07-18,1417752.0,2026-07-18
F008360,C0434,2026-06-01,2026-07-01,1626409.0,2026-07-01
F008361,C0434,2026-07-13,2026-08-12,1216914.0,2026-08-15
F008362,C0434,2026-07-26,2026-08-25,1359796.0,2026-08-26
F008363,C0435,2025-07-16,2025-08-15,1545250.0,2025-08-15
F008364,C0435,2025-07-08,2025-08-07,1054222.0,2025-08-07
F008365,C0435,2025-10-22,2025-11-21,625228.0,2025-11-21
F008366,C0435,2025-11-04,2025-12-04,2531994.0,2025-12-04
F008367,C0435,2025-11-12,2025-12-12,1154500.0,2025-12-16
F008368,C0435,2025-11-06,2025-12-06,634530.0,2025-12-06
F008369,C0435,2025-12-08,2026-01-07,965540.0,2026-01-11
F008370,C0435,2025-12-06,2026-01-05,1206510.0,2026-01-08
F008371,C0435,2026-01-18,2026-02-17,994915.0,2026-02-17
F008372,C0435,2026-01-08,2026-02-07,1309526.0,2026-02-08
F008373,C0435,2026-02-13,2026-03-15,824935.0,2026-03-15
F008374,C0435,2026-02-10,2026-03-12,814668.0,2026-03-12
F008375,C0435,2026-02-09,2026-03-11,2014690.0,2026-03-11
F008376,C0435,2026-03-12,2026-04-11,1324383.0,2026-04-11
F008377,C0435,2026-03-15,2026-04-14,944625.0,2026-04-17
F008378,C0435,2026-03-01,2026-03-31,825381.0,2026-03-31
F008379,C0435,2026-05-21,2026-06-20,1163231.0,2026-06-20
F008380,C0435,2026-06-10,2026-07-10,1196728.0,2026-07-10
F008381,C0435,2026-07-28,2026-08-27,578510.0,2026-08-29
F008382,C0435,2026-07-16,2026-08-15,1616700.0,2026-08-16
F008383,C0435,2026-07-16,2026-08-15,2032741.0,2026-08-15
F008384,C0436,2025-07-23,2025-08-22,2141655.0,2025-08-22
F008385,C0436,2025-07-04,2025-08-03,2610571.0,2025-08-03
F008386,C0436,2025-07-14,2025-08-13,3294825.0,2025-08-13
F008387,C0436,2025-08-20,2025-09-19,1669930.0,2025-09-19
F008388,C0436,2025-09-03,2025-10-03,2323812.0,2025-10-03
F008389,C0436,2025-10-07,2025-11-06,1757265.0,2025-11-06
F008390,C0436,2025-10-11,2025-11-10,1157728.0,2025-11-11
F008391,C0436,2025-11-02,2025-12-02,1499036.0,2025-12-03
F008392,C0436,2025-12-03,2026-01-02,1189014.0,2026-01-02
F008393,C0436,2025-12-19,2026-01-18,1994290.0,2026-01-18
F008394,C0436,2026-01-12,2026-02-11,3005110.0,2026-02-11
F008395,C0436,2026-02-18,2026-03-20,1506720.0,2026-03-21
F008396,C0436,2026-02-25,2026-03-27,2258224.0,2026-03-27
F008397,C0436,2026-02-03,2026-03-05,3815132.0,2026-03-06
F008398,C0436,2026-03-21,2026-04-20,2194999.0,2026-04-20
F008399,C0436,2026-03-25,2026-04-24,2330809.0,2026-04-24
F008400,C0436,2026-04-09,2026-05-09,1593909.0,2026-05-09
F008401,C0436,2026-04-10,2026-05-10,1889091.0,2026-05-10
F008402,C0436,2026-04-26,2026-05-26,3165224.0,2026-05-26
F008403,C0436,2026-05-25,2026-06-24,2042200.0,2026-06-24
F008404,C0436,2026-05-04,2026-06-03,3600781.0,2026-06-03
F008405,C0436,2026-05-23,2026-06-22,2497328.0,
F008406,C0436,2026-06-08,2026-07-08,1605313.0,2026-07-08
F008407,C0436,2026-07-27,2026-08-26,3252985.0,2026-08-28
F008408,C0436,2026-07-07,2026-08-06,2808900.0,2026-08-06
F008409,C0436,2026-08-05,2026-09-04,2198856.0,
F008410,C0436,2026-08-06,2026-09-05,1485196.0,
F008411,C0436,2026-08-04,2026-09-03,2802066.0,
F008412,C0437,2025-07-15,2025-08-14,6091197.0,2025-08-18
F008413,C0437,2025-07-27,2025-08-26,6904630.0,2025-08-27
F008414,C0437,2025-07-25,2025-08-24,5744667.0,2025-08-26
F008415,C0437,2025-08-28,2025-09-27,15402399.0,2025-09-27
F008416,C0437,2025-09-06,2025-10-06,7584966.0,2025-10-06
F008417,C0437,2025-09-02,2025-10-02,12584993.0,2025-10-02
F008418,C0437,2025-11-07,2025-12-07,12075987.0,2025-12-07
F008419,C0437,2025-11-12,2025-12-12,10151901.0,2025-12-12
F008420,C0437,2025-12-03,2026-01-02,5238636.0,2026-01-04
F008421,C0437,2025-12-27,2026-01-26,4568701.0,2026-01-28
F008422,C0437,2025-12-17,2026-01-16,6317321.0,2026-01-16
F008423,C0437,2026-01-20,2026-02-19,9137211.0,2026-02-19
F008424,C0437,2026-01-16,2026-02-15,6291796.0,2026-02-15
F008425,C0437,2026-02-16,2026-03-18,5966475.0,2026-03-18
F008426,C0437,2026-02-08,2026-03-10,9826457.0,2026-03-11
F008427,C0437,2026-02-08,2026-03-10,11084725.0,2026-03-10
F008428,C0437,2026-03-23,2026-04-22,10919422.0,2026-04-22
F008429,C0437,2026-04-05,2026-05-05,5951670.0,2026-05-06
F008430,C0437,2026-05-05,2026-06-04,9655203.0,2026-06-05
F008431,C0437,2026-05-05,2026-06-04,7318540.0,2026-06-04
F008432,C0437,2026-06-03,2026-07-03,5401966.0,2026-07-07
F008433,C0437,2026-07-24,2026-08-23,7572669.0,2026-08-23
F008434,C0437,2026-07-28,2026-08-27,6042533.0,2026-08-27
F008435,C0437,2026-07-21,2026-08-20,4613754.0,2026-08-21
F008436,C0437,2026-08-23,2026-09-22,6905972.0,
F008437,C0437,2026-08-24,2026-09-23,5060394.0,
F008438,C0438,2025-08-10,2025-09-09,783796.0,
F008439,C0438,2025-08-03,2025-09-02,464989.0,2025-09-02
F008440,C0438,2025-08-02,2025-09-01,451117.0,2025-09-02
F008441,C0438,2025-09-05,2025-10-05,939716.0,2025-10-07
F008442,C0438,2025-09-09,2025-10-09,770969.0,2025-10-09
F008443,C0438,2025-09-25,2025-10-25,532639.0,2025-10-27
F008444,C0438,2025-10-07,2025-11-06,519888.0,2025-11-09
F008445,C0438,2025-10-18,2025-11-17,1304119.0,2025-11-20
F008446,C0438,2025-11-12,2025-12-12,490934.0,2025-12-13
F008447,C0438,2025-11-16,2025-12-16,629241.0,2025-12-16
F008448,C0438,2025-11-28,2025-12-28,678722.0,2025-12-28
F008449,C0438,2025-12-03,2026-01-02,404539.0,2026-01-03
F008450,C0438,2025-12-09,2026-01-08,382977.0,2026-01-11
F008451,C0438,2026-01-08,2026-02-07,600928.0,2026-02-10
F008452,C0438,2026-01-14,2026-02-13,971661.0,2026-02-13
F008453,C0438,2026-02-08,2026-03-10,1424577.0,2026-03-10
F008454,C0438,2026-03-04,2026-04-03,730417.0,2026-04-03
F008455,C0438,2026-04-06,2026-05-06,822849.0,2026-05-06
F008456,C0438,2026-04-18,2026-05-18,700553.0,2026-05-21
F008457,C0438,2026-04-07,2026-05-07,773319.0,2026-05-09
F008458,C0438,2026-05-20,2026-06-19,596824.0,2026-06-19
F008459,C0438,2026-05-19,2026-06-18,587821.0,2026-06-20
F008460,C0438,2026-06-05,2026-07-05,454517.0,2026-07-09
F008461,C0438,2026-06-25,2026-07-25,682433.0,2026-07-29
F008462,C0438,2026-06-22,2026-07-22,510989.0,2026-07-22
F008463,C0438,2026-07-12,2026-08-11,787919.0,2026-08-12
F008464,C0438,2026-07-16,2026-08-15,1018104.0,2026-08-17
F008465,C0438,2026-08-16,2026-09-15,1538969.0,
F008466,C0438,2026-08-14,2026-09-13,447187.0,
F008467,C0438,2026-08-27,2026-09-26,1076675.0,
F008468,C0439,2025-07-07,2025-08-06,2187647.0,2025-08-06
F008469,C0439,2025-07-10,2025-08-09,1887952.0,2025-08-11
F008470,C0439,2025-08-15,2025-09-14,2983008.0,2025-09-21
F008471,C0439,2025-08-05,2025-09-04,1851291.0,2025-09-04
F008472,C0439,2025-09-22,2025-10-22,865880.0,2025-10-24
F008473,C0439,2025-09-22,2025-10-22,2589637.0,2025-10-23
F008474,C0439,2025-10-20,2025-11-19,1225243.0,2025-11-21
F008475,C0439,2025-11-04,2025-12-04,1965884.0,2025-12-04
F008476,C0439,2025-11-06,2025-12-06,1770427.0,2025-12-06
F008477,C0439,2025-12-28,2026-01-27,2162622.0,2026-01-27
F008478,C0439,2025-12-11,2026-01-10,2663176.0,2026-01-10
F008479,C0439,2026-01-17,2026-02-16,881942.0,2026-02-18
F008480,C0439,2026-01-25,2026-02-24,1456811.0,2026-03-01
F008481,C0439,2026-01-25,2026-02-24,1058172.0,2026-02-24
F008482,C0439,2026-02-21,2026-03-23,1584915.0,2026-03-23
F008483,C0439,2026-02-19,2026-03-21,691021.0,2026-03-22
F008484,C0439,2026-03-18,2026-04-17,1009276.0,2026-04-17
F008485,C0439,2026-04-14,2026-05-14,1572357.0,2026-05-15
F008486,C0439,2026-04-19,2026-05-19,2736465.0,2026-05-19
F008487,C0439,2026-04-12,2026-05-12,742288.0,2026-05-16
F008488,C0439,2026-05-02,2026-06-01,1766486.0,2026-06-01
F008489,C0439,2026-06-20,2026-07-20,1170853.0,2026-07-20
F008490,C0439,2026-07-16,2026-08-15,1856917.0,2026-08-18
F008491,C0439,2026-07-09,2026-08-08,2590558.0,
F008492,C0439,2026-07-08,2026-08-07,1329134.0,
F008493,C0440,2025-07-07,2025-08-06,1094444.0,
F008494,C0440,2025-07-15,2025-08-14,1380345.0,2025-08-14
F008495,C0440,2025-08-25,2025-09-24,1173303.0,2025-09-25
F008496,C0440,2025-10-11,2025-11-10,1753015.0,2025-11-12
F008497,C0440,2025-10-10,2025-11-09,2255816.0,
F008498,C0440,2025-10-19,2025-11-18,2407438.0,2025-11-19
F008499,C0440,2025-11-25,2025-12-25,2780553.0,2025-12-30
F008500,C0440,2025-12-27,2026-01-26,1138903.0,2026-01-26
F008501,C0440,2025-12-10,2026-01-09,3030642.0,2026-01-13
F008502,C0440,2026-03-05,2026-04-04,2064047.0,2026-04-04
F008503,C0440,2026-03-05,2026-04-04,1283943.0,2026-04-06
F008504,C0440,2026-04-21,2026-05-21,1427934.0,2026-05-21
F008505,C0440,2026-06-02,2026-07-02,2379117.0,2026-07-03
F008506,C0440,2026-06-08,2026-07-08,1301965.0,2026-07-09
F008507,C0440,2026-07-10,2026-08-09,2256606.0,2026-08-10
F008508,C0440,2026-07-05,2026-08-04,1958170.0,2026-08-05
F008509,C0440,2026-07-12,2026-08-11,2953783.0,2026-08-11
F008510,C0440,2026-08-23,2026-09-22,2767360.0,
F008511,C0440,2026-08-15,2026-09-14,2154445.0,
F008512,C0440,2026-08-05,2026-09-04,2983279.0,
F008513,C0441,2025-07-09,2025-08-08,1564446.0,2025-08-08
F008514,C0441,2025-07-05,2025-08-04,1635702.0,2025-08-04
F008515,C0441,2025-07-02,2025-08-01,1111795.0,2025-08-02
F008516,C0441,2025-08-13,2025-09-12,1377937.0,2025-09-12
F008517,C0441,2025-09-02,2025-10-02,1760206.0,2025-10-02
F008518,C0441,2025-09-01,2025-10-01,983364.0,2025-10-01
F008519,C0441,2025-09-09,2025-10-09,1799838.0,2025-10-10
F008520,C0441,2025-11-26,2025-12-26,2377263.0,2025-12-26
F008521,C0441,2025-12-25,2026-01-24,1481567.0,2026-01-28
F008522,C0441,2026-01-07,2026-02-06,1269561.0,2026-02-06
F008523,C0441,2026-01-23,2026-02-22,788802.0,2026-02-22
F008524,C0441,2026-01-08,2026-02-07,1627189.0,2026-02-07
F008525,C0441,2026-03-16,2026-04-15,2458853.0,2026-04-15
F008526,C0441,2026-03-12,2026-04-11,2866197.0,2026-04-13
F008527,C0441,2026-03-27,2026-04-26,1283896.0,2026-04-26
F008528,C0441,2026-04-12,2026-05-12,934573.0,2026-05-12
F008529,C0441,2026-04-04,2026-05-04,2878744.0,2026-05-04
F008530,C0441,2026-05-10,2026-06-09,1597313.0,2026-06-09
F008531,C0441,2026-05-01,2026-05-31,2057848.0,2026-06-04
F008532,C0441,2026-06-13,2026-07-13,3056682.0,2026-07-17
F008533,C0441,2026-06-01,2026-07-01,3249641.0,2026-07-01
F008534,C0441,2026-07-19,2026-08-18,1483537.0,2026-08-19
F008535,C0441,2026-07-15,2026-08-14,1868938.0,2026-08-14
F008536,C0441,2026-07-01,2026-07-31,1700625.0,2026-08-02
F008537,C0441,2026-08-27,2026-09-26,1275165.0,
F008538,C0441,2026-08-10,2026-09-09,1380270.0,
F008539,C0442,2025-07-28,2025-08-27,1784831.0,
F008540,C0442,2025-07-07,2025-08-06,1829795.0,2025-08-11
F008541,C0442,2025-08-10,2025-09-09,1147300.0,2025-09-11
F008542,C0442,2025-09-14,2025-10-14,601707.0,2025-10-14
F008543,C0442,2025-09-10,2025-10-10,982432.0,2025-10-11
F008544,C0442,2025-10-25,2025-11-24,1119778.0,2025-11-24
F008545,C0442,2025-11-13,2025-12-13,1125601.0,2025-12-14
F008546,C0442,2025-11-24,2025-12-24,1616325.0,2025-12-26
F008547,C0442,2025-11-05,2025-12-05,763381.0,2025-12-07
F008548,C0442,2025-12-14,2026-01-13,1225418.0,2026-01-13
F008549,C0442,2026-02-19,2026-03-21,1418173.0,2026-03-21
F008550,C0442,2026-02-18,2026-03-20,683639.0,2026-03-20
F008551,C0442,2026-02-23,2026-03-25,1045301.0,2026-03-28
F008552,C0442,2026-03-11,2026-04-10,999742.0,2026-04-11
F008553,C0442,2026-03-18,2026-04-17,1192007.0,2026-04-20
F008554,C0442,2026-04-06,2026-05-06,1400455.0,2026-05-06
F008555,C0442,2026-04-08,2026-05-08,2947312.0,2026-05-08
F008556,C0442,2026-04-09,2026-05-09,974534.0,2026-05-09
F008557,C0442,2026-05-21,2026-06-20,849907.0,2026-06-20
F008558,C0442,2026-06-08,2026-07-08,1254415.0,2026-07-08
F008559,C0442,2026-06-05,2026-07-05,692326.0,2026-07-06
F008560,C0442,2026-06-01,2026-07-01,734537.0,2026-07-05
F008561,C0442,2026-07-21,2026-08-20,1054340.0,2026-08-20
F008562,C0442,2026-07-07,2026-08-06,1382279.0,2026-08-06
F008563,C0442,2026-07-25,2026-08-24,2562597.0,2026-08-25
F008564,C0442,2026-08-25,2026-09-24,1048785.0,
F008565,C0443,2025-07-15,2025-08-14,375515.0,2025-08-14
F008566,C0443,2025-08-22,2025-09-21,1308013.0,2025-09-22
F008567,C0443,2025-08-28,2025-09-27,416971.0,2025-09-27
F008568,C0443,2025-08-08,2025-09-07,740547.0,2025-09-08
F008569,C0443,2025-10-09,2025-11-08,368511.0,2025-11-09
F008570,C0443,2025-11-17,2025-12-17,620337.0,2025-12-19
F008571,C0443,2025-12-22,2026-01-21,374460.0,2026-01-22
F008572,C0443,2025-12-18,2026-01-17,425632.0,2026-01-19
F008573,C0443,2026-01-16,2026-02-15,328223.0,2026-02-16
F008574,C0443,2026-01-13,2026-02-12,395681.0,2026-02-13
F008575,C0443,2026-01-26,2026-02-25,378785.0,2026-02-25
F008576,C0443,2026-02-22,2026-03-24,762853.0,2026-03-26
F008577,C0443,2026-02-24,2026-03-26,743877.0,2026-03-26
F008578,C0443,2026-03-25,2026-04-24,694521.0,2026-04-25
F008579,C0443,2026-03-25,2026-04-24,442207.0,2026-04-25
F008580,C0443,2026-04-27,2026-05-27,359779.0,2026-05-27
F008581,C0443,2026-05-23,2026-06-22,665693.0,2026-06-22
F008582,C0443,2026-06-07,2026-07-07,591017.0,2026-07-08
F008583,C0443,2026-06-05,2026-07-05,363790.0,2026-07-05
F008584,C0443,2026-07-17,2026-08-16,355814.0,2026-08-16
F008585,C0443,2026-07-11,2026-08-10,747333.0,2026-08-14
F008586,C0443,2026-07-24,2026-08-23,296225.0,2026-08-24
F008587,C0443,2026-08-23,2026-09-22,595886.0,
F008588,C0444,2025-07-08,2025-08-07,3500348.0,2025-08-07
F008589,C0444,2025-07-01,2025-07-31,4450093.0,2025-08-01
F008590,C0444,2025-08-26,2025-09-25,5217594.0,2025-09-25
F008591,C0444,2025-08-23,2025-09-22,2175410.0,2025-09-24
F008592,C0444,2025-08-26,2025-09-25,3033234.0,2025-09-26
F008593,C0444,2025-09-28,2025-10-28,3633635.0,2025-10-30
F008594,C0444,2025-10-20,2025-11-19,3121742.0,2025-11-19
F008595,C0444,2025-10-24,2025-11-23,1842139.0,2025-11-24
F008596,C0444,2025-10-11,2025-11-10,1177297.0,2025-11-10
F008597,C0444,2026-02-28,2026-03-30,2257049.0,2026-03-31
F008598,C0444,2026-04-06,2026-05-06,2448295.0,2026-05-07
F008599,C0444,2026-06-23,2026-07-23,4183894.0,2026-07-23
F008600,C0444,2026-06-18,2026-07-18,2931821.0,2026-07-18
F008601,C0445,2025-07-03,2025-08-02,1450184.0,2025-08-06
F008602,C0445,2025-08-07,2025-09-06,1747361.0,2025-09-10
F008603,C0445,2025-08-04,2025-09-03,2638407.0,2025-09-04
F008604,C0445,2025-09-05,2025-10-05,1525653.0,2025-10-07
F008605,C0445,2025-09-20,2025-10-20,720749.0,2025-10-21
F008606,C0445,2025-09-07,2025-10-07,1685855.0,2025-10-13
F008607,C0445,2025-11-01,2025-12-01,2204599.0,2025-12-01
F008608,C0445,2025-11-08,2025-12-08,1371795.0,2025-12-08
F008609,C0445,2026-01-14,2026-02-13,1154074.0,2026-02-18
F008610,C0445,2026-03-24,2026-04-23,1126577.0,2026-04-24
F008611,C0445,2026-03-06,2026-04-05,694445.0,2026-04-12
F008612,C0445,2026-05-13,2026-06-12,1782290.0,
F008613,C0445,2026-05-01,2026-05-31,1323046.0,2026-06-01
F008614,C0445,2026-07-06,2026-08-05,1081631.0,2026-08-07
F008615,C0445,2026-07-13,2026-08-12,1349513.0,2026-08-13
F008616,C0445,2026-08-17,2026-09-16,699444.0,
F008617,C0445,2026-08-18,2026-09-17,2032207.0,
F008618,C0445,2026-08-11,2026-09-10,983527.0,
F008619,C0446,2025-07-04,2025-08-03,1363441.0,2025-08-03
F008620,C0446,2025-07-25,2025-08-24,324156.0,2025-08-25
F008621,C0446,2025-08-10,2025-09-09,1074353.0,2025-09-09
F008622,C0446,2025-09-16,2025-10-16,773292.0,2025-10-16
F008623,C0446,2025-10-27,2025-11-26,1061567.0,2025-11-28
F008624,C0446,2025-10-02,2025-11-01,507140.0,2025-11-01
F008625,C0446,2025-10-14,2025-11-13,957626.0,2025-11-15
F008626,C0446,2025-11-19,2025-12-19,876216.0,2025-12-21
F008627,C0446,2026-02-25,2026-03-27,921794.0,2026-03-29
F008628,C0446,2026-03-13,2026-04-12,746837.0,2026-04-17
F008629,C0446,2026-04-09,2026-05-09,1030447.0,2026-05-10
F008630,C0446,2026-05-13,2026-06-12,978965.0,2026-06-13
F008631,C0446,2026-05-08,2026-06-07,645648.0,2026-06-09
F008632,C0446,2026-06-09,2026-07-09,1276633.0,2026-07-10
F008633,C0446,2026-07-12,2026-08-11,827324.0,2026-08-11
F008634,C0446,2026-08-26,2026-09-25,889539.0,
F008635,C0446,2026-08-13,2026-09-12,989165.0,
F008636,C0446,2026-08-08,2026-09-07,1011374.0,
F008637,C0447,2025-07-10,2025-08-09,1069922.0,2025-08-10
F008638,C0447,2025-07-26,2025-08-25,1393044.0,2025-08-29
F008639,C0447,2025-07-12,2025-08-11,2441622.0,2025-08-14
F008640,C0447,2025-08-17,2025-09-16,1256161.0,
F008641,C0447,2025-09-13,2025-10-13,1537182.0,2025-10-21
F008642,C0447,2025-10-03,2025-11-02,1092855.0,2025-11-06
F008643,C0447,2025-11-16,2025-12-16,2246694.0,2025-12-18
F008644,C0447,2025-11-25,2025-12-25,1934219.0,2025-12-27
F008645,C0447,2025-12-15,2026-01-14,2092371.0,2026-01-15
F008646,C0447,2025-12-26,2026-01-25,2265164.0,2026-01-25
F008647,C0447,2026-01-15,2026-02-14,1055934.0,2026-02-14
F008648,C0447,2026-02-06,2026-03-08,2134809.0,2026-03-17
F008649,C0447,2026-02-13,2026-03-15,1674928.0,2026-03-16
F008650,C0447,2026-02-18,2026-03-20,974603.0,2026-03-22
F008651,C0447,2026-03-11,2026-04-10,1702058.0,2026-04-11
F008652,C0447,2026-03-09,2026-04-08,1854292.0,2026-04-10
F008653,C0447,2026-04-01,2026-05-01,1057939.0,
F008654,C0447,2026-05-17,2026-06-16,1539676.0,2026-06-20
F008655,C0447,2026-06-07,2026-07-07,1316356.0,
F008656,C0447,2026-07-26,2026-08-25,2762634.0,2026-08-28
F008657,C0447,2026-07-04,2026-08-03,2002932.0,2026-08-03
F008658,C0447,2026-07-20,2026-08-19,1830293.0,2026-08-21
F008659,C0447,2026-08-26,2026-09-25,913866.0,
F008660,C0447,2026-08-16,2026-09-15,2465915.0,
F008661,C0448,2025-08-12,2025-09-11,2007648.0,2025-09-11
F008662,C0448,2025-10-12,2025-11-11,3770629.0,2025-11-11
F008663,C0448,2025-10-23,2025-11-22,3708409.0,2025-11-22
F008664,C0448,2025-10-04,2025-11-03,2263413.0,2025-11-03
F008665,C0448,2025-11-07,2025-12-07,3097127.0,2025-12-07
F008666,C0448,2025-12-14,2026-01-13,4364356.0,2026-01-17
F008667,C0448,2025-12-09,2026-01-08,1703561.0,2026-01-09
F008668,C0448,2025-12-24,2026-01-23,2085005.0,2026-01-24
F008669,C0448,2026-01-26,2026-02-25,2061831.0,2026-02-25
F008670,C0448,2026-01-22,2026-02-21,1917456.0,2026-02-21
F008671,C0448,2026-02-17,2026-03-19,1878512.0,2026-03-20
F008672,C0448,2026-02-04,2026-03-06,2859446.0,2026-03-06
F008673,C0448,2026-02-26,2026-03-28,1824031.0,2026-03-28
F008674,C0448,2026-04-06,2026-05-06,1912420.0,2026-05-06
F008675,C0448,2026-04-15,2026-05-15,2341089.0,2026-05-15
F008676,C0448,2026-04-01,2026-05-01,2831161.0,2026-05-03
F008677,C0448,2026-06-23,2026-07-23,2998297.0,2026-07-24
F008678,C0448,2026-06-13,2026-07-13,1366142.0,2026-07-13
F008679,C0448,2026-08-13,2026-09-12,3094975.0,
F008680,C0448,2026-08-11,2026-09-10,2001362.0,
F008681,C0448,2026-08-01,2026-08-31,5020599.0,
F008682,C0449,2025-07-15,2025-08-14,508228.0,2025-08-15
F008683,C0449,2025-08-15,2025-09-14,694104.0,2025-09-16
F008684,C0449,2025-08-20,2025-09-19,810240.0,
F008685,C0449,2025-09-17,2025-10-17,273040.0,2025-10-22
F008686,C0449,2025-09-25,2025-10-25,1040890.0,2025-10-25
F008687,C0449,2025-09-25,2025-10-25,602923.0,2025-10-25
F008688,C0449,2025-10-22,2025-11-21,480679.0,2025-11-24
F008689,C0449,2025-10-26,2025-11-25,368657.0,2025-11-25
F008690,C0449,2025-10-12,2025-11-11,923444.0,2025-11-13
F008691,C0449,2025-11-02,2025-12-02,651245.0,2025-12-03
F008692,C0449,2025-11-10,2025-12-10,561163.0,2025-12-10
F008693,C0449,2026-01-12,2026-02-11,481327.0,2026-02-11
F008694,C0449,2026-01-28,2026-02-27,559237.0,2026-02-28
F008695,C0449,2026-01-24,2026-02-23,548769.0,2026-02-23
F008696,C0449,2026-02-12,2026-03-14,438518.0,2026-03-18
F008697,C0449,2026-02-09,2026-03-11,503778.0,2026-03-14
F008698,C0449,2026-05-06,2026-06-05,254614.0,2026-06-05
F008699,C0449,2026-05-04,2026-06-03,841286.0,
F008700,C0449,2026-05-03,2026-06-02,541918.0,2026-06-02
F008701,C0449,2026-06-14,2026-07-14,466637.0,2026-07-14
F008702,C0449,2026-06-08,2026-07-08,385165.0,2026-07-08
F008703,C0449,2026-07-07,2026-08-06,910038.0,2026-08-06
F008704,C0449,2026-07-23,2026-08-22,447533.0,2026-08-22
F008705,C0449,2026-07-08,2026-08-07,497544.0,2026-08-07
F008706,C0450,2025-07-16,2025-08-15,303476.0,2025-08-15
F008707,C0450,2025-09-08,2025-10-08,252235.0,2025-10-09
F008708,C0450,2025-09-10,2025-10-10,311657.0,2025-10-10
F008709,C0450,2025-10-03,2025-11-02,682704.0,2025-11-03
F008710,C0450,2025-10-17,2025-11-16,393455.0,2025-11-16
F008711,C0450,2025-10-24,2025-11-23,405599.0,2025-11-23
F008712,C0450,2025-11-18,2025-12-18,353668.0,2025-12-18
F008713,C0450,2025-11-20,2025-12-20,357828.0,2025-12-20
F008714,C0450,2025-12-09,2026-01-08,186631.0,2026-01-09
F008715,C0450,2025-12-10,2026-01-09,375728.0,2026-01-09
F008716,C0450,2025-12-18,2026-01-17,301336.0,2026-01-17
F008717,C0450,2026-01-01,2026-01-31,365435.0,2026-01-31
F008718,C0450,2026-03-11,2026-04-10,239293.0,2026-04-10
F008719,C0450,2026-04-24,2026-05-24,288867.0,2026-05-24
F008720,C0450,2026-05-03,2026-06-02,538650.0,2026-06-02
F008721,C0450,2026-06-05,2026-07-05,535191.0,2026-07-05
F008722,C0450,2026-06-21,2026-07-21,261017.0,2026-07-21
F008723,C0450,2026-06-04,2026-07-04,402374.0,2026-07-04
F008724,C0450,2026-07-21,2026-08-20,239552.0,2026-08-20
F008725,C0450,2026-08-28,2026-09-27,464936.0,
F008726,C0451,2025-07-13,2025-08-12,2182418.0,2025-08-12
F008727,C0451,2025-07-21,2025-08-20,1836358.0,2025-08-24
F008728,C0451,2025-07-16,2025-08-15,850311.0,2025-08-18
F008729,C0451,2025-11-15,2025-12-15,1881214.0,2025-12-15
F008730,C0451,2025-11-13,2025-12-13,1046047.0,2025-12-14
F008731,C0451,2026-01-15,2026-02-14,1738029.0,2026-02-18
F008732,C0451,2026-02-06,2026-03-08,1380348.0,2026-03-09
F008733,C0451,2026-02-18,2026-03-20,1563128.0,2026-03-25
F008734,C0451,2026-04-17,2026-05-17,2991848.0,2026-05-20
F008735,C0451,2026-04-04,2026-05-04,1419835.0,2026-05-05
F008736,C0451,2026-05-18,2026-06-17,1753600.0,
F008737,C0451,2026-07-22,2026-08-21,861421.0,2026-08-21
F008738,C0451,2026-07-03,2026-08-02,817818.0,2026-08-05
F008739,C0452,2025-07-07,2025-08-06,1509781.0,2025-08-06
F008740,C0452,2025-07-17,2025-08-16,784430.0,2025-08-16
F008741,C0452,2025-07-16,2025-08-15,926533.0,2025-08-16
F008742,C0452,2025-08-07,2025-09-06,670638.0,2025-09-07
F008743,C0452,2025-09-05,2025-10-05,1495285.0,2025-10-07
F008744,C0452,2025-10-12,2025-11-11,1031484.0,
F008745,C0452,2025-10-28,2025-11-27,1278325.0,2025-11-27
F008746,C0452,2025-10-02,2025-11-01,734722.0,2025-11-04
F008747,C0452,2025-12-28,2026-01-27,1575811.0,2026-01-28
F008748,C0452,2025-12-21,2026-01-20,792398.0,2026-01-21
F008749,C0452,2026-01-01,2026-01-31,1404915.0,2026-01-31
F008750,C0452,2026-01-01,2026-01-31,1279609.0,2026-01-31
F008751,C0452,2026-02-01,2026-03-03,1195798.0,2026-03-03
F008752,C0452,2026-02-25,2026-03-27,971295.0,2026-03-28
F008753,C0452,2026-02-06,2026-03-08,1035681.0,2026-03-08
F008754,C0452,2026-03-06,2026-04-05,1125578.0,2026-04-06
F008755,C0452,2026-04-07,2026-05-07,1192394.0,2026-05-07
F008756,C0452,2026-04-04,2026-05-04,1057372.0,2026-05-06
F008757,C0452,2026-04-07,2026-05-07,1094030.0,2026-05-08
F008758,C0452,2026-05-17,2026-06-16,785681.0,2026-06-19
F008759,C0452,2026-05-28,2026-06-27,1199517.0,2026-06-27
F008760,C0452,2026-06-12,2026-07-12,1280071.0,
F008761,C0452,2026-07-21,2026-08-20,1666598.0,2026-08-23
F008762,C0452,2026-08-24,2026-09-23,1190600.0,
F008763,C0452,2026-08-02,2026-09-01,1939994.0,
F008764,C0452,2026-08-18,2026-09-17,1838378.0,
F008765,C0453,2025-07-16,2025-08-15,1163415.0,2025-08-17
F008766,C0453,2025-07-27,2025-08-26,1494710.0,2025-08-27
F008767,C0453,2025-07-07,2025-08-06,2104553.0,2025-08-08
F008768,C0453,2025-08-07,2025-09-06,1728578.0,2025-09-06
F008769,C0453,2025-12-22,2026-01-21,3094362.0,2026-01-22
F008770,C0453,2026-01-05,2026-02-04,1245672.0,2026-02-04
F008771,C0453,2026-02-18,2026-03-20,1155123.0,2026-03-23
F008772,C0453,2026-05-15,2026-06-14,3182606.0,
F008773,C0453,2026-05-01,2026-05-31,1532963.0,2026-05-31
F008774,C0453,2026-07-07,2026-08-06,2418620.0,2026-08-06
F008775,C0453,2026-07-27,2026-08-26,1738057.0,2026-08-27
F008776,C0453,2026-08-22,2026-09-21,2091689.0,
F008777,C0454,2025-07-19,2025-08-18,629390.0,2025-08-18
F008778,C0454,2025-07-14,2025-08-13,529566.0,2025-08-13
F008779,C0454,2025-07-08,2025-08-07,1338659.0,2025-08-07
F008780,C0454,2025-08-25,2025-09-24,1213671.0,2025-09-25
F008781,C0454,2025-09-28,2025-10-28,1148041.0,2025-10-30
F008782,C0454,2025-10-15,2025-11-14,1323569.0,2025-11-14
F008783,C0454,2025-10-03,2025-11-02,728819.0,2025-11-04
F008784,C0454,2025-10-23,2025-11-22,1041653.0,2025-11-22
F008785,C0454,2025-11-03,2025-12-03,744969.0,2025-12-05
F008786,C0454,2025-11-08,2025-12-08,1087936.0,2025-12-08
F008787,C0454,2025-11-02,2025-12-02,726146.0,2025-12-03
F008788,C0454,2025-12-27,2026-01-26,711586.0,2026-01-28
F008789,C0454,2025-12-01,2025-12-31,494494.0,2026-01-01
F008790,C0454,2025-12-15,2026-01-14,1075571.0,2026-01-15
F008791,C0454,2026-01-28,2026-02-27,928113.0,2026-03-02
F008792,C0454,2026-01-12,2026-02-11,508332.0,2026-02-13
F008793,C0454,2026-02-27,2026-03-29,587570.0,2026-03-29
F008794,C0454,2026-03-06,2026-04-05,605489.0,2026-04-05
F008795,C0454,2026-03-18,2026-04-17,746869.0,2026-04-17
F008796,C0454,2026-04-19,2026-05-19,735251.0,2026-05-19
F008797,C0454,2026-04-06,2026-05-06,651687.0,2026-05-07
F008798,C0454,2026-05-27,2026-06-26,1862633.0,2026-06-27
F008799,C0454,2026-05-07,2026-06-06,328350.0,2026-06-06
F008800,C0454,2026-06-26,2026-07-26,482948.0,2026-07-29
F008801,C0454,2026-06-24,2026-07-24,861689.0,2026-07-25
F008802,C0454,2026-06-24,2026-07-24,664160.0,2026-07-25
F008803,C0454,2026-07-11,2026-08-10,563099.0,2026-08-10
F008804,C0454,2026-07-14,2026-08-13,519968.0,2026-08-16
F008805,C0454,2026-08-23,2026-09-22,706169.0,
F008806,C0454,2026-08-22,2026-09-21,786831.0,
F008807,C0455,2025-07-22,2025-08-21,617214.0,2025-08-23
F008808,C0455,2025-08-22,2025-09-21,729679.0,2025-09-23
F008809,C0455,2025-08-04,2025-09-03,690674.0,2025-09-05
F008810,C0455,2025-09-19,2025-10-19,662802.0,2025-10-22
F008811,C0455,2025-10-10,2025-11-09,907676.0,2025-11-13
F008812,C0455,2025-10-15,2025-11-14,1556730.0,2025-11-15
F008813,C0455,2025-11-09,2025-12-09,1899408.0,2025-12-11
F008814,C0455,2025-11-13,2025-12-13,1746474.0,2025-12-17
F008815,C0455,2025-12-28,2026-01-27,1199675.0,2026-01-29
F008816,C0455,2025-12-04,2026-01-03,707755.0,
F008817,C0455,2025-12-01,2025-12-31,1021838.0,
F008818,C0455,2026-01-15,2026-02-14,941832.0,2026-02-17
F008819,C0455,2026-01-01,2026-01-31,1221711.0,
F008820,C0455,2026-02-10,2026-03-12,1508232.0,2026-03-15
F008821,C0455,2026-04-24,2026-05-24,1200419.0,2026-05-26
F008822,C0455,2026-04-21,2026-05-21,673327.0,2026-05-21
F008823,C0455,2026-05-10,2026-06-09,789885.0,2026-06-12
F008824,C0455,2026-05-11,2026-06-10,689476.0,2026-06-13
F008825,C0455,2026-07-23,2026-08-22,884039.0,
F008826,C0455,2026-07-18,2026-08-17,1797760.0,2026-08-17
F008827,C0455,2026-07-14,2026-08-13,1064075.0,2026-08-14
F008828,C0455,2026-08-03,2026-09-02,903359.0,
F008829,C0455,2026-08-09,2026-09-08,473663.0,
F008830,C0456,2025-08-11,2025-09-10,2025996.0,2025-09-12
F008831,C0456,2025-08-28,2025-09-27,2385258.0,2025-09-27
F008832,C0456,2025-08-02,2025-09-01,1334670.0,2025-09-01
F008833,C0456,2025-09-24,2025-10-24,1657599.0,2025-10-26
F008834,C0456,2025-10-28,2025-11-27,1756295.0,2025-11-28
F008835,C0456,2025-11-05,2025-12-05,1468120.0,2025-12-06
F008836,C0456,2025-12-20,2026-01-19,1747111.0,2026-01-19
F008837,C0456,2026-02-26,2026-03-28,1319077.0,2026-03-28
F008838,C0456,2026-05-01,2026-05-31,1257925.0,2026-06-01
F008839,C0456,2026-05-07,2026-06-06,840781.0,
F008840,C0456,2026-06-18,2026-07-18,1998756.0,2026-07-18
F008841,C0457,2025-07-28,2025-08-27,2321919.0,2025-08-30
F008842,C0457,2025-07-08,2025-08-07,1248434.0,2025-08-08
F008843,C0457,2025-07-11,2025-08-10,1378602.0,2025-08-10
F008844,C0457,2025-08-11,2025-09-10,1552657.0,2025-09-11
F008845,C0457,2025-09-03,2025-10-03,4446454.0,2025-10-03
F008846,C0457,2025-09-08,2025-10-08,2457871.0,2025-10-08
F008847,C0457,2025-11-24,2025-12-24,1909148.0,2025-12-26
F008848,C0457,2025-12-09,2026-01-08,2051218.0,2026-01-08
F008849,C0457,2025-12-20,2026-01-19,3287221.0,
F008850,C0457,2025-12-13,2026-01-12,1922003.0,2026-01-12
F008851,C0457,2026-01-08,2026-02-07,1111757.0,2026-02-12
F008852,C0457,2026-01-09,2026-02-08,2106488.0,2026-02-08
F008853,C0457,2026-02-25,2026-03-27,2193630.0,2026-03-27
F008854,C0457,2026-02-24,2026-03-26,2913585.0,2026-03-30
F008855,C0457,2026-03-20,2026-04-19,1575910.0,2026-04-19
F008856,C0457,2026-03-18,2026-04-17,940400.0,2026-04-17
F008857,C0457,2026-03-25,2026-04-24,1762077.0,2026-04-25
F008858,C0457,2026-04-15,2026-05-15,2395608.0,2026-05-16
F008859,C0457,2026-05-17,2026-06-16,1922021.0,2026-06-19
F008860,C0457,2026-05-04,2026-06-03,2972830.0,2026-06-06
F008861,C0457,2026-05-10,2026-06-09,993971.0,2026-06-09
F008862,C0457,2026-06-14,2026-07-14,782566.0,2026-07-17
F008863,C0457,2026-06-05,2026-07-05,2648480.0,2026-07-06
F008864,C0457,2026-06-04,2026-07-04,1873735.0,2026-07-04
F008865,C0457,2026-07-01,2026-07-31,1592427.0,2026-08-02
F008866,C0457,2026-07-25,2026-08-24,1701379.0,2026-08-25
F008867,C0457,2026-07-16,2026-08-15,2954220.0,2026-08-16
F008868,C0457,2026-08-15,2026-09-14,1761352.0,
F008869,C0457,2026-08-14,2026-09-13,1838856.0,
F008870,C0457,2026-08-20,2026-09-19,1051319.0,
F008871,C0458,2025-07-18,2025-08-17,1896055.0,2025-08-17
F008872,C0458,2025-07-10,2025-08-09,5026362.0,2025-08-11
F008873,C0458,2025-08-16,2025-09-15,4744594.0,2025-09-17
F008874,C0458,2025-08-18,2025-09-17,3134178.0,2025-09-19
F008875,C0458,2025-08-03,2025-09-02,3695129.0,2025-09-05
F008876,C0458,2025-09-18,2025-10-18,1372614.0,2025-10-19
F008877,C0458,2025-09-18,2025-10-18,2517875.0,2025-10-18
F008878,C0458,2025-10-11,2025-11-10,2723521.0,2025-11-10
F008879,C0458,2025-10-13,2025-11-12,4050607.0,2025-11-13
F008880,C0458,2025-10-26,2025-11-25,1654736.0,2025-11-27
F008881,C0458,2025-11-28,2025-12-28,3395394.0,2025-12-28
F008882,C0458,2025-11-24,2025-12-24,3240798.0,2025-12-24
F008883,C0458,2025-12-09,2026-01-08,2806886.0,2026-01-09
F008884,C0458,2026-01-16,2026-02-15,3361179.0,2026-02-18
F008885,C0458,2026-01-20,2026-02-19,2563874.0,2026-02-23
F008886,C0458,2026-01-26,2026-02-25,3794609.0,
F008887,C0458,2026-02-28,2026-03-30,2279188.0,2026-04-02
F008888,C0458,2026-03-11,2026-04-10,4958587.0,2026-04-10
F008889,C0458,2026-03-24,2026-04-23,2422932.0,2026-04-24
F008890,C0458,2026-03-07,2026-04-06,3354467.0,2026-04-07
F008891,C0458,2026-04-25,2026-05-25,1809882.0,2026-05-25
F008892,C0458,2026-04-08,2026-05-08,3753384.0,2026-05-08
F008893,C0458,2026-04-06,2026-05-06,2373741.0,2026-05-07
F008894,C0458,2026-05-26,2026-06-25,2523609.0,2026-06-27
F008895,C0458,2026-05-16,2026-06-15,3577593.0,2026-06-18
F008896,C0458,2026-05-24,2026-06-23,3048589.0,2026-06-23
F008897,C0458,2026-07-26,2026-08-25,1989709.0,2026-08-25
F008898,C0458,2026-07-01,2026-07-31,4835238.0,2026-07-31
F008899,C0458,2026-07-25,2026-08-24,1754971.0,2026-08-25
F008900,C0458,2026-08-03,2026-09-02,3495343.0,
F008901,C0459,2025-07-21,2025-08-20,2977614.0,
F008902,C0459,2025-07-16,2025-08-15,981956.0,2025-08-15
F008903,C0459,2025-07-23,2025-08-22,2561070.0,2025-08-24
F008904,C0459,2025-08-09,2025-09-08,1022790.0,
F008905,C0459,2025-09-12,2025-10-12,1902583.0,2025-10-12
F008906,C0459,2025-09-14,2025-10-14,987998.0,2025-10-16
F008907,C0459,2025-09-08,2025-10-08,1461498.0,2025-10-09
F008908,C0459,2025-10-23,2025-11-22,1114278.0,2025-11-25
F008909,C0459,2025-10-07,2025-11-06,2066784.0,2025-11-07
F008910,C0459,2025-11-02,2025-12-02,1212058.0,2025-12-02
F008911,C0459,2025-12-27,2026-01-26,1958919.0,2026-01-26
F008912,C0459,2025-12-02,2026-01-01,1862827.0,2026-01-06
F008913,C0459,2026-01-03,2026-02-02,1928186.0,2026-02-02
F008914,C0459,2026-01-16,2026-02-15,1540962.0,2026-02-17
F008915,C0459,2026-01-24,2026-02-23,1945387.0,2026-02-24
F008916,C0459,2026-02-05,2026-03-07,1829150.0,2026-03-10
F008917,C0459,2026-02-21,2026-03-23,1654815.0,
F008918,C0459,2026-03-07,2026-04-06,1762162.0,2026-04-08
F008919,C0459,2026-04-13,2026-05-13,1431731.0,2026-05-14
F008920,C0459,2026-04-27,2026-05-27,2555991.0,2026-05-28
F008921,C0459,2026-05-17,2026-06-16,2063475.0,2026-06-18
F008922,C0459,2026-05-17,2026-06-16,1528433.0,2026-06-17
F008923,C0459,2026-05-06,2026-06-05,1621584.0,2026-06-05
F008924,C0459,2026-06-03,2026-07-03,1739199.0,2026-07-05
F008925,C0459,2026-07-10,2026-08-09,1294287.0,2026-08-11
F008926,C0459,2026-07-12,2026-08-11,1533300.0,2026-08-13
F008927,C0459,2026-07-05,2026-08-04,629716.0,2026-08-05
F008928,C0459,2026-08-28,2026-09-27,2526117.0,
F008929,C0459,2026-08-09,2026-09-08,1345735.0,
F008930,C0459,2026-08-26,2026-09-25,1621728.0,
F008931,C0460,2025-07-13,2025-08-12,1725591.0,2025-08-12
F008932,C0460,2025-07-17,2025-08-16,2011383.0,2025-08-16
F008933,C0460,2025-07-21,2025-08-20,1449540.0,2025-08-24
F008934,C0460,2025-08-17,2025-09-16,1194149.0,2025-09-16
F008935,C0460,2025-09-14,2025-10-14,1438550.0,2025-10-14
F008936,C0460,2025-09-18,2025-10-18,1846889.0,2025-10-21
F008937,C0460,2025-09-22,2025-10-22,1137815.0,2025-10-23
F008938,C0460,2025-11-25,2025-12-25,2123078.0,2025-12-26
F008939,C0460,2025-11-16,2025-12-16,842903.0,2025-12-16
F008940,C0460,2025-11-06,2025-12-06,1448869.0,2025-12-06
F008941,C0460,2025-12-22,2026-01-21,2567084.0,2026-01-23
F008942,C0460,2026-01-13,2026-02-12,1839610.0,2026-02-14
F008943,C0460,2026-01-24,2026-02-23,1608572.0,2026-02-23
F008944,C0460,2026-02-27,2026-03-29,1634107.0,2026-03-29
F008945,C0460,2026-02-24,2026-03-26,2118401.0,2026-03-26
F008946,C0460,2026-04-07,2026-05-07,3045066.0,2026-05-08
F008947,C0460,2026-05-16,2026-06-15,1534364.0,2026-06-17
F008948,C0460,2026-05-22,2026-06-21,980672.0,2026-06-22
F008949,C0460,2026-05-25,2026-06-24,1555541.0,2026-06-24
F008950,C0460,2026-06-14,2026-07-14,2348627.0,2026-07-16
F008951,C0460,2026-07-22,2026-08-21,1387165.0,2026-08-21
F008952,C0460,2026-08-18,2026-09-17,1575640.0,
F008953,C0460,2026-08-17,2026-09-16,1057288.0,
F008954,C0461,2025-07-18,2025-08-17,839253.0,2025-08-18
F008955,C0461,2025-07-19,2025-08-18,438044.0,2025-08-18
F008956,C0461,2025-08-18,2025-09-17,579925.0,2025-09-17
F008957,C0461,2025-09-27,2025-10-27,258803.0,2025-10-27
F008958,C0461,2025-09-06,2025-10-06,500927.0,2025-10-06
F008959,C0461,2025-09-21,2025-10-21,647527.0,2025-10-21
F008960,C0461,2025-10-13,2025-11-12,1065338.0,2025-11-13
F008961,C0461,2025-11-12,2025-12-12,484524.0,2025-12-12
F008962,C0461,2025-12-23,2026-01-22,441512.0,2026-01-22
F008963,C0461,2025-12-19,2026-01-18,366667.0,2026-01-18
F008964,C0461,2025-12-27,2026-01-26,469950.0,2026-01-26
F008965,C0461,2026-01-13,2026-02-12,563655.0,2026-02-12
F008966,C0461,2026-01-03,2026-02-02,497983.0,2026-02-02
F008967,C0461,2026-01-22,2026-02-21,590269.0,2026-02-21
F008968,C0461,2026-02-07,2026-03-09,487385.0,2026-03-10
F008969,C0461,2026-02-02,2026-03-04,515773.0,2026-03-04
F008970,C0461,2026-02-16,2026-03-18,546524.0,
F008971,C0461,2026-03-01,2026-03-31,313791.0,2026-03-31
F008972,C0461,2026-04-02,2026-05-02,643678.0,2026-05-02
F008973,C0461,2026-04-09,2026-05-09,674026.0,2026-05-09
F008974,C0461,2026-06-09,2026-07-09,577402.0,2026-07-11
F008975,C0461,2026-06-28,2026-07-28,949995.0,2026-07-29
F008976,C0461,2026-06-07,2026-07-07,690780.0,2026-07-07
F008977,C0461,2026-07-03,2026-08-02,428061.0,2026-08-02
F008978,C0461,2026-07-28,2026-08-27,596415.0,2026-08-27
F008979,C0461,2026-07-08,2026-08-07,337788.0,2026-08-07
F008980,C0461,2026-08-12,2026-09-11,759609.0,
F008981,C0461,2026-08-04,2026-09-03,601445.0,
F008982,C0461,2026-08-25,2026-09-24,605675.0,
F008983,C0462,2025-07-01,2025-07-31,847526.0,2025-07-31
F008984,C0462,2025-07-18,2025-08-17,602793.0,
F008985,C0462,2025-08-07,2025-09-06,870803.0,2025-09-12
F008986,C0462,2025-08-19,2025-09-18,443198.0,2025-09-23
F008987,C0462,2025-09-04,2025-10-04,535300.0,2025-10-07
F008988,C0462,2025-10-23,2025-11-22,753220.0,
F008989,C0462,2025-10-25,2025-11-24,502476.0,2025-11-24
F008990,C0462,2025-11-11,2025-12-11,541256.0,2025-12-14
F008991,C0462,2025-11-04,2025-12-04,975493.0,2025-12-04
F008992,C0462,2025-11-23,2025-12-23,402440.0,2025-12-23
F008993,C0462,2025-12-01,2025-12-31,1350682.0,
F008994,C0462,2025-12-16,2026-01-15,774788.0,2026-01-16
F008995,C0462,2025-12-04,2026-01-03,467661.0,2026-01-04
F008996,C0462,2026-02-17,2026-03-19,568077.0,2026-03-20
F008997,C0462,2026-02-03,2026-03-05,626114.0,2026-03-05
F008998,C0462,2026-02-04,2026-03-06,296601.0,
F008999,C0462,2026-05-23,2026-06-22,684411.0,2026-06-28
F009000,C0462,2026-05-11,2026-06-10,909956.0,2026-06-10
F009001,C0462,2026-05-24,2026-06-23,947146.0,2026-06-23
F009002,C0462,2026-07-07,2026-08-06,705500.0,2026-08-08
F009003,C0462,2026-07-11,2026-08-10,795112.0,2026-08-15
F009004,C0463,2025-07-13,2025-08-12,4744500.0,2025-08-12
F009005,C0463,2025-07-24,2025-08-23,4560758.0,2025-08-23
F009006,C0463,2025-09-09,2025-10-09,2991137.0,2025-10-10
F009007,C0463,2025-10-05,2025-11-04,6424574.0,2025-11-05
F009008,C0463,2025-11-01,2025-12-01,5288904.0,2025-12-01
F009009,C0463,2025-11-28,2025-12-28,4028274.0,2025-12-30
F009010,C0463,2025-11-03,2025-12-03,3294413.0,2025-12-03
F009011,C0463,2025-12-26,2026-01-25,5792146.0,
F009012,C0463,2025-12-10,2026-01-09,3818242.0,2026-01-09
F009013,C0463,2025-12-27,2026-01-26,3452640.0,2026-01-26
F009014,C0463,2026-01-01,2026-01-31,5048346.0,2026-02-01
F009015,C0463,2026-01-19,2026-02-18,1293728.0,2026-02-18
F009016,C0463,2026-02-13,2026-03-15,3243734.0,2026-03-15
F009017,C0463,2026-03-28,2026-04-27,2195270.0,2026-04-27
F009018,C0463,2026-04-09,2026-05-09,5127112.0,2026-05-09
F009019,C0463,2026-05-10,2026-06-09,3462545.0,2026-06-11
F009020,C0463,2026-06-10,2026-07-10,4081322.0,
F009021,C0463,2026-06-18,2026-07-18,3795859.0,2026-07-19
F009022,C0463,2026-06-20,2026-07-20,3021196.0,2026-07-20
F009023,C0463,2026-08-13,2026-09-12,3161452.0,
F009024,C0463,2026-08-24,2026-09-23,2749835.0,
F009025,C0464,2025-07-11,2025-08-10,1191866.0,2025-08-11
F009026,C0464,2025-07-07,2025-08-06,815658.0,2025-08-07
F009027,C0464,2025-08-11,2025-09-10,1284084.0,2025-09-11
F009028,C0464,2025-08-22,2025-09-21,1948393.0,2025-09-21
F009029,C0464,2025-08-08,2025-09-07,1342916.0,2025-09-08
F009030,C0464,2025-09-12,2025-10-12,599393.0,
F009031,C0464,2025-09-28,2025-10-28,929209.0,2025-10-28
F009032,C0464,2025-09-14,2025-10-14,864438.0,2025-10-14
F009033,C0464,2025-10-15,2025-11-14,2133729.0,2025-11-14
F009034,C0464,2025-11-02,2025-12-02,638821.0,2025-12-02
F009035,C0464,2025-11-11,2025-12-11,759042.0,2025-12-12
F009036,C0464,2025-11-17,2025-12-17,880206.0,2025-12-18
F009037,C0464,2026-01-17,2026-02-16,1656278.0,2026-02-16
F009038,C0464,2026-01-25,2026-02-24,681031.0,2026-02-24
F009039,C0464,2026-02-13,2026-03-15,684376.0,2026-03-16
F009040,C0464,2026-02-16,2026-03-18,1062352.0,2026-03-18
F009041,C0464,2026-02-13,2026-03-15,1270748.0,
F009042,C0464,2026-03-04,2026-04-03,573769.0,2026-04-03
F009043,C0464,2026-04-01,2026-05-01,1392650.0,2026-05-01
F009044,C0464,2026-04-17,2026-05-17,1133196.0,2026-05-17
F009045,C0464,2026-05-11,2026-06-10,980756.0,2026-06-12
F009046,C0464,2026-05-22,2026-06-21,1203674.0,2026-06-22
F009047,C0464,2026-06-05,2026-07-05,1447251.0,2026-07-05
F009048,C0464,2026-07-02,2026-08-01,1563777.0,2026-08-01
F009049,C0464,2026-07-28,2026-08-27,701060.0,2026-08-28
F009050,C0464,2026-07-08,2026-08-07,1142818.0,2026-08-07
F009051,C0464,2026-08-16,2026-09-15,1376558.0,
F009052,C0465,2025-07-19,2025-08-18,1892941.0,2025-08-18
F009053,C0465,2025-07-19,2025-08-18,1890444.0,2025-08-18
F009054,C0465,2025-07-17,2025-08-16,2142298.0,2025-08-18
F009055,C0465,2025-09-20,2025-10-20,964432.0,2025-10-20
F009056,C0465,2025-09-20,2025-10-20,1972722.0,2025-10-20
F009057,C0465,2025-10-18,2025-11-17,1953777.0,2025-11-17
F009058,C0465,2025-10-03,2025-11-02,1232909.0,2025-11-04
F009059,C0465,2025-10-04,2025-11-03,1210754.0,2025-11-03
F009060,C0465,2025-11-24,2025-12-24,1327846.0,2025-12-25
F009061,C0465,2025-11-14,2025-12-14,1463408.0,2025-12-15
F009062,C0465,2025-12-13,2026-01-12,737597.0,2026-01-13
F009063,C0465,2026-02-21,2026-03-23,2609529.0,2026-03-23
F009064,C0465,2026-04-01,2026-05-01,1163580.0,2026-05-01
F009065,C0465,2026-05-19,2026-06-18,1599651.0,2026-06-18
F009066,C0465,2026-08-23,2026-09-22,994946.0,
F009067,C0465,2026-08-11,2026-09-10,1358498.0,
F009068,C0466,2025-07-26,2025-08-25,1532279.0,2025-08-26
F009069,C0466,2025-08-16,2025-09-15,1671544.0,2025-09-16
F009070,C0466,2025-08-05,2025-09-04,1903148.0,2025-09-05
F009071,C0466,2025-08-13,2025-09-12,2656622.0,2025-09-12
F009072,C0466,2025-10-08,2025-11-07,1411684.0,2025-11-07
F009073,C0466,2025-10-11,2025-11-10,1053457.0,2025-11-10
F009074,C0466,2025-10-24,2025-11-23,1726469.0,2025-11-23
F009075,C0466,2026-02-19,2026-03-21,1607109.0,2026-03-22
F009076,C0466,2026-02-20,2026-03-22,1062745.0,2026-03-22
F009077,C0466,2026-02-18,2026-03-20,1331191.0,2026-03-21
F009078,C0466,2026-06-05,2026-07-05,933466.0,2026-07-06
F009079,C0466,2026-06-26,2026-07-26,1671138.0,2026-07-27
F009080,C0466,2026-07-07,2026-08-06,1090764.0,2026-08-06
F009081,C0466,2026-07-21,2026-08-20,1570504.0,2026-08-20
F009082,C0466,2026-08-07,2026-09-06,1723057.0,
F009083,C0466,2026-08-25,2026-09-24,2510755.0,
F009084,C0466,2026-08-09,2026-09-08,927777.0,
F009085,C0467,2025-08-17,2025-09-16,1396345.0,2025-09-17
F009086,C0467,2025-09-22,2025-10-22,1321326.0,2025-10-23
F009087,C0467,2025-09-11,2025-10-11,1772036.0,2025-10-11
F009088,C0467,2025-09-21,2025-10-21,3212470.0,2025-10-22
F009089,C0467,2025-10-21,2025-11-20,2367527.0,2025-11-20
F009090,C0467,2025-10-07,2025-11-06,1624690.0,2025-11-06
F009091,C0467,2025-10-02,2025-11-01,831713.0,2025-11-01
F009092,C0467,2025-11-19,2025-12-19,1755737.0,2025-12-21
F009093,C0467,2025-12-07,2026-01-06,3809256.0,2026-01-08
F009094,C0467,2025-12-18,2026-01-17,3929455.0,2026-01-19
F009095,C0467,2026-01-14,2026-02-13,1744706.0,2026-02-15
F009096,C0467,2026-01-22,2026-02-21,1393597.0,2026-02-21
F009097,C0467,2026-02-23,2026-03-25,1210303.0,2026-03-26
F009098,C0467,2026-02-24,2026-03-26,1854707.0,2026-03-27
F009099,C0467,2026-04-08,2026-05-08,1958455.0,2026-05-08
F009100,C0467,2026-04-04,2026-05-04,2277188.0,2026-05-04
F009101,C0467,2026-06-17,2026-07-17,1637878.0,2026-07-17
F009102,C0467,2026-06-20,2026-07-20,2544661.0,2026-07-20
F009103,C0467,2026-06-25,2026-07-25,1458122.0,2026-07-25
F009104,C0467,2026-07-11,2026-08-10,1511512.0,2026-08-12
F009105,C0467,2026-07-17,2026-08-16,1143130.0,2026-08-17
F009106,C0467,2026-07-05,2026-08-04,2469136.0,2026-08-04
F009107,C0468,2025-10-20,2025-11-19,1234608.0,2025-11-19
F009108,C0468,2025-11-17,2025-12-17,1291417.0,2025-12-17
F009109,C0468,2025-12-21,2026-01-20,1108078.0,2026-01-20
F009110,C0468,2026-01-02,2026-02-01,558807.0,2026-02-01
F009111,C0468,2026-01-14,2026-02-13,816111.0,2026-02-13
F009112,C0468,2026-04-20,2026-05-20,464827.0,2026-05-20
F009113,C0468,2026-06-27,2026-07-27,983269.0,2026-07-28
F009114,C0468,2026-06-16,2026-07-16,721381.0,2026-07-16
F009115,C0469,2025-07-22,2025-08-21,1849578.0,2025-08-22
F009116,C0469,2025-07-21,2025-08-20,1432106.0,2025-08-21
F009117,C0469,2025-08-23,2025-09-22,1987225.0,2025-09-23
F009118,C0469,2025-08-24,2025-09-23,1495615.0,
F009119,C0469,2025-09-23,2025-10-23,1055926.0,2025-10-24
F009120,C0469,2025-10-12,2025-11-11,2143886.0,
F009121,C0469,2025-12-09,2026-01-08,3467849.0,2026-01-08
F009122,C0469,2025-12-22,2026-01-21,875887.0,2026-01-21
F009123,C0469,2026-01-17,2026-02-16,1329430.0,2026-02-21
F009124,C0469,2026-01-27,2026-02-26,2076288.0,2026-02-26
F009125,C0469,2026-02-19,2026-03-21,2456700.0,2026-03-24
F009126,C0469,2026-02-23,2026-03-25,1027689.0,2026-03-26
F009127,C0469,2026-02-23,2026-03-25,1280784.0,2026-03-25
F009128,C0469,2026-03-27,2026-04-26,966142.0,2026-04-28
F009129,C0469,2026-04-10,2026-05-10,1493464.0,2026-05-10
F009130,C0469,2026-05-14,2026-06-13,1813148.0,2026-06-13
F009131,C0469,2026-06-16,2026-07-16,1020986.0,2026-07-17
F009132,C0469,2026-06-10,2026-07-10,1025641.0,2026-07-14
F009133,C0469,2026-06-15,2026-07-15,1226206.0,2026-07-17
F009134,C0469,2026-07-28,2026-08-27,1875027.0,2026-08-28
F009135,C0469,2026-07-14,2026-08-13,2951396.0,2026-08-14
F009136,C0469,2026-08-10,2026-09-09,1830648.0,
F009137,C0469,2026-08-03,2026-09-02,1116248.0,
F009138,C0470,2025-07-21,2025-08-20,625752.0,2025-08-20
F009139,C0470,2025-08-13,2025-09-12,405636.0,2025-09-13
F009140,C0470,2025-08-23,2025-09-22,2772539.0,2025-09-24
F009141,C0470,2025-08-11,2025-09-10,1035169.0,2025-09-12
F009142,C0470,2025-09-19,2025-10-19,1741435.0,2025-10-20
F009143,C0470,2025-09-07,2025-10-07,846908.0,2025-10-08
F009144,C0470,2025-10-21,2025-11-20,536070.0,2025-11-20
F009145,C0470,2025-10-21,2025-11-20,1096373.0,2025-11-22
F009146,C0470,2025-10-26,2025-11-25,462726.0,2025-11-26
F009147,C0470,2025-12-01,2025-12-31,666934.0,2025-12-31
F009148,C0470,2025-12-11,2026-01-10,2193257.0,2026-01-11
F009149,C0470,2025-12-17,2026-01-16,750270.0,2026-01-17
F009150,C0470,2026-02-18,2026-03-20,895409.0,2026-03-20
F009151,C0470,2026-02-22,2026-03-24,557697.0,2026-03-25
F009152,C0470,2026-03-19,2026-04-18,1225826.0,2026-04-21
F009153,C0470,2026-03-23,2026-04-22,1560246.0,2026-04-24
F009154,C0470,2026-03-07,2026-04-06,954851.0,2026-04-10
F009155,C0470,2026-04-01,2026-05-01,3272028.0,2026-05-04
F009156,C0470,2026-05-27,2026-06-26,548684.0,2026-06-26
F009157,C0470,2026-05-20,2026-06-19,511862.0,2026-06-21
F009158,C0470,2026-05-16,2026-06-15,425315.0,2026-06-17
F009159,C0470,2026-06-24,2026-07-24,1084383.0,2026-07-24
F009160,C0470,2026-06-09,2026-07-09,1337250.0,2026-07-09
F009161,C0470,2026-07-17,2026-08-16,699585.0,2026-08-16
F009162,C0470,2026-07-14,2026-08-13,876488.0,2026-08-14
F009163,C0470,2026-07-20,2026-08-19,1728254.0,2026-08-20
F009164,C0470,2026-08-12,2026-09-11,638276.0,
F009165,C0470,2026-08-18,2026-09-17,889382.0,
F009166,C0471,2025-07-15,2025-08-14,1562804.0,2025-08-14
F009167,C0471,2025-08-22,2025-09-21,2583111.0,2025-09-22
F009168,C0471,2025-09-02,2025-10-02,1383451.0,2025-10-02
F009169,C0471,2025-09-08,2025-10-08,790531.0,2025-10-08
F009170,C0471,2025-10-20,2025-11-19,1866326.0,2025-11-19
F009171,C0471,2025-12-07,2026-01-06,2519379.0,2026-01-06
F009172,C0471,2025-12-28,2026-01-27,1122363.0,2026-01-27
F009173,C0471,2025-12-08,2026-01-07,1404115.0,2026-01-07
F009174,C0471,2026-01-05,2026-02-04,2296314.0,2026-02-06
F009175,C0471,2026-01-26,2026-02-25,1861933.0,2026-02-27
F009176,C0471,2026-02-10,2026-03-12,1666470.0,2026-03-12
F009177,C0471,2026-04-08,2026-05-08,1496310.0,2026-05-08
F009178,C0471,2026-04-22,2026-05-22,1287330.0,2026-05-22
F009179,C0471,2026-05-12,2026-06-11,1700286.0,2026-06-11
F009180,C0471,2026-06-10,2026-07-10,1433134.0,2026-07-10
F009181,C0471,2026-06-28,2026-07-28,1617643.0,2026-07-28
F009182,C0471,2026-07-13,2026-08-12,1285962.0,2026-08-12
F009183,C0471,2026-07-02,2026-08-01,1571313.0,2026-08-01
F009184,C0471,2026-07-08,2026-08-07,1378214.0,2026-08-08
F009185,C0472,2025-08-20,2025-09-19,787261.0,2025-09-20
F009186,C0472,2025-08-13,2025-09-12,722520.0,2025-09-12
F009187,C0472,2025-08-12,2025-09-11,446417.0,2025-09-11
F009188,C0472,2025-09-19,2025-10-19,893300.0,2025-10-21
F009189,C0472,2025-09-13,2025-10-13,847208.0,2025-10-13
F009190,C0472,2025-10-15,2025-11-14,575814.0,2025-11-14
F009191,C0472,2025-11-16,2025-12-16,599644.0,2025-12-16
F009192,C0472,2025-11-03,2025-12-03,729062.0,2025-12-03
F009193,C0472,2025-11-08,2025-12-08,1194141.0,2025-12-08
F009194,C0472,2025-12-04,2026-01-03,401142.0,2026-01-03
F009195,C0472,2025-12-26,2026-01-25,637086.0,2026-01-25
F009196,C0472,2026-01-18,2026-02-17,1401988.0,2026-02-18
F009197,C0472,2026-02-28,2026-03-30,734238.0,2026-03-30
F009198,C0472,2026-03-16,2026-04-15,701419.0,2026-04-15
F009199,C0472,2026-03-01,2026-03-31,1133095.0,2026-03-31
F009200,C0472,2026-03-18,2026-04-17,524776.0,2026-04-18
F009201,C0472,2026-04-10,2026-05-10,858693.0,2026-05-10
F009202,C0472,2026-04-25,2026-05-25,1047250.0,2026-05-26
F009203,C0472,2026-04-12,2026-05-12,814551.0,2026-05-12
F009204,C0472,2026-05-01,2026-05-31,829627.0,2026-05-31
F009205,C0472,2026-06-17,2026-07-17,789128.0,2026-07-17
F009206,C0472,2026-06-27,2026-07-27,882921.0,2026-07-27
F009207,C0472,2026-07-13,2026-08-12,646613.0,2026-08-12
F009208,C0472,2026-08-25,2026-09-24,847357.0,
F009209,C0472,2026-08-08,2026-09-07,669845.0,
F009210,C0473,2025-07-05,2025-08-04,753457.0,2025-08-04
F009211,C0473,2025-07-20,2025-08-19,912579.0,2025-08-23
F009212,C0473,2025-07-24,2025-08-23,677949.0,2025-09-04
F009213,C0473,2025-12-10,2026-01-09,1050765.0,2026-01-10
F009214,C0473,2025-12-26,2026-01-25,700018.0,2026-01-28
F009215,C0473,2026-02-20,2026-03-22,1288385.0,2026-03-24
F009216,C0473,2026-02-09,2026-03-11,879896.0,2026-03-11
F009217,C0473,2026-02-12,2026-03-14,979209.0,
F009218,C0473,2026-06-19,2026-07-19,731130.0,2026-07-20
F009219,C0473,2026-06-12,2026-07-12,942294.0,2026-07-16
F009220,C0473,2026-07-26,2026-08-25,1385483.0,2026-08-25
F009221,C0473,2026-07-11,2026-08-10,717169.0,2026-08-12
F009222,C0473,2026-07-26,2026-08-25,1637251.0,2026-08-25
F009223,C0474,2025-08-08,2025-09-07,3612407.0,2025-09-08
F009224,C0474,2025-08-27,2025-09-26,2245160.0,2025-09-30
F009225,C0474,2025-08-20,2025-09-19,1952076.0,2025-09-21
F009226,C0474,2025-09-28,2025-10-28,1628239.0,2025-10-30
F009227,C0474,2025-09-24,2025-10-24,1193783.0,2025-10-25
F009228,C0474,2025-09-22,2025-10-22,2491237.0,2025-10-22
F009229,C0474,2025-12-26,2026-01-25,2681629.0,2026-01-26
F009230,C0474,2026-01-13,2026-02-12,1989554.0,2026-02-13
F009231,C0474,2026-04-23,2026-05-23,3485154.0,2026-05-27
F009232,C0474,2026-04-08,2026-05-08,1504837.0,2026-05-09
F009233,C0474,2026-04-21,2026-05-21,2493939.0,2026-05-23
F009234,C0474,2026-06-08,2026-07-08,2075813.0,2026-07-11
F009235,C0474,2026-06-16,2026-07-16,1529195.0,2026-07-17
F009236,C0474,2026-07-13,2026-08-12,2597603.0,2026-08-17
F009237,C0474,2026-07-17,2026-08-16,2351312.0,2026-08-18
F009238,C0474,2026-08-18,2026-09-17,1536618.0,
F009239,C0475,2025-09-22,2025-10-22,799443.0,2025-10-22
F009240,C0475,2025-12-23,2026-01-22,1628968.0,2026-01-22
F009241,C0475,2026-02-15,2026-03-17,1153839.0,2026-03-18
F009242,C0475,2026-04-19,2026-05-19,742884.0,2026-05-19
F009243,C0475,2026-04-17,2026-05-17,1123481.0,2026-05-17
F009244,C0475,2026-04-06,2026-05-06,1213074.0,2026-05-06
F009245,C0475,2026-06-26,2026-07-26,987348.0,2026-07-26
F009246,C0475,2026-06-16,2026-07-16,619869.0,2026-07-16
F009247,C0475,2026-06-01,2026-07-01,1737517.0,2026-07-02
F009248,C0475,2026-08-03,2026-09-02,1376582.0,
F009249,C0475,2026-08-01,2026-08-31,1066675.0,2026-08-31
F009250,C0476,2025-09-06,2025-10-06,499392.0,2025-10-07
F009251,C0476,2025-10-15,2025-11-14,334100.0,2025-11-14
F009252,C0476,2025-10-12,2025-11-11,328224.0,2025-11-13
F009253,C0476,2025-10-25,2025-11-24,423943.0,2025-11-25
F009254,C0476,2025-12-07,2026-01-06,717248.0,2026-01-06
F009255,C0476,2025-12-17,2026-01-16,281087.0,2026-01-16
F009256,C0476,2025-12-02,2026-01-01,420268.0,2026-01-01
F009257,C0476,2026-01-14,2026-02-13,495724.0,2026-02-13
F009258,C0476,2026-01-15,2026-02-14,498191.0,2026-02-14
F009259,C0476,2026-02-25,2026-03-27,443945.0,2026-03-27
F009260,C0476,2026-02-24,2026-03-26,355980.0,2026-03-26
F009261,C0476,2026-02-09,2026-03-11,373693.0,2026-03-12
F009262,C0476,2026-03-21,2026-04-20,508772.0,2026-04-20
F009263,C0476,2026-03-18,2026-04-17,413579.0,2026-04-18
F009264,C0476,2026-04-02,2026-05-02,467022.0,2026-05-02
F009265,C0476,2026-04-23,2026-05-23,388196.0,2026-05-23
F009266,C0476,2026-04-20,2026-05-20,572129.0,2026-05-21
F009267,C0476,2026-05-09,2026-06-08,372820.0,2026-06-08
F009268,C0476,2026-05-08,2026-06-07,496480.0,2026-06-08
F009269,C0476,2026-06-05,2026-07-05,472835.0,
F009270,C0476,2026-06-04,2026-07-04,248574.0,2026-07-04
F009271,C0476,2026-07-02,2026-08-01,641020.0,2026-08-01
F009272,C0476,2026-08-27,2026-09-26,627711.0,
F009273,C0477,2025-07-26,2025-08-25,2052729.0,2025-08-28
F009274,C0477,2025-07-03,2025-08-02,2980076.0,2025-08-02
F009275,C0477,2025-08-06,2025-09-05,2357606.0,2025-09-05
F009276,C0477,2025-08-25,2025-09-24,1756774.0,2025-09-25
F009277,C0477,2025-09-25,2025-10-25,2606718.0,2025-10-28
F009278,C0477,2025-10-28,2025-11-27,2480959.0,2025-11-29
F009279,C0477,2025-10-23,2025-11-22,1619181.0,
F009280,C0477,2025-10-16,2025-11-15,2494468.0,
F009281,C0477,2025-11-13,2025-12-13,1312797.0,2025-12-17
F009282,C0477,2025-12-16,2026-01-15,2615994.0,2026-01-17
F009283,C0477,2025-12-28,2026-01-27,3168209.0,2026-01-29
F009284,C0477,2025-12-14,2026-01-13,2129413.0,2026-01-18
F009285,C0477,2026-01-13,2026-02-12,2264430.0,
F009286,C0477,2026-02-12,2026-03-14,3123094.0,2026-03-16
F009287,C0477,2026-03-18,2026-04-17,3753938.0,
F009288,C0477,2026-04-09,2026-05-09,3370894.0,2026-05-12
F009289,C0477,2026-04-27,2026-05-27,5216287.0,2026-06-01
F009290,C0477,2026-04-24,2026-05-24,2289133.0,2026-05-24
F009291,C0477,2026-05-05,2026-06-04,4458980.0,2026-06-04
F009292,C0477,2026-05-22,2026-06-21,4188253.0,2026-06-25
F009293,C0477,2026-06-26,2026-07-26,2687869.0,2026-07-28
F009294,C0477,2026-06-17,2026-07-17,3554747.0,2026-07-18
F009295,C0477,2026-06-01,2026-07-01,4039766.0,2026-07-04
F009296,C0477,2026-07-26,2026-08-25,2492026.0,2026-08-28
F009297,C0477,2026-08-08,2026-09-07,3194838.0,
F009298,C0477,2026-08-18,2026-09-17,1711746.0,
F009299,C0477,2026-08-11,2026-09-10,2177783.0,
F009300,C0478,2025-07-17,2025-08-16,1815868.0,2025-08-19
F009301,C0478,2025-07-03,2025-08-02,2649946.0,2025-08-04
F009302,C0478,2025-07-13,2025-08-12,2117691.0,2025-08-13
F009303,C0478,2025-08-07,2025-09-06,3637238.0,2025-09-12
F009304,C0478,2025-09-06,2025-10-06,978649.0,2025-10-08
F009305,C0478,2025-09-27,2025-10-27,3173662.0,2025-10-27
F009306,C0478,2025-09-19,2025-10-19,1088077.0,2025-10-21
F009307,C0478,2025-11-16,2025-12-16,1608626.0,2025-12-19
F009308,C0478,2026-01-27,2026-02-26,1542569.0,2026-02-27
F009309,C0478,2026-02-20,2026-03-22,1813337.0,2026-03-27
F009310,C0478,2026-02-18,2026-03-20,2594005.0,2026-03-22
F009311,C0478,2026-03-15,2026-04-14,1307344.0,2026-04-15
F009312,C0478,2026-03-08,2026-04-07,2018978.0,2026-04-08
F009313,C0478,2026-03-19,2026-04-18,1886076.0,2026-04-20
F009314,C0478,2026-04-06,2026-05-06,1470389.0,2026-05-09
F009315,C0478,2026-04-12,2026-05-12,1216358.0,2026-05-12
F009316,C0478,2026-05-08,2026-06-07,2164555.0,2026-06-08
F009317,C0478,2026-06-17,2026-07-17,1651308.0,2026-07-18
F009318,C0478,2026-07-19,2026-08-18,849042.0,2026-08-21
F009319,C0478,2026-07-03,2026-08-02,1922280.0,
F009320,C0478,2026-07-27,2026-08-26,2009344.0,2026-08-26
F009321,C0478,2026-08-19,2026-09-18,1500102.0,
F009322,C0479,2025-07-20,2025-08-19,1156654.0,2025-08-19
F009323,C0479,2025-07-24,2025-08-23,733220.0,2025-08-23
F009324,C0479,2025-07-07,2025-08-06,937708.0,2025-08-08
F009325,C0479,2025-08-07,2025-09-06,1029657.0,2025-09-07
F009326,C0479,2025-08-27,2025-09-26,1378519.0,2025-09-26
F009327,C0479,2025-09-25,2025-10-25,983947.0,2025-10-27
F009328,C0479,2025-09-28,2025-10-28,517250.0,2025-10-28
F009329,C0479,2025-10-04,2025-11-03,3086286.0,
F009330,C0479,2025-10-05,2025-11-04,957071.0,2025-11-06
F009331,C0479,2025-10-03,2025-11-02,1272118.0,2025-11-03
F009332,C0479,2025-11-08,2025-12-08,1016800.0,2025-12-12
F009333,C0479,2025-12-17,2026-01-16,929284.0,2026-01-17
F009334,C0479,2025-12-09,2026-01-08,1028080.0,2026-01-11
F009335,C0479,2026-01-06,2026-02-05,1579173.0,2026-02-05
F009336,C0479,2026-02-19,2026-03-21,598970.0,2026-03-22
F009337,C0479,2026-03-22,2026-04-21,765723.0,
F009338,C0479,2026-04-03,2026-05-03,949333.0,2026-05-03
F009339,C0479,2026-04-27,2026-05-27,1340301.0,2026-05-27
F009340,C0479,2026-04-24,2026-05-24,838169.0,2026-05-24
F009341,C0479,2026-05-01,2026-05-31,1191978.0,2026-05-31
F009342,C0479,2026-05-06,2026-06-05,580130.0,2026-06-05
F009343,C0479,2026-06-09,2026-07-09,1452320.0,2026-07-14
F009344,C0479,2026-07-13,2026-08-12,546262.0,2026-08-15
F009345,C0479,2026-07-12,2026-08-11,1350270.0,2026-08-12
F009346,C0480,2025-07-16,2025-08-15,1801272.0,2025-08-15
F009347,C0480,2025-07-25,2025-08-24,2215839.0,2025-08-24
F009348,C0480,2025-07-04,2025-08-03,2878405.0,2025-08-04
F009349,C0480,2025-08-25,2025-09-24,1906513.0,2025-09-25
F009350,C0480,2025-08-17,2025-09-16,2415770.0,2025-09-16
F009351,C0480,2025-08-03,2025-09-02,2069614.0,2025-09-02
F009352,C0480,2025-10-21,2025-11-20,3595174.0,2025-11-21
F009353,C0480,2025-10-22,2025-11-21,3800982.0,2025-11-21
F009354,C0480,2025-11-02,2025-12-02,3157010.0,2025-12-02
F009355,C0480,2025-11-05,2025-12-05,2177860.0,2025-12-05
F009356,C0480,2025-12-25,2026-01-24,1227646.0,2026-01-24
F009357,C0480,2025-12-07,2026-01-06,2908528.0,2026-01-07
F009358,C0480,2026-03-23,2026-04-22,2405889.0,2026-04-23
F009359,C0480,2026-03-21,2026-04-20,2166285.0,2026-04-22
F009360,C0480,2026-05-27,2026-06-26,7737725.0,2026-06-26
F009361,C0480,2026-06-10,2026-07-10,2525933.0,2026-07-11
F009362,C0480,2026-06-07,2026-07-07,3281914.0,2026-07-08
F009363,C0480,2026-06-23,2026-07-23,2805821.0,2026-07-23
F009364,C0480,2026-07-14,2026-08-13,2760437.0,2026-08-14
F009365,C0480,2026-07-03,2026-08-02,3537594.0,2026-08-02
F009366,C0480,2026-08-28,2026-09-27,4426161.0,
F009367,C0480,2026-08-09,2026-09-08,3412906.0,
F009368,C0481,2025-08-19,2025-09-18,1521541.0,
F009369,C0481,2025-08-19,2025-09-18,1221391.0,2025-09-19
F009370,C0481,2025-08-08,2025-09-07,763607.0,2025-09-09
F009371,C0481,2025-09-07,2025-10-07,1936206.0,2025-10-09
F009372,C0481,2025-11-21,2025-12-21,950335.0,2025-12-21
F009373,C0481,2025-11-05,2025-12-05,1258800.0,2025-12-05
F009374,C0481,2025-11-04,2025-12-04,1212015.0,2025-12-04
F009375,C0481,2026-01-15,2026-02-14,1001747.0,2026-02-15
F009376,C0481,2026-01-17,2026-02-16,1257482.0,2026-02-20
F009377,C0481,2026-01-27,2026-02-26,1943811.0,2026-02-28
F009378,C0481,2026-04-16,2026-05-16,1627178.0,2026-05-21
F009379,C0481,2026-04-03,2026-05-03,1393061.0,2026-05-05
F009380,C0481,2026-04-26,2026-05-26,1968707.0,2026-05-26
F009381,C0481,2026-05-19,2026-06-18,1042115.0,2026-06-22
F009382,C0481,2026-05-03,2026-06-02,784779.0,2026-06-06
F009383,C0481,2026-06-23,2026-07-23,1767757.0,
F009384,C0481,2026-08-27,2026-09-26,1816630.0,
F009385,C0481,2026-08-17,2026-09-16,3011125.0,
F009386,C0482,2025-07-22,2025-08-21,2889819.0,2025-08-21
F009387,C0482,2025-07-22,2025-08-21,1156019.0,2025-08-22
F009388,C0482,2025-07-26,2025-08-25,1809448.0,2025-08-25
F009389,C0482,2025-08-18,2025-09-17,1845809.0,
F009390,C0482,2025-08-22,2025-09-21,1642718.0,2025-09-21
F009391,C0482,2025-08-15,2025-09-14,2205988.0,2025-09-14
F009392,C0482,2025-09-09,2025-10-09,1787887.0,2025-10-09
F009393,C0482,2025-09-10,2025-10-10,1852746.0,2025-10-11
F009394,C0482,2025-09-19,2025-10-19,1742718.0,2025-10-20
F009395,C0482,2025-10-07,2025-11-06,1857547.0,2025-11-07
F009396,C0482,2025-10-22,2025-11-21,1349875.0,2025-11-22
F009397,C0482,2025-10-22,2025-11-21,2942366.0,2025-11-21
F009398,C0482,2025-11-07,2025-12-07,1521152.0,
F009399,C0482,2026-03-18,2026-04-17,2131685.0,2026-04-18
F009400,C0482,2026-03-16,2026-04-15,1602069.0,2026-04-15
F009401,C0482,2026-04-05,2026-05-05,3264772.0,2026-05-05
F009402,C0482,2026-06-14,2026-07-14,2019844.0,2026-07-16
F009403,C0482,2026-06-20,2026-07-20,2591778.0,2026-07-20
F009404,C0483,2025-11-07,2025-12-07,800277.0,2025-12-07
F009405,C0483,2025-12-14,2026-01-13,1229444.0,2026-01-14
F009406,C0483,2025-12-28,2026-01-27,1277294.0,2026-01-27
F009407,C0483,2026-04-22,2026-05-22,2560479.0,2026-05-22
F009408,C0483,2026-06-08,2026-07-08,1302906.0,2026-07-08
F009409,C0483,2026-06-17,2026-07-17,1643954.0,2026-07-17
F009410,C0484,2025-07-19,2025-08-18,6929772.0,2025-08-18
F009411,C0484,2025-07-13,2025-08-12,5400052.0,2025-08-12
F009412,C0484,2025-07-05,2025-08-04,2972328.0,2025-08-05
F009413,C0484,2025-08-21,2025-09-20,3857432.0,2025-09-22
F009414,C0484,2025-08-14,2025-09-13,2566576.0,2025-09-14
F009415,C0484,2025-09-01,2025-10-01,3881533.0,2025-10-02
F009416,C0484,2025-09-02,2025-10-02,2107014.0,2025-10-02
F009417,C0484,2025-10-13,2025-11-12,3296720.0,
F009418,C0484,2025-10-26,2025-11-25,3300976.0,2025-11-25
F009419,C0484,2025-11-05,2025-12-05,6047412.0,2025-12-05
F009420,C0484,2025-11-28,2025-12-28,3280381.0,2025-12-29
F009421,C0484,2025-11-19,2025-12-19,2954673.0,2025-12-19
F009422,C0484,2025-12-21,2026-01-20,2561891.0,2026-01-22
F009423,C0484,2026-01-22,2026-02-21,2333352.0,
F009424,C0484,2026-01-25,2026-02-24,3897038.0,2026-02-27
F009425,C0484,2026-01-04,2026-02-03,7777257.0,2026-02-03
F009426,C0484,2026-02-24,2026-03-26,2665210.0,2026-03-28
F009427,C0484,2026-02-16,2026-03-18,4144104.0,2026-03-18
F009428,C0484,2026-04-02,2026-05-02,3837267.0,2026-05-02
F009429,C0484,2026-04-05,2026-05-05,6563437.0,2026-05-05
F009430,C0484,2026-05-17,2026-06-16,2629978.0,2026-06-17
F009431,C0484,2026-05-26,2026-06-25,4312090.0,2026-06-25
F009432,C0484,2026-06-06,2026-07-06,3051135.0,2026-07-06
F009433,C0484,2026-06-11,2026-07-11,2349968.0,2026-07-12
F009434,C0484,2026-06-01,2026-07-01,6969419.0,
F009435,C0485,2025-08-12,2025-09-11,3101898.0,2025-09-11
F009436,C0485,2025-11-08,2025-12-08,2536700.0,2025-12-08
F009437,C0485,2025-11-14,2025-12-14,1480353.0,2025-12-14
F009438,C0485,2025-12-10,2026-01-09,2203697.0,2026-01-09
F009439,C0485,2026-01-03,2026-02-02,951718.0,2026-02-02
F009440,C0485,2026-04-27,2026-05-27,1419508.0,2026-05-27
F009441,C0485,2026-04-13,2026-05-13,2187171.0,2026-05-13
F009442,C0485,2026-04-22,2026-05-22,1534369.0,2026-05-22
F009443,C0485,2026-06-21,2026-07-21,4937624.0,2026-07-21
F009444,C0485,2026-06-11,2026-07-11,2393796.0,2026-07-11
F009445,C0485,2026-06-24,2026-07-24,3052110.0,2026-07-24
F009446,C0485,2026-07-12,2026-08-11,1303460.0,2026-08-11
F009447,C0485,2026-07-26,2026-08-25,2461556.0,2026-08-25
F009448,C0485,2026-07-26,2026-08-25,1458766.0,2026-08-25
F009449,C0485,2026-08-19,2026-09-18,1960310.0,
F009450,C0486,2025-07-03,2025-08-02,3645514.0,2025-08-03
F009451,C0486,2025-07-19,2025-08-18,2716468.0,2025-08-20
F009452,C0486,2025-07-27,2025-08-26,2567886.0,2025-08-27
F009453,C0486,2025-08-03,2025-09-02,3799876.0,2025-09-03
F009454,C0486,2025-08-22,2025-09-21,2743948.0,2025-09-22
F009455,C0486,2025-09-09,2025-10-09,2067324.0,2025-10-09
F009456,C0486,2025-09-15,2025-10-15,4851017.0,2025-10-16
F009457,C0486,2025-10-02,2025-11-01,4326733.0,2025-11-01
F009458,C0486,2025-10-07,2025-11-06,4567028.0,2025-11-06
F009459,C0486,2025-11-09,2025-12-09,2368759.0,2025-12-09
F009460,C0486,2025-11-05,2025-12-05,1708245.0,2025-12-05
F009461,C0486,2025-11-15,2025-12-15,1364209.0,2025-12-15
F009462,C0486,2025-12-15,2026-01-14,3911009.0,2026-01-15
F009463,C0486,2025-12-08,2026-01-07,7124910.0,2026-01-10
F009464,C0486,2026-02-12,2026-03-14,1923675.0,2026-03-14
F009465,C0486,2026-02-20,2026-03-22,2703942.0,2026-03-22
F009466,C0486,2026-02-03,2026-03-05,1823624.0,2026-03-06
F009467,C0486,2026-03-09,2026-04-08,5528341.0,2026-04-10
F009468,C0486,2026-03-18,2026-04-17,3538258.0,2026-04-17
F009469,C0486,2026-03-28,2026-04-27,3198391.0,2026-04-29
F009470,C0486,2026-04-25,2026-05-25,3339587.0,2026-05-26
F009471,C0486,2026-04-03,2026-05-03,3797500.0,2026-05-03
F009472,C0486,2026-04-16,2026-05-16,3489304.0,2026-05-16
F009473,C0486,2026-05-01,2026-05-31,816935.0,2026-05-31
F009474,C0486,2026-05-14,2026-06-13,2520107.0,2026-06-13
F009475,C0486,2026-05-21,2026-06-20,2888698.0,2026-06-20
F009476,C0486,2026-06-24,2026-07-24,3073616.0,2026-07-25
F009477,C0486,2026-06-13,2026-07-13,1477994.0,2026-07-13
F009478,C0486,2026-06-02,2026-07-02,3370170.0,2026-07-02
F009479,C0486,2026-07-13,2026-08-12,3712877.0,2026-08-12
F009480,C0486,2026-08-11,2026-09-10,2462279.0,
F009481,C0486,2026-08-02,2026-09-01,4800985.0,
F009482,C0486,2026-08-16,2026-09-15,2344398.0,
F009483,C0487,2025-07-14,2025-08-13,3019203.0,2025-08-14
F009484,C0487,2025-09-13,2025-10-13,2770877.0,2025-10-14
F009485,C0487,2025-09-28,2025-10-28,4390813.0,2025-10-29
F009486,C0487,2025-09-12,2025-10-12,5090512.0,2025-10-12
F009487,C0487,2025-10-22,2025-11-21,3219550.0,2025-11-21
F009488,C0487,2025-10-08,2025-11-07,2910038.0,2025-11-08
F009489,C0487,2025-11-26,2025-12-26,2486538.0,2025-12-26
F009490,C0487,2025-11-13,2025-12-13,5389270.0,2025-12-13
F009491,C0487,2025-11-27,2025-12-27,5121970.0,2025-12-27
F009492,C0487,2026-01-26,2026-02-25,3751252.0,2026-02-26
F009493,C0487,2026-02-28,2026-03-30,3787648.0,2026-03-30
F009494,C0487,2026-03-21,2026-04-20,3428655.0,2026-04-21
F009495,C0487,2026-03-05,2026-04-04,3165342.0,2026-04-05
F009496,C0487,2026-03-10,2026-04-09,4122356.0,2026-04-11
F009497,C0487,2026-04-24,2026-05-24,4021343.0,2026-05-26
F009498,C0487,2026-04-26,2026-05-26,3755995.0,2026-05-26
F009499,C0487,2026-04-05,2026-05-05,5149398.0,2026-05-05
F009500,C0487,2026-05-05,2026-06-04,2884075.0,2026-06-04
F009501,C0487,2026-05-25,2026-06-24,2614945.0,2026-06-24
F009502,C0487,2026-06-27,2026-07-27,4434931.0,2026-07-27
F009503,C0487,2026-08-11,2026-09-10,4791326.0,
F009504,C0487,2026-08-11,2026-09-10,3119889.0,
F009505,C0488,2025-07-15,2025-08-14,4899927.0,2025-08-14
F009506,C0488,2025-07-14,2025-08-13,4555308.0,2025-08-13
F009507,C0488,2025-09-22,2025-10-22,5580714.0,2025-10-24
F009508,C0488,2025-10-01,2025-10-31,6080164.0,2025-10-31
F009509,C0488,2025-10-05,2025-11-04,8401503.0,2025-11-05
F009510,C0488,2025-10-21,2025-11-20,2950553.0,2025-11-20
F009511,C0488,2025-11-06,2025-12-06,4736862.0,2025-12-09
F009512,C0488,2025-12-04,2026-01-03,4461874.0,2026-01-05
F009513,C0488,2025-12-10,2026-01-09,8487152.0,2026-01-13
F009514,C0488,2026-02-17,2026-03-19,9622491.0,2026-03-20
F009515,C0488,2026-02-03,2026-03-05,4752243.0,2026-03-05
F009516,C0488,2026-02-24,2026-03-26,4920906.0,2026-03-26
F009517,C0488,2026-03-12,2026-04-11,7846578.0,2026-04-14
F009518,C0488,2026-03-16,2026-04-15,8180588.0,2026-04-15
F009519,C0488,2026-03-05,2026-04-04,6685539.0,2026-04-06
F009520,C0488,2026-05-10,2026-06-09,4111244.0,2026-06-09
F009521,C0488,2026-05-04,2026-06-03,3013027.0,2026-06-05
F009522,C0488,2026-05-28,2026-06-27,4330668.0,2026-06-29
F009523,C0488,2026-06-05,2026-07-05,6536403.0,2026-07-05
F009524,C0488,2026-06-09,2026-07-09,9024885.0,2026-07-09
F009525,C0488,2026-06-13,2026-07-13,7115300.0,2026-07-13
F009526,C0488,2026-07-24,2026-08-23,6933637.0,2026-08-31
F009527,C0488,2026-07-23,2026-08-22,6162479.0,2026-08-24
F009528,C0488,2026-08-01,2026-08-31,7481968.0,
F009529,C0488,2026-08-15,2026-09-14,7094561.0,
F009530,C0488,2026-08-25,2026-09-24,6761471.0,
F009531,C0489,2025-07-24,2025-08-23,2236824.0,2025-08-24
F009532,C0489,2025-07-18,2025-08-17,2223865.0,2025-08-19
F009533,C0489,2025-07-27,2025-08-26,1910730.0,2025-08-26
F009534,C0489,2025-08-19,2025-09-18,2009813.0,2025-09-18
F009535,C0489,2025-11-18,2025-12-18,3586332.0,2025-12-18
F009536,C0489,2025-11-13,2025-12-13,2427605.0,2025-12-14
F009537,C0489,2025-12-18,2026-01-17,5081378.0,2026-01-17
F009538,C0489,2026-03-11,2026-04-10,1454118.0,2026-04-10
F009539,C0489,2026-05-07,2026-06-06,1037275.0,2026-06-06
F009540,C0490,2025-07-03,2025-08-02,443134.0,2025-08-02
F009541,C0490,2025-08-08,2025-09-07,307203.0,2025-09-07
F009542,C0490,2025-08-15,2025-09-14,514954.0,2025-09-16
F009543,C0490,2025-08-03,2025-09-02,513777.0,2025-09-04
F009544,C0490,2025-09-05,2025-10-05,990523.0,
F009545,C0490,2025-10-05,2025-11-04,585482.0,2025-11-04
F009546,C0490,2025-10-05,2025-11-04,1001101.0,2025-11-07
F009547,C0490,2025-11-08,2025-12-08,365353.0,2025-12-09
F009548,C0490,2026-01-11,2026-02-10,603011.0,2026-02-11
F009549,C0490,2026-01-27,2026-02-26,496495.0,2026-02-26
F009550,C0490,2026-02-04,2026-03-06,991834.0,2026-03-06
F009551,C0490,2026-02-07,2026-03-09,1114263.0,2026-03-09
F009552,C0490,2026-03-20,2026-04-19,266146.0,2026-04-21
F009553,C0490,2026-04-21,2026-05-21,589760.0,2026-05-21
F009554,C0490,2026-04-05,2026-05-05,894116.0,2026-05-05
F009555,C0490,2026-04-16,2026-05-16,806765.0,2026-05-19
F009556,C0490,2026-05-11,2026-06-10,773453.0,2026-06-11
F009557,C0490,2026-05-01,2026-05-31,813511.0,2026-06-02
F009558,C0490,2026-05-12,2026-06-11,390442.0,2026-06-11
F009559,C0490,2026-06-17,2026-07-17,964122.0,
F009560,C0490,2026-06-15,2026-07-15,341930.0,2026-07-16
F009561,C0490,2026-07-05,2026-08-04,961509.0,2026-08-05
F009562,C0490,2026-07-12,2026-08-11,511828.0,2026-08-14
F009563,C0490,2026-07-02,2026-08-01,818506.0,2026-08-03
F009564,C0490,2026-08-10,2026-09-09,732812.0,
F009565,C0490,2026-08-22,2026-09-21,559766.0,
F009566,C0491,2025-07-08,2025-08-07,977539.0,2025-08-07
F009567,C0491,2025-07-23,2025-08-22,1410633.0,2025-08-22
F009568,C0491,2025-07-10,2025-08-09,1098870.0,2025-08-09
F009569,C0491,2025-08-21,2025-09-20,1545006.0,2025-09-20
F009570,C0491,2025-08-25,2025-09-24,475905.0,2025-09-25
F009571,C0491,2025-08-12,2025-09-11,1458881.0,2025-09-11
F009572,C0491,2025-09-20,2025-10-20,2479743.0,2025-10-20
F009573,C0491,2025-10-25,2025-11-24,1330208.0,2025-11-24
F009574,C0491,2025-10-03,2025-11-02,1309121.0,2025-11-02
F009575,C0491,2025-11-01,2025-12-01,758270.0,2025-12-02
F009576,C0491,2025-11-09,2025-12-09,1764159.0,
F009577,C0491,2025-12-06,2026-01-05,964697.0,2026-01-05
F009578,C0491,2025-12-04,2026-01-03,1201776.0,2026-01-03
F009579,C0491,2025-12-02,2026-01-01,1275994.0,2026-01-02
F009580,C0491,2026-01-23,2026-02-22,1700437.0,2026-02-23
F009581,C0491,2026-01-02,2026-02-01,810407.0,2026-02-01
F009582,C0491,2026-01-04,2026-02-03,770630.0,2026-02-05
F009583,C0491,2026-02-12,2026-03-14,1611697.0,2026-03-14
F009584,C0491,2026-02-11,2026-03-13,1389090.0,2026-03-14
F009585,C0491,2026-03-11,2026-04-10,776752.0,2026-04-10
F009586,C0491,2026-03-07,2026-04-06,1835277.0,2026-04-06
F009587,C0491,2026-05-21,2026-06-20,1635199.0,2026-06-20
F009588,C0491,2026-06-04,2026-07-04,1477454.0,2026-07-06
F009589,C0491,2026-06-16,2026-07-16,1330531.0,2026-07-17
F009590,C0491,2026-07-25,2026-08-24,890474.0,2026-08-25
F009591,C0491,2026-07-23,2026-08-22,1700632.0,2026-08-22
F009592,C0491,2026-07-14,2026-08-13,769766.0,2026-08-13
F009593,C0491,2026-08-11,2026-09-10,1582539.0,
F009594,C0491,2026-08-02,2026-09-01,1833180.0,
F009595,C0491,2026-08-03,2026-09-02,772953.0,
F009596,C0492,2025-07-18,2025-08-17,4020482.0,2025-08-18
F009597,C0492,2025-07-03,2025-08-02,2807732.0,2025-08-03
F009598,C0492,2025-07-19,2025-08-18,3288700.0,2025-08-18
F009599,C0492,2025-08-24,2025-09-23,2784010.0,2025-09-23
F009600,C0492,2025-08-23,2025-09-22,3182639.0,2025-09-23
F009601,C0492,2025-08-14,2025-09-13,1096030.0,2025-09-16
F009602,C0492,2025-09-23,2025-10-23,2758946.0,2025-10-23
F009603,C0492,2025-09-23,2025-10-23,3061035.0,2025-10-25
F009604,C0492,2025-10-06,2025-11-05,2434069.0,2025-11-05
F009605,C0492,2025-11-05,2025-12-05,4008869.0,2025-12-05
F009606,C0492,2025-11-15,2025-12-15,3114439.0,2025-12-16
F009607,C0492,2025-12-12,2026-01-11,1787621.0,2026-01-13
F009608,C0492,2026-01-08,2026-02-07,1575227.0,2026-02-07
F009609,C0492,2026-01-15,2026-02-14,3193310.0,2026-02-14
F009610,C0492,2026-01-06,2026-02-05,1715004.0,2026-02-08
F009611,C0492,2026-02-15,2026-03-17,3896999.0,2026-03-17
F009612,C0492,2026-02-08,2026-03-10,4468987.0,
F009613,C0492,2026-03-07,2026-04-06,2823870.0,2026-04-08
F009614,C0492,2026-03-18,2026-04-17,2623831.0,2026-04-17
F009615,C0492,2026-04-21,2026-05-21,4518065.0,2026-05-21
F009616,C0492,2026-05-02,2026-06-01,2527251.0,2026-06-01
F009617,C0492,2026-05-06,2026-06-05,2572775.0,2026-06-06
F009618,C0492,2026-05-11,2026-06-10,2109693.0,2026-06-11
F009619,C0492,2026-06-24,2026-07-24,2826578.0,2026-07-26
F009620,C0492,2026-07-11,2026-08-10,2032179.0,
F009621,C0492,2026-07-27,2026-08-26,4262745.0,2026-08-26
F009622,C0492,2026-08-25,2026-09-24,3559361.0,
F009623,C0493,2025-09-26,2025-10-26,1447606.0,2025-10-26
F009624,C0493,2025-09-28,2025-10-28,1314088.0,
F009625,C0493,2025-10-23,2025-11-22,2324588.0,2025-11-23
F009626,C0493,2025-10-24,2025-11-23,2601680.0,2025-11-23
F009627,C0493,2026-04-10,2026-05-10,1210770.0,2026-05-13
F009628,C0493,2026-04-13,2026-05-13,2074615.0,2026-05-13
F009629,C0493,2026-05-04,2026-06-03,1077707.0,2026-06-06
F009630,C0493,2026-05-22,2026-06-21,873101.0,2026-06-22
F009631,C0493,2026-05-26,2026-06-25,937843.0,2026-06-25
F009632,C0493,2026-06-25,2026-07-25,1290064.0,2026-07-26
F009633,C0493,2026-06-28,2026-07-28,1538078.0,2026-07-28
F009634,C0493,2026-06-02,2026-07-02,2360757.0,2026-07-03
F009635,C0493,2026-07-14,2026-08-13,1432734.0,2026-08-14
F009636,C0493,2026-07-21,2026-08-20,1695430.0,2026-08-21
F009637,C0494,2025-07-10,2025-08-09,3275692.0,2025-08-10
F009638,C0494,2025-07-21,2025-08-20,4729637.0,2025-08-20
F009639,C0494,2025-07-01,2025-07-31,1462644.0,2025-07-31
F009640,C0494,2025-10-28,2025-11-27,4103825.0,2025-11-27
F009641,C0494,2025-10-20,2025-11-19,1646834.0,2025-11-19
F009642,C0494,2025-11-03,2025-12-03,3396985.0,2025-12-03
F009643,C0494,2025-12-20,2026-01-19,1858884.0,2026-01-19
F009644,C0494,2026-01-08,2026-02-07,1578260.0,2026-02-09
F009645,C0494,2026-01-22,2026-02-21,3142749.0,2026-02-21
F009646,C0494,2026-01-17,2026-02-16,1871316.0,2026-02-16
F009647,C0494,2026-02-15,2026-03-17,2493858.0,2026-03-17
F009648,C0494,2026-03-09,2026-04-08,2175187.0,2026-04-08
F009649,C0494,2026-05-26,2026-06-25,2163934.0,2026-06-25
F009650,C0494,2026-05-12,2026-06-11,1728563.0,2026-06-11
F009651,C0494,2026-05-07,2026-06-06,3606863.0,2026-06-06
F009652,C0495,2025-07-04,2025-08-03,1702772.0,2025-08-04
F009653,C0495,2025-07-26,2025-08-25,1129140.0,2025-08-26
F009654,C0495,2025-07-20,2025-08-19,2521741.0,2025-08-19
F009655,C0495,2025-08-06,2025-09-05,1252105.0,2025-09-06
F009656,C0495,2025-09-21,2025-10-21,1602606.0,2025-10-23
F009657,C0495,2025-09-01,2025-10-01,992456.0,2025-10-01
F009658,C0495,2025-10-05,2025-11-04,2021566.0,2025-11-07
F009659,C0495,2025-10-23,2025-11-22,1256625.0,2025-11-23
F009660,C0495,2025-10-18,2025-11-17,1941302.0,2025-11-21
F009661,C0495,2025-11-22,2025-12-22,1318835.0,2025-12-23
F009662,C0495,2025-11-08,2025-12-08,2257387.0,2025-12-10
F009663,C0495,2025-12-19,2026-01-18,1973842.0,2026-01-18
F009664,C0495,2025-12-06,2026-01-05,869669.0,2026-01-07
F009665,C0495,2025-12-05,2026-01-04,1807860.0,2026-01-13
F009666,C0495,2026-01-24,2026-02-23,482728.0,2026-02-24
F009667,C0495,2026-01-14,2026-02-13,613253.0,2026-02-15
F009668,C0495,2026-01-22,2026-02-21,936098.0,2026-02-26
F009669,C0495,2026-02-03,2026-03-05,2183797.0,2026-03-06
F009670,C0495,2026-03-23,2026-04-22,1833473.0,
F009671,C0495,2026-03-15,2026-04-14,2208095.0,2026-04-15
F009672,C0495,2026-03-09,2026-04-08,3652962.0,2026-04-11
F009673,C0495,2026-04-02,2026-05-02,2116083.0,2026-05-08
F009674,C0495,2026-05-10,2026-06-09,883677.0,2026-06-15
F009675,C0495,2026-05-14,2026-06-13,1225417.0,2026-06-14
F009676,C0495,2026-05-17,2026-06-16,1210170.0,2026-06-21
F009677,C0495,2026-06-11,2026-07-11,1117796.0,2026-07-11
F009678,C0495,2026-06-16,2026-07-16,1724294.0,2026-07-19
F009679,C0495,2026-07-21,2026-08-20,1565577.0,2026-08-20
F009680,C0495,2026-08-07,2026-09-06,2902240.0,
F009681,C0496,2025-07-27,2025-08-26,955593.0,2025-08-27
F009682,C0496,2025-07-13,2025-08-12,690867.0,2025-08-12
F009683,C0496,2025-07-18,2025-08-17,2435959.0,2025-08-17
F009684,C0496,2025-08-19,2025-09-18,581125.0,
F009685,C0496,2025-09-28,2025-10-28,893768.0,2025-10-28
F009686,C0496,2025-09-17,2025-10-17,2187636.0,2025-10-17
F009687,C0496,2025-09-17,2025-10-17,922320.0,2025-10-19
F009688,C0496,2025-11-13,2025-12-13,1045358.0,2025-12-13
F009689,C0496,2025-11-20,2025-12-20,1320955.0,2025-12-20
F009690,C0496,2025-12-03,2026-01-02,618702.0,2026-01-02
F009691,C0496,2026-01-23,2026-02-22,1541818.0,
F009692,C0496,2026-01-20,2026-02-19,1117302.0,2026-02-20
F009693,C0496,2026-01-08,2026-02-07,1933240.0,2026-02-07
F009694,C0496,2026-02-28,2026-03-30,1506292.0,2026-04-01
F009695,C0496,2026-03-23,2026-04-22,1227866.0,2026-04-22
F009696,C0496,2026-04-14,2026-05-14,1450047.0,2026-05-14
F009697,C0496,2026-04-15,2026-05-15,791420.0,2026-05-16
F009698,C0496,2026-04-10,2026-05-10,1881600.0,2026-05-11
F009699,C0496,2026-05-04,2026-06-03,890639.0,2026-06-04
F009700,C0496,2026-05-07,2026-06-06,1219166.0,2026-06-06
F009701,C0496,2026-05-10,2026-06-09,1004653.0,2026-06-09
F009702,C0496,2026-06-14,2026-07-14,801037.0,2026-07-14
F009703,C0496,2026-06-06,2026-07-06,1292494.0,2026-07-06
F009704,C0496,2026-08-19,2026-09-18,1996332.0,
F009705,C0496,2026-08-19,2026-09-18,924968.0,
F009706,C0496,2026-08-16,2026-09-15,1032963.0,
F009707,C0497,2025-09-04,2025-10-04,1610669.0,2025-10-08
F009708,C0497,2025-09-17,2025-10-17,771833.0,2025-10-31
F009709,C0497,2025-09-03,2025-10-03,1603916.0,2025-10-05
F009710,C0497,2025-10-16,2025-11-15,1317599.0,2025-11-17
F009711,C0497,2025-11-20,2025-12-20,1465893.0,2025-12-28
F009712,C0497,2025-12-12,2026-01-11,2289063.0,2026-01-16
F009713,C0497,2025-12-13,2026-01-12,1352416.0,
F009714,C0497,2025-12-18,2026-01-17,2494047.0,2026-01-30
F009715,C0497,2026-01-15,2026-02-14,1465568.0,2026-02-20
F009716,C0497,2026-01-17,2026-02-16,1346543.0,2026-02-16
F009717,C0497,2026-01-09,2026-02-08,1197759.0,2026-02-19
F009718,C0497,2026-02-23,2026-03-25,1713367.0,
F009719,C0497,2026-02-05,2026-03-07,1800907.0,2026-03-11
F009720,C0497,2026-02-06,2026-03-08,1794049.0,2026-03-11
F009721,C0497,2026-03-21,2026-04-20,2261521.0,2026-04-25
F009722,C0497,2026-04-27,2026-05-27,2181553.0,2026-06-09
F009723,C0498,2025-07-23,2025-08-22,2925386.0,2025-08-22
F009724,C0498,2025-08-26,2025-09-25,2365724.0,2025-09-26
F009725,C0498,2025-08-02,2025-09-01,1816201.0,2025-09-02
F009726,C0498,2025-08-25,2025-09-24,1846497.0,2025-09-24
F009727,C0498,2025-09-09,2025-10-09,2618776.0,2025-10-09
F009728,C0498,2025-09-17,2025-10-17,1545834.0,2025-10-17
F009729,C0498,2025-09-01,2025-10-01,2667153.0,2025-10-01
F009730,C0498,2025-10-04,2025-11-03,1911393.0,2025-11-04
F009731,C0498,2026-02-24,2026-03-26,1353949.0,2026-03-27
F009732,C0498,2026-02-27,2026-03-29,3402391.0,2026-03-30
F009733,C0498,2026-03-23,2026-04-22,1828470.0,2026-04-22
F009734,C0498,2026-04-22,2026-05-22,1598466.0,2026-05-22
F009735,C0498,2026-05-15,2026-06-14,2574081.0,2026-06-14
F009736,C0498,2026-08-25,2026-09-24,2662284.0,
F009737,C0499,2025-07-03,2025-08-02,1192185.0,2025-08-02
F009738,C0499,2025-07-20,2025-08-19,815759.0,2025-08-19
F009739,C0499,2025-08-19,2025-09-18,915869.0,2025-09-19
F009740,C0499,2025-08-26,2025-09-25,812048.0,2025-09-26
F009741,C0499,2025-08-17,2025-09-16,1042447.0,2025-09-16
F009742,C0499,2025-09-02,2025-10-02,749110.0,2025-10-02
F009743,C0499,2025-10-21,2025-11-20,606770.0,2025-11-20
F009744,C0499,2025-11-17,2025-12-17,1280883.0,2025-12-18
F009745,C0499,2026-02-06,2026-03-08,914686.0,2026-03-09
F009746,C0499,2026-03-12,2026-04-11,1543209.0,
F009747,C0499,2026-03-12,2026-04-11,644007.0,2026-04-11
F009748,C0499,2026-04-25,2026-05-25,678438.0,2026-05-26
F009749,C0499,2026-04-22,2026-05-22,1459772.0,2026-05-24
F009750,C0499,2026-04-24,2026-05-24,386337.0,2026-05-25
F009751,C0499,2026-05-23,2026-06-22,800533.0,2026-06-22
F009752,C0499,2026-07-06,2026-08-05,656464.0,2026-08-05
F009753,C0499,2026-07-18,2026-08-17,617083.0,2026-08-17
F009754,C0499,2026-08-28,2026-09-27,842780.0,
F009755,C0499,2026-08-18,2026-09-17,925084.0,
F009756,C0499,2026-08-15,2026-09-14,1324266.0,
F009757,C0500,2025-07-21,2025-08-20,3407403.0,2025-08-21
F009758,C0500,2025-08-04,2025-09-03,3165779.0,2025-09-03
F009759,C0500,2025-08-17,2025-09-16,2150000.0,2025-09-17
F009760,C0500,2025-08-17,2025-09-16,3402862.0,2025-09-16
F009761,C0500,2025-11-24,2025-12-24,5708408.0,2025-12-24
F009762,C0500,2025-11-14,2025-12-14,2611663.0,2025-12-14
F009763,C0500,2025-11-11,2025-12-11,2085062.0,2025-12-11
F009764,C0500,2026-02-27,2026-03-29,2341904.0,2026-03-29
F009765,C0500,2026-03-23,2026-04-22,2755742.0,2026-04-22
F009766,C0500,2026-03-10,2026-04-09,5430936.0,2026-04-09
F009767,C0500,2026-04-23,2026-05-23,5320834.0,2026-05-23
F009768,C0500,2026-04-14,2026-05-14,5098798.0,2026-05-14
F009769,C0500,2026-06-05,2026-07-05,3890286.0,
F009770,C0501,2025-07-12,2025-08-11,2007504.0,2025-08-12
F009771,C0501,2025-07-14,2025-08-13,1209791.0,2025-08-13
F009772,C0501,2025-09-10,2025-10-10,1779991.0,2025-10-10
F009773,C0501,2025-09-26,2025-10-26,1630834.0,2025-10-27
F009774,C0501,2025-10-28,2025-11-27,1909139.0,2025-11-27
F009775,C0501,2026-02-28,2026-03-30,2183904.0,2026-03-31
F009776,C0501,2026-04-06,2026-05-06,1247360.0,2026-05-06
F009777,C0501,2026-04-09,2026-05-09,2229432.0,2026-05-09
F009778,C0501,2026-04-15,2026-05-15,1169746.0,2026-05-17
F009779,C0501,2026-05-19,2026-06-18,873481.0,2026-06-18
F009780,C0501,2026-05-19,2026-06-18,1081634.0,2026-06-21
F009781,C0501,2026-06-15,2026-07-15,2259225.0,2026-07-17
F009782,C0501,2026-06-05,2026-07-05,1137590.0,2026-07-05
F009783,C0501,2026-06-25,2026-07-25,1255160.0,2026-07-25
F009784,C0501,2026-08-03,2026-09-02,868277.0,
F009785,C0501,2026-08-08,2026-09-07,1330027.0,
F009786,C0502,2025-07-16,2025-08-15,396970.0,2025-08-15
F009787,C0502,2025-08-11,2025-09-10,931756.0,2025-09-11
F009788,C0502,2025-09-06,2025-10-06,374819.0,2025-10-08
F009789,C0502,2025-09-15,2025-10-15,551204.0,2025-10-16
F009790,C0502,2025-09-10,2025-10-10,561224.0,2025-10-17
F009791,C0502,2025-10-26,2025-11-25,1010944.0,2025-11-29
F009792,C0502,2025-11-15,2025-12-15,462052.0,2025-12-16
F009793,C0502,2025-12-14,2026-01-13,321910.0,2026-01-14
F009794,C0502,2025-12-09,2026-01-08,550619.0,2026-01-11
F009795,C0502,2026-02-04,2026-03-06,256397.0,2026-03-08
F009796,C0502,2026-02-27,2026-03-29,766233.0,2026-03-30
F009797,C0502,2026-03-22,2026-04-21,597014.0,2026-04-26
F009798,C0502,2026-03-16,2026-04-15,337361.0,2026-04-15
F009799,C0502,2026-04-07,2026-05-07,1067046.0,2026-05-09
F009800,C0502,2026-04-12,2026-05-12,549415.0,2026-05-13
F009801,C0502,2026-04-15,2026-05-15,513613.0,2026-05-17
F009802,C0502,2026-05-09,2026-06-08,323471.0,2026-06-19
F009803,C0502,2026-05-04,2026-06-03,605401.0,2026-06-03
F009804,C0502,2026-07-23,2026-08-22,362432.0,2026-08-23
F009805,C0502,2026-07-14,2026-08-13,560686.0,2026-08-14
F009806,C0502,2026-07-13,2026-08-12,797632.0,2026-08-12
F009807,C0502,2026-08-26,2026-09-25,487967.0,
F009808,C0503,2025-08-18,2025-09-17,3490659.0,2025-09-17
F009809,C0503,2025-08-19,2025-09-18,1575020.0,2025-09-18
F009810,C0503,2025-09-03,2025-10-03,824216.0,2025-10-03
F009811,C0503,2025-09-14,2025-10-14,1702012.0,2025-10-14
F009812,C0503,2025-10-22,2025-11-21,1011489.0,2025-11-21
F009813,C0503,2025-10-26,2025-11-25,1532118.0,2025-11-25
F009814,C0503,2025-10-03,2025-11-02,1266548.0,2025-11-02
F009815,C0503,2025-11-16,2025-12-16,1247193.0,2025-12-16
F009816,C0503,2025-12-08,2026-01-07,3164134.0,2026-01-07
F009817,C0503,2025-12-11,2026-01-10,1906091.0,2026-01-10
F009818,C0503,2025-12-04,2026-01-03,1083648.0,2026-01-03
F009819,C0503,2026-01-08,2026-02-07,1241354.0,2026-02-07
F009820,C0503,2026-03-05,2026-04-04,1061538.0,2026-04-04
F009821,C0503,2026-03-26,2026-04-25,1928373.0,2026-04-25
F009822,C0503,2026-04-28,2026-05-28,1443726.0,2026-05-29
F009823,C0503,2026-04-17,2026-05-17,1579883.0,
F009824,C0503,2026-04-18,2026-05-18,2341726.0,2026-05-19
F009825,C0503,2026-07-15,2026-08-14,1692120.0,2026-08-14
F009826,C0504,2025-07-04,2025-08-03,2729916.0,2025-08-03
F009827,C0504,2025-07-26,2025-08-25,3115688.0,2025-08-25
F009828,C0504,2025-07-03,2025-08-02,4440373.0,2025-08-02
F009829,C0504,2025-08-02,2025-09-01,3682582.0,2025-09-01
F009830,C0504,2025-08-28,2025-09-27,2639170.0,2025-09-27
F009831,C0504,2025-09-08,2025-10-08,3812350.0,2025-10-10
F009832,C0504,2025-09-10,2025-10-10,1714276.0,2025-10-11
F009833,C0504,2025-09-08,2025-10-08,3102146.0,2025-10-08
F009834,C0504,2025-11-04,2025-12-04,2707469.0,2025-12-05
F009835,C0504,2025-11-14,2025-12-14,3632171.0,2025-12-14
F009836,C0504,2025-12-28,2026-01-27,3060233.0,2026-01-27
F009837,C0504,2025-12-16,2026-01-15,3638498.0,
F009838,C0504,2026-01-20,2026-02-19,2332337.0,2026-02-20
F009839,C0504,2026-01-10,2026-02-09,2078903.0,2026-02-09
F009840,C0504,2026-01-11,2026-02-10,2911964.0,2026-02-10
F009841,C0504,2026-03-21,2026-04-20,3709018.0,2026-04-20
F009842,C0504,2026-03-11,2026-04-10,3331051.0,2026-04-11
F009843,C0504,2026-04-20,2026-05-20,3090275.0,2026-05-20
F009844,C0504,2026-04-24,2026-05-24,1862023.0,2026-05-24
F009845,C0504,2026-04-03,2026-05-03,3756014.0,2026-05-04
F009846,C0504,2026-05-02,2026-06-01,6029027.0,2026-06-01
F009847,C0504,2026-06-23,2026-07-23,3006565.0,2026-07-23
F009848,C0504,2026-06-05,2026-07-05,1025594.0,2026-07-05
F009849,C0504,2026-06-10,2026-07-10,5561793.0,2026-07-12
F009850,C0504,2026-07-09,2026-08-08,4304738.0,2026-08-09
F009851,C0504,2026-08-28,2026-09-27,3234715.0,
F009852,C0504,2026-08-25,2026-09-24,2306097.0,
F009853,C0504,2026-08-06,2026-09-05,3742734.0,
F009854,C0505,2025-07-15,2025-08-14,1900270.0,2025-08-14
F009855,C0505,2025-07-22,2025-08-21,1961347.0,
F009856,C0505,2025-07-14,2025-08-13,3363060.0,2025-08-17
F009857,C0505,2025-09-16,2025-10-16,1676946.0,2025-10-16
F009858,C0505,2025-09-17,2025-10-17,2164597.0,2025-10-17
F009859,C0505,2025-10-08,2025-11-07,2837845.0,2025-11-07
F009860,C0505,2025-10-22,2025-11-21,3286951.0,2025-11-24
F009861,C0505,2025-10-14,2025-11-13,1375309.0,2025-11-14
F009862,C0505,2025-11-15,2025-12-15,1842050.0,
F009863,C0505,2025-11-23,2025-12-23,3813053.0,2025-12-24
F009864,C0505,2025-12-24,2026-01-23,2458940.0,2026-01-24
F009865,C0505,2026-03-25,2026-04-24,2998574.0,2026-04-29
F009866,C0505,2026-03-05,2026-04-04,922831.0,2026-04-04
F009867,C0505,2026-04-07,2026-05-07,3205580.0,2026-05-13
F009868,C0505,2026-04-11,2026-05-11,1789533.0,2026-05-12
F009869,C0505,2026-04-16,2026-05-16,1254003.0,2026-05-17
F009870,C0505,2026-06-03,2026-07-03,2057258.0,2026-07-04
F009871,C0505,2026-07-24,2026-08-23,2074534.0,2026-08-23
F009872,C0505,2026-07-23,2026-08-22,1560985.0,2026-08-26
F009873,C0505,2026-08-17,2026-09-16,2123773.0,
F009874,C0506,2025-07-03,2025-08-02,1193767.0,2025-08-03
F009875,C0506,2025-07-24,2025-08-23,1258849.0,2025-08-23
F009876,C0506,2025-10-18,2025-11-17,1508751.0,2025-11-17
F009877,C0506,2025-10-23,2025-11-22,712640.0,2025-11-23
F009878,C0506,2025-10-04,2025-11-03,1178115.0,2025-11-09
F009879,C0506,2025-12-17,2026-01-16,730196.0,2026-01-18
F009880,C0506,2025-12-05,2026-01-04,1412932.0,2026-01-06
F009881,C0506,2026-03-12,2026-04-11,957221.0,2026-04-12
F009882,C0506,2026-06-28,2026-07-28,1007010.0,2026-07-29
F009883,C0506,2026-08-01,2026-08-31,830516.0,
F009884,C0507,2025-09-17,2025-10-17,1581559.0,2025-10-17
F009885,C0507,2025-09-22,2025-10-22,2952543.0,2025-10-23
F009886,C0507,2025-09-05,2025-10-05,3592656.0,
F009887,C0507,2025-10-17,2025-11-16,2195137.0,2025-11-18
F009888,C0507,2025-10-13,2025-11-12,1357513.0,2025-11-12
F009889,C0507,2025-11-22,2025-12-22,2255795.0,2025-12-22
F009890,C0507,2025-11-09,2025-12-09,1227221.0,2025-12-11
F009891,C0507,2026-02-23,2026-03-25,757510.0,2026-03-29
F009892,C0507,2026-02-27,2026-03-29,1208567.0,2026-03-29
F009893,C0507,2026-05-27,2026-06-26,2092180.0,2026-06-27
F009894,C0507,2026-05-21,2026-06-20,2806682.0,2026-06-20
F009895,C0507,2026-07-08,2026-08-07,858482.0,2026-08-07
F009896,C0507,2026-07-27,2026-08-26,1370001.0,
F009897,C0507,2026-07-16,2026-08-15,1211360.0,2026-08-15
F009898,C0507,2026-08-12,2026-09-11,2016364.0,
F009899,C0508,2025-08-18,2025-09-17,1624092.0,2025-09-18
F009900,C0508,2025-09-21,2025-10-21,1291436.0,2025-10-22
F009901,C0508,2025-09-23,2025-10-23,1358148.0,2025-10-24
F009902,C0508,2025-09-01,2025-10-01,2053837.0,2025-10-01
F009903,C0508,2025-10-19,2025-11-18,1325486.0,2025-11-18
F009904,C0508,2025-11-18,2025-12-18,2036049.0,2025-12-18
F009905,C0508,2025-12-05,2026-01-04,1591900.0,2026-01-04
F009906,C0508,2025-12-16,2026-01-15,2611112.0,2026-01-16
F009907,C0508,2026-01-15,2026-02-14,1699152.0,2026-02-14
F009908,C0508,2026-02-24,2026-03-26,1332996.0,2026-03-26
F009909,C0508,2026-03-04,2026-04-03,1361486.0,2026-04-03
F009910,C0508,2026-03-18,2026-04-17,2138982.0,2026-04-17
F009911,C0508,2026-04-28,2026-05-28,917314.0,2026-05-28
F009912,C0508,2026-04-24,2026-05-24,1789726.0,2026-05-24
F009913,C0508,2026-05-21,2026-06-20,1989840.0,2026-06-20
F009914,C0508,2026-05-22,2026-06-21,1869568.0,2026-06-23
F009915,C0508,2026-05-09,2026-06-08,1803426.0,2026-06-08
F009916,C0508,2026-07-17,2026-08-16,1675773.0,2026-08-16
F009917,C0508,2026-07-09,2026-08-08,2005499.0,2026-08-09
F009918,C0508,2026-07-18,2026-08-17,2196441.0,2026-08-17
F009919,C0508,2026-08-10,2026-09-09,1043822.0,
F009920,C0509,2025-07-10,2025-08-09,498416.0,2025-08-09
F009921,C0509,2025-08-27,2025-09-26,562397.0,2025-09-27
F009922,C0509,2025-08-21,2025-09-20,533731.0,
F009923,C0509,2025-08-07,2025-09-06,685410.0,2025-09-06
F009924,C0509,2025-09-04,2025-10-04,407808.0,2025-10-05
F009925,C0509,2025-11-12,2025-12-12,566597.0,2025-12-13
F009926,C0509,2025-11-15,2025-12-15,337202.0,2025-12-15
F009927,C0509,2025-12-15,2026-01-14,631772.0,2026-01-14
F009928,C0509,2025-12-26,2026-01-25,201263.0,2026-01-26
F009929,C0509,2026-01-01,2026-01-31,495675.0,2026-02-01
F009930,C0509,2026-01-22,2026-02-21,698754.0,2026-02-21
F009931,C0509,2026-02-17,2026-03-19,1099610.0,2026-03-21
F009932,C0509,2026-02-14,2026-03-16,387938.0,2026-03-19
F009933,C0509,2026-03-13,2026-04-12,290090.0,2026-04-12
F009934,C0509,2026-03-03,2026-04-02,508927.0,2026-04-03
F009935,C0509,2026-03-28,2026-04-27,380577.0,2026-04-28
F009936,C0509,2026-04-22,2026-05-22,454082.0,2026-05-22
F009937,C0509,2026-04-08,2026-05-08,345437.0,
F009938,C0509,2026-05-11,2026-06-10,660838.0,2026-06-11
F009939,C0509,2026-06-02,2026-07-02,290800.0,2026-07-03
F009940,C0509,2026-06-17,2026-07-17,648032.0,2026-07-17
F009941,C0509,2026-07-28,2026-08-27,598624.0,2026-08-28
F009942,C0509,2026-08-14,2026-09-13,714408.0,
F009943,C0510,2025-08-15,2025-09-14,2108054.0,2025-09-15
F009944,C0510,2025-08-10,2025-09-09,3169961.0,2025-09-12
F009945,C0510,2025-09-19,2025-10-19,2577218.0,2025-10-20
F009946,C0510,2025-09-27,2025-10-27,1242047.0,2025-10-28
F009947,C0510,2025-11-12,2025-12-12,1964681.0,2025-12-16
F009948,C0510,2026-01-21,2026-02-20,2510083.0,2026-02-22
F009949,C0510,2026-01-28,2026-02-27,2187724.0,2026-02-28
F009950,C0510,2026-01-06,2026-02-05,2422801.0,2026-02-06
F009951,C0510,2026-02-18,2026-03-20,3091792.0,2026-03-23
F009952,C0510,2026-03-28,2026-04-27,2596900.0,2026-04-27
F009953,C0510,2026-03-25,2026-04-24,2377884.0,2026-04-25
F009954,C0510,2026-04-28,2026-05-28,2479774.0,2026-06-01
F009955,C0510,2026-05-05,2026-06-04,1335485.0,2026-06-05
F009956,C0510,2026-05-10,2026-06-09,1215359.0,2026-06-09
F009957,C0510,2026-06-15,2026-07-15,2369036.0,2026-07-16
F009958,C0510,2026-06-27,2026-07-27,1454874.0,2026-08-05
F009959,C0510,2026-06-06,2026-07-06,865825.0,2026-07-07
F009960,C0510,2026-07-12,2026-08-11,1076085.0,2026-08-11
F009961,C0510,2026-07-15,2026-08-14,1318810.0,
F009962,C0510,2026-08-24,2026-09-23,3628422.0,
F009963,C0510,2026-08-07,2026-09-06,1374101.0,
F009964,C0511,2025-07-12,2025-08-11,1935673.0,2025-08-14
F009965,C0511,2025-07-11,2025-08-10,1518994.0,2025-08-13
F009966,C0511,2025-09-22,2025-10-22,2530139.0,2025-10-22
F009967,C0511,2025-09-11,2025-10-11,1099536.0,2025-10-12
F009968,C0511,2025-10-17,2025-11-16,1620977.0,2025-11-16
F009969,C0511,2025-11-05,2025-12-05,1117519.0,2025-12-11
F009970,C0511,2025-12-08,2026-01-07,1803082.0,2026-01-08
F009971,C0511,2025-12-07,2026-01-06,2306161.0,2026-01-08
F009972,C0511,2026-01-19,2026-02-18,1203029.0,2026-02-22
F009973,C0511,2026-02-12,2026-03-14,1361519.0,2026-03-16
F009974,C0511,2026-03-20,2026-04-19,1410787.0,2026-04-20
F009975,C0511,2026-04-23,2026-05-23,1359880.0,2026-05-27
F009976,C0511,2026-04-20,2026-05-20,1859766.0,2026-05-28
F009977,C0511,2026-05-04,2026-06-03,803902.0,2026-06-05
F009978,C0511,2026-05-28,2026-06-27,3259139.0,2026-06-29
F009979,C0511,2026-06-16,2026-07-16,2059299.0,2026-07-16
F009980,C0511,2026-07-20,2026-08-19,2487597.0,2026-08-24
F009981,C0511,2026-07-11,2026-08-10,1079211.0,2026-08-18
F009982,C0511,2026-07-04,2026-08-03,1318380.0,2026-08-09
F009983,C0511,2026-08-15,2026-09-14,1525099.0,
F009984,C0511,2026-08-10,2026-09-09,2259938.0,
F009985,C0512,2025-08-08,2025-09-07,2944755.0,2025-09-07
F009986,C0512,2025-08-03,2025-09-02,3114338.0,2025-09-03
F009987,C0512,2025-08-19,2025-09-18,1533568.0,2025-09-18
F009988,C0512,2025-10-03,2025-11-02,2975658.0,2025-11-04
F009989,C0512,2025-11-04,2025-12-04,4344572.0,2025-12-06
F009990,C0512,2025-11-01,2025-12-01,2250479.0,2025-12-01
F009991,C0512,2025-11-16,2025-12-16,3087151.0,2025-12-17
F009992,C0512,2025-12-05,2026-01-04,2207152.0,2026-01-04
F009993,C0512,2025-12-14,2026-01-13,3325383.0,2026-01-13
F009994,C0512,2026-02-15,2026-03-17,2650830.0,2026-03-17
F009995,C0512,2026-02-23,2026-03-25,2534990.0,2026-03-25
F009996,C0512,2026-02-03,2026-03-05,3204985.0,2026-03-05
F009997,C0512,2026-04-05,2026-05-05,3328781.0,2026-05-05
F009998,C0512,2026-04-05,2026-05-05,2037740.0,2026-05-05
F009999,C0512,2026-05-24,2026-06-23,3106455.0,2026-06-24
F010000,C0512,2026-05-07,2026-06-06,3728951.0,2026-06-06
F010001,C0512,2026-06-15,2026-07-15,1773235.0,2026-07-15
F010002,C0512,2026-07-05,2026-08-04,1748800.0,2026-08-04
F010003,C0512,2026-07-10,2026-08-09,2843919.0,2026-08-09
F010004,C0512,2026-08-08,2026-09-07,1964452.0,
F010005,C0512,2026-08-04,2026-09-03,4297303.0,
F010006,C0513,2025-08-25,2025-09-24,1115762.0,2025-09-24
F010007,C0513,2025-08-12,2025-09-11,834738.0,
F010008,C0513,2025-10-19,2025-11-18,2115510.0,2025-11-18
F010009,C0513,2025-10-18,2025-11-17,1416899.0,2025-11-17
F010010,C0513,2025-10-25,2025-11-24,1134247.0,2025-11-26
F010011,C0513,2025-11-18,2025-12-18,1212356.0,2025-12-21
F010012,C0513,2025-11-24,2025-12-24,2724951.0,
F010013,C0513,2026-02-15,2026-03-17,1429137.0,
F010014,C0513,2026-02-07,2026-03-09,1168215.0,2026-03-11
F010015,C0513,2026-02-06,2026-03-08,1798734.0,2026-03-09
F010016,C0513,2026-03-04,2026-04-03,2543856.0,2026-04-04
F010017,C0513,2026-03-27,2026-04-26,1354107.0,2026-04-26
F010018,C0513,2026-03-02,2026-04-01,2203947.0,
F010019,C0513,2026-04-22,2026-05-22,1492201.0,2026-05-24
F010020,C0513,2026-05-02,2026-06-01,1155911.0,2026-06-02
F010021,C0513,2026-05-13,2026-06-12,1274529.0,2026-06-14
F010022,C0513,2026-05-13,2026-06-12,980769.0,2026-06-13
F010023,C0513,2026-07-19,2026-08-18,1153167.0,2026-08-19
F010024,C0513,2026-07-19,2026-08-18,935761.0,2026-08-20
F010025,C0513,2026-07-01,2026-07-31,1896350.0,2026-07-31
F010026,C0514,2025-07-16,2025-08-15,649563.0,2025-08-16
F010027,C0514,2025-08-21,2025-09-20,1208048.0,2025-09-20
F010028,C0514,2025-08-17,2025-09-16,685547.0,2025-09-17
F010029,C0514,2025-09-25,2025-10-25,804516.0,2025-10-25
F010030,C0514,2025-09-25,2025-10-25,989205.0,2025-10-25
F010031,C0514,2025-09-08,2025-10-08,1012508.0,2025-10-08
F010032,C0514,2025-10-17,2025-11-16,1233112.0,2025-11-17
F010033,C0514,2025-10-19,2025-11-18,773909.0,2025-11-18
F010034,C0514,2025-11-28,2025-12-28,488278.0,2025-12-28
F010035,C0514,2025-11-18,2025-12-18,788305.0,2025-12-18
F010036,C0514,2025-11-15,2025-12-15,1055292.0,2025-12-16
F010037,C0514,2026-01-03,2026-02-02,1041963.0,2026-02-02
F010038,C0514,2026-02-02,2026-03-04,550057.0,2026-03-05
F010039,C0514,2026-02-06,2026-03-08,1784809.0,2026-03-08
F010040,C0514,2026-03-14,2026-04-13,782096.0,2026-04-13
F010041,C0514,2026-03-03,2026-04-02,753959.0,2026-04-02
F010042,C0514,2026-04-19,2026-05-19,920185.0,2026-05-19
F010043,C0514,2026-04-06,2026-05-06,475003.0,2026-05-06
F010044,C0514,2026-04-05,2026-05-05,818023.0,2026-05-05
F010045,C0514,2026-06-10,2026-07-10,955768.0,2026-07-10
F010046,C0514,2026-06-04,2026-07-04,748235.0,2026-07-04
F010047,C0515,2026-01-04,2026-02-03,1134625.0,2026-02-03
F010048,C0515,2026-03-12,2026-04-11,1237795.0,2026-04-12
F010049,C0515,2026-03-18,2026-04-17,1292717.0,2026-04-17
F010050,C0515,2026-03-22,2026-04-21,877436.0,2026-04-22
F010051,C0516,2025-09-12,2025-10-12,2457858.0,2025-10-13
F010052,C0516,2025-09-01,2025-10-01,1575651.0,2025-10-01
F010053,C0516,2025-09-19,2025-10-19,2772176.0,2025-10-19
F010054,C0516,2025-10-23,2025-11-22,2487874.0,2025-11-22
F010055,C0516,2025-11-18,2025-12-18,3882542.0,2025-12-20
F010056,C0516,2026-01-25,2026-02-24,3417667.0,2026-02-25
F010057,C0516,2026-01-26,2026-02-25,2152852.0,2026-02-25
F010058,C0516,2026-03-25,2026-04-24,3495776.0,2026-04-24
F010059,C0516,2026-03-07,2026-04-06,6922678.0,2026-04-06
F010060,C0516,2026-04-15,2026-05-15,3492382.0,2026-05-15
F010061,C0516,2026-08-26,2026-09-25,3639227.0,
F010062,C0516,2026-08-11,2026-09-10,2527360.0,
F010063,C0517,2025-07-12,2025-08-11,2195508.0,2025-08-11
F010064,C0517,2025-08-02,2025-09-01,1613454.0,2025-09-01
F010065,C0517,2025-08-21,2025-09-20,1532938.0,2025-09-20
F010066,C0517,2025-08-05,2025-09-04,1362345.0,2025-09-06
F010067,C0517,2025-09-20,2025-10-20,2864773.0,2025-10-24
F010068,C0517,2025-09-27,2025-10-27,2095033.0,2025-10-27
F010069,C0517,2025-10-26,2025-11-25,2727892.0,2025-11-25
F010070,C0517,2025-10-15,2025-11-14,2192222.0,2025-11-15
F010071,C0517,2025-10-13,2025-11-12,1393888.0,2025-11-15
F010072,C0517,2025-11-04,2025-12-04,2744111.0,2025-12-06
F010073,C0517,2025-11-15,2025-12-15,2141156.0,2025-12-16
F010074,C0517,2025-11-07,2025-12-07,1106364.0,2025-12-09
F010075,C0517,2025-12-18,2026-01-17,3104359.0,2026-01-17
F010076,C0517,2026-01-15,2026-02-14,2538222.0,2026-02-15
F010077,C0517,2026-02-13,2026-03-15,1009092.0,2026-03-17
F010078,C0517,2026-02-26,2026-03-28,2141903.0,2026-03-29
F010079,C0517,2026-03-15,2026-04-14,2355009.0,2026-04-14
F010080,C0517,2026-05-07,2026-06-06,1826146.0,2026-06-07
F010081,C0517,2026-06-15,2026-07-15,1308742.0,2026-07-15
F010082,C0517,2026-07-06,2026-08-05,1400356.0,2026-08-05
F010083,C0517,2026-08-13,2026-09-12,1684974.0,
F010084,C0517,2026-08-21,2026-09-20,931240.0,
F010085,C0517,2026-08-15,2026-09-14,1266563.0,
F010086,C0518,2025-07-19,2025-08-18,1355858.0,2025-08-18
F010087,C0518,2025-07-10,2025-08-09,2317775.0,2025-08-09
F010088,C0518,2025-07-08,2025-08-07,1341307.0,2025-08-07
F010089,C0518,2025-08-22,2025-09-21,2513275.0,2025-09-21
F010090,C0518,2025-08-17,2025-09-16,1506672.0,2025-09-16
F010091,C0518,2025-08-28,2025-09-27,2358351.0,2025-09-27
F010092,C0518,2025-09-01,2025-10-01,1714961.0,2025-10-01
F010093,C0518,2025-10-06,2025-11-05,945880.0,2025-11-05
F010094,C0518,2025-10-13,2025-11-12,1397951.0,2025-11-13
F010095,C0518,2025-10-18,2025-11-17,1546417.0,2025-11-17
F010096,C0518,2025-12-12,2026-01-11,5820445.0,2026-01-11
F010097,C0518,2025-12-20,2026-01-19,1009991.0,2026-01-19
F010098,C0518,2026-03-05,2026-04-04,1252823.0,2026-04-04
F010099,C0518,2026-03-04,2026-04-03,1100445.0,2026-04-03
F010100,C0518,2026-04-11,2026-05-11,2528801.0,2026-05-11
F010101,C0518,2026-04-01,2026-05-01,1490254.0,2026-05-01
F010102,C0518,2026-05-06,2026-06-05,1149239.0,2026-06-05
F010103,C0518,2026-06-10,2026-07-10,1006303.0,2026-07-10
F010104,C0518,2026-06-06,2026-07-06,2012865.0,2026-07-06
F010105,C0518,2026-06-17,2026-07-17,1011453.0,2026-07-17
F010106,C0518,2026-07-27,2026-08-26,1733964.0,2026-08-26
F010107,C0518,2026-07-01,2026-07-31,2030419.0,2026-07-31
F010108,C0518,2026-07-04,2026-08-03,2116239.0,2026-08-03
F010109,C0518,2026-08-27,2026-09-26,1318938.0,
F010110,C0519,2025-07-02,2025-08-01,3616194.0,2025-08-01
F010111,C0519,2025-07-11,2025-08-10,1459340.0,2025-08-11
F010112,C0519,2025-07-27,2025-08-26,801374.0,2025-08-27
F010113,C0519,2025-08-05,2025-09-04,1367876.0,2025-09-05
F010114,C0519,2025-08-05,2025-09-04,1318056.0,2025-09-05
F010115,C0519,2025-08-09,2025-09-08,1155289.0,2025-09-10
F010116,C0519,2025-09-08,2025-10-08,1956555.0,
F010117,C0519,2025-09-03,2025-10-03,1288107.0,2025-10-07
F010118,C0519,2025-09-17,2025-10-17,2335126.0,2025-10-17
F010119,C0519,2025-10-12,2025-11-11,715764.0,2025-11-11
F010120,C0519,2025-10-22,2025-11-21,2030348.0,
F010121,C0519,2025-10-17,2025-11-16,1753244.0,2025-11-18
F010122,C0519,2025-11-08,2025-12-08,2416493.0,2025-12-09
F010123,C0519,2025-12-27,2026-01-26,1472671.0,2026-01-26
F010124,C0519,2025-12-19,2026-01-18,3119179.0,2026-01-20
F010125,C0519,2025-12-09,2026-01-08,2909479.0,2026-01-08
F010126,C0519,2026-01-23,2026-02-22,2229780.0,2026-02-22
F010127,C0519,2026-02-06,2026-03-08,2469937.0,2026-03-09
F010128,C0519,2026-03-05,2026-04-04,1640580.0,2026-04-05
F010129,C0519,2026-03-24,2026-04-23,1628629.0,2026-04-24
F010130,C0519,2026-03-27,2026-04-26,1696706.0,2026-04-27
F010131,C0519,2026-04-05,2026-05-05,1537180.0,2026-05-08
F010132,C0519,2026-04-23,2026-05-23,2050896.0,2026-05-23
F010133,C0519,2026-05-02,2026-06-01,1424471.0,2026-06-02
F010134,C0519,2026-05-05,2026-06-04,1081671.0,2026-06-04
F010135,C0519,2026-05-09,2026-06-08,2340482.0,2026-06-13
F010136,C0519,2026-06-27,2026-07-27,1125296.0,2026-07-27
F010137,C0519,2026-06-04,2026-07-04,2194710.0,2026-07-04
F010138,C0519,2026-07-21,2026-08-20,2096121.0,
F010139,C0519,2026-08-05,2026-09-04,3003356.0,
F010140,C0520,2025-07-01,2025-07-31,2224643.0,2025-08-01
F010141,C0520,2025-07-05,2025-08-04,776005.0,2025-08-04
F010142,C0520,2025-08-14,2025-09-13,941173.0,2025-09-13
F010143,C0520,2025-08-04,2025-09-03,2328788.0,2025-09-04
F010144,C0520,2025-10-24,2025-11-23,1115545.0,2025-11-24
F010145,C0520,2025-10-14,2025-11-13,2464931.0,2025-11-17
F010146,C0520,2025-11-13,2025-12-13,814338.0,2025-12-15
F010147,C0520,2025-12-17,2026-01-16,1339435.0,2026-01-18
F010148,C0520,2026-01-12,2026-02-11,3429059.0,2026-02-13
F010149,C0520,2026-01-14,2026-02-13,1693335.0,2026-02-15
F010150,C0520,2026-02-20,2026-03-22,2107503.0,2026-03-24
F010151,C0520,2026-02-22,2026-03-24,1758545.0,2026-03-27
F010152,C0520,2026-03-11,2026-04-10,1614752.0,2026-04-11
F010153,C0520,2026-04-08,2026-05-08,1785826.0,2026-05-08
F010154,C0520,2026-04-11,2026-05-11,2000077.0,2026-05-11
F010155,C0520,2026-04-12,2026-05-12,2197046.0,2026-05-15
F010156,C0520,2026-05-20,2026-06-19,1205366.0,2026-06-21
F010157,C0520,2026-05-25,2026-06-24,1305779.0,2026-06-29
F010158,C0520,2026-07-22,2026-08-21,784714.0,2026-08-24
F010159,C0520,2026-07-10,2026-08-09,1085196.0,2026-08-10
F010160,C0520,2026-08-26,2026-09-25,2273845.0,
F010161,C0520,2026-08-21,2026-09-20,1571188.0,
F010162,C0521,2025-08-21,2025-09-20,1075661.0,2025-09-21
F010163,C0521,2025-08-11,2025-09-10,768895.0,2025-09-17
F010164,C0521,2025-08-12,2025-09-11,1010395.0,2025-09-12
F010165,C0521,2025-10-25,2025-11-24,1163755.0,2025-11-28
F010166,C0521,2025-10-28,2025-11-27,908049.0,2025-11-28
F010167,C0521,2025-10-12,2025-11-11,1342449.0,2025-11-11
F010168,C0521,2025-12-06,2026-01-05,699743.0,2026-01-07
F010169,C0521,2025-12-10,2026-01-09,1201859.0,2026-01-13
F010170,C0521,2026-01-08,2026-02-07,324006.0,2026-02-07
F010171,C0521,2026-03-15,2026-04-14,1070436.0,2026-04-15
F010172,C0521,2026-04-27,2026-05-27,1240349.0,2026-05-31
F010173,C0521,2026-04-09,2026-05-09,898870.0,2026-05-11
F010174,C0521,2026-04-06,2026-05-06,693361.0,2026-05-07
F010175,C0521,2026-08-02,2026-09-01,771384.0,
F010176,C0522,2025-07-20,2025-08-19,750971.0,2025-08-21
F010177,C0522,2025-08-21,2025-09-20,1103549.0,2025-09-22
F010178,C0522,2025-08-20,2025-09-19,1118189.0,2025-09-21
F010179,C0522,2025-09-22,2025-10-22,1403810.0,2025-10-22
F010180,C0522,2025-09-01,2025-10-01,1562582.0,2025-10-04
F010181,C0522,2025-10-24,2025-11-23,1740283.0,
F010182,C0522,2025-10-19,2025-11-18,1805323.0,2025-11-18
F010183,C0522,2025-12-11,2026-01-10,1047028.0,2026-01-14
F010184,C0522,2025-12-06,2026-01-05,655416.0,2026-01-05
F010185,C0522,2026-01-07,2026-02-06,624383.0,2026-02-06
F010186,C0522,2026-01-05,2026-02-04,506025.0,2026-02-06
F010187,C0522,2026-02-05,2026-03-07,537680.0,2026-03-07
F010188,C0522,2026-03-12,2026-04-11,953857.0,2026-04-12
F010189,C0522,2026-03-22,2026-04-21,1038396.0,2026-04-21
F010190,C0522,2026-04-12,2026-05-12,814877.0,2026-05-13
F010191,C0522,2026-04-11,2026-05-11,981120.0,2026-05-11
F010192,C0522,2026-05-13,2026-06-12,1512552.0,2026-06-15
F010193,C0522,2026-05-13,2026-06-12,536738.0,2026-06-14
F010194,C0522,2026-05-19,2026-06-18,1038666.0,
F010195,C0522,2026-06-15,2026-07-15,959609.0,2026-07-17
F010196,C0522,2026-07-24,2026-08-23,859821.0,2026-08-24
F010197,C0522,2026-08-25,2026-09-24,1437852.0,
F010198,C0522,2026-08-18,2026-09-17,356704.0,
F010199,C0522,2026-08-18,2026-09-17,440367.0,
F010200,C0523,2025-07-16,2025-08-15,3009266.0,2025-08-20
F010201,C0523,2025-07-23,2025-08-22,3275191.0,2025-08-23
F010202,C0523,2025-07-24,2025-08-23,3910122.0,2025-08-24
F010203,C0523,2025-10-15,2025-11-14,1490803.0,2025-11-14
F010204,C0523,2025-10-25,2025-11-24,4714299.0,2025-11-25
F010205,C0523,2025-10-11,2025-11-10,3092196.0,2025-11-12
F010206,C0523,2025-11-06,2025-12-06,3156945.0,2025-12-09
F010207,C0523,2026-02-25,2026-03-27,4326483.0,2026-03-27
F010208,C0523,2026-02-25,2026-03-27,3798070.0,2026-03-28
F010209,C0523,2026-04-24,2026-05-24,3823529.0,2026-05-26
F010210,C0523,2026-04-20,2026-05-20,8097591.0,2026-05-22
F010211,C0523,2026-05-14,2026-06-13,3616514.0,2026-06-13
F010212,C0523,2026-06-26,2026-07-26,3454278.0,2026-07-26
F010213,C0523,2026-06-03,2026-07-03,3948811.0,
F010214,C0523,2026-07-16,2026-08-15,3893328.0,
F010215,C0523,2026-08-28,2026-09-27,3905230.0,
F010216,C0524,2025-07-04,2025-08-03,294312.0,2025-08-03
F010217,C0524,2025-08-16,2025-09-15,823211.0,2025-09-16
F010218,C0524,2025-09-28,2025-10-28,328888.0,2025-10-28
F010219,C0524,2025-09-02,2025-10-02,782177.0,2025-10-03
F010220,C0524,2025-10-12,2025-11-11,361095.0,2025-11-11
F010221,C0524,2025-10-21,2025-11-20,474626.0,2025-11-21
F010222,C0524,2025-11-18,2025-12-18,290063.0,2025-12-19
F010223,C0524,2025-12-05,2026-01-04,435019.0,2026-01-04
F010224,C0524,2026-02-15,2026-03-17,422800.0,2026-03-18
F010225,C0524,2026-02-08,2026-03-10,317353.0,2026-03-11
F010226,C0524,2026-03-20,2026-04-19,443417.0,2026-04-19
F010227,C0524,2026-05-11,2026-06-10,347753.0,2026-06-13
F010228,C0524,2026-05-20,2026-06-19,588243.0,2026-06-19
F010229,C0524,2026-05-26,2026-06-25,719479.0,2026-06-25
F010230,C0524,2026-06-16,2026-07-16,417817.0,2026-07-16
F010231,C0524,2026-08-05,2026-09-04,528877.0,
F010232,C0524,2026-08-18,2026-09-17,613288.0,
F010233,C0524,2026-08-18,2026-09-17,447398.0,
F010234,C0525,2025-07-02,2025-08-01,1225284.0,2025-08-05
F010235,C0525,2025-07-25,2025-08-24,2357999.0,2025-08-25
F010236,C0525,2025-07-21,2025-08-20,902963.0,2025-08-26
F010237,C0525,2025-08-28,2025-09-27,1008814.0,2025-09-27
F010238,C0525,2025-09-07,2025-10-07,1102635.0,2025-10-11
F010239,C0525,2025-10-05,2025-11-04,1122162.0,2025-11-05
F010240,C0525,2025-11-08,2025-12-08,592054.0,2025-12-10
F010241,C0525,2026-01-02,2026-02-01,2036177.0,2026-02-04
F010242,C0525,2026-02-19,2026-03-21,1843797.0,2026-03-23
F010243,C0525,2026-02-06,2026-03-08,1087774.0,2026-03-13
F010244,C0525,2026-03-04,2026-04-03,761937.0,2026-04-07
F010245,C0525,2026-03-16,2026-04-15,978953.0,2026-04-15
F010246,C0525,2026-03-11,2026-04-10,1511238.0,2026-04-10
F010247,C0525,2026-04-06,2026-05-06,643056.0,2026-05-10
F010248,C0525,2026-04-02,2026-05-02,758524.0,2026-05-04
F010249,C0525,2026-04-12,2026-05-12,815348.0,2026-05-13
F010250,C0525,2026-05-10,2026-06-09,1050779.0,2026-06-15
F010251,C0525,2026-07-23,2026-08-22,638583.0,2026-08-23
F010252,C0525,2026-07-14,2026-08-13,699397.0,2026-08-18
F010253,C0525,2026-07-26,2026-08-25,1203599.0,2026-08-27
F010254,C0525,2026-08-11,2026-09-10,1515339.0,
F010255,C0526,2025-07-09,2025-08-08,2045551.0,2025-08-10
F010256,C0526,2025-07-03,2025-08-02,2739904.0,2025-08-02
F010257,C0526,2025-08-01,2025-08-31,3222962.0,2025-08-31
F010258,C0526,2025-08-19,2025-09-18,3056723.0,2025-09-18
F010259,C0526,2025-09-12,2025-10-12,2461595.0,2025-10-14
F010260,C0526,2025-10-02,2025-11-01,4993710.0,2025-11-01
F010261,C0526,2025-10-27,2025-11-26,2682338.0,2025-11-26
F010262,C0526,2025-10-17,2025-11-16,3524432.0,2025-11-16
F010263,C0526,2025-12-04,2026-01-03,2805556.0,2026-01-03
F010264,C0526,2025-12-05,2026-01-04,4942331.0,2026-01-04
F010265,C0526,2026-01-27,2026-02-26,5297071.0,2026-02-26
F010266,C0526,2026-02-09,2026-03-11,2983097.0,2026-03-15
F010267,C0526,2026-03-27,2026-04-26,2277785.0,2026-04-26
F010268,C0526,2026-04-09,2026-05-09,2069654.0,2026-05-09
F010269,C0526,2026-04-10,2026-05-10,2505393.0,2026-05-11
F010270,C0526,2026-04-03,2026-05-03,2138737.0,2026-05-03
F010271,C0526,2026-05-19,2026-06-18,3253917.0,2026-06-18
F010272,C0526,2026-05-05,2026-06-04,2757366.0,2026-06-04
F010273,C0526,2026-05-07,2026-06-06,1817783.0,2026-06-06
F010274,C0526,2026-06-27,2026-07-27,2260936.0,2026-07-27
F010275,C0526,2026-07-21,2026-08-20,2975224.0,2026-08-21
F010276,C0527,2025-07-23,2025-08-22,421804.0,2025-08-22
F010277,C0527,2025-07-01,2025-07-31,607000.0,2025-08-02
F010278,C0527,2025-08-13,2025-09-12,829094.0,2025-09-12
F010279,C0527,2025-09-12,2025-10-12,792104.0,2025-10-12
F010280,C0527,2025-09-28,2025-10-28,633711.0,2025-10-29
F010281,C0527,2025-12-16,2026-01-15,661982.0,2026-01-15
F010282,C0527,2025-12-01,2025-12-31,722248.0,2025-12-31
F010283,C0527,2026-03-16,2026-04-15,566456.0,2026-04-16
F010284,C0527,2026-06-22,2026-07-22,519972.0,2026-07-22
F010285,C0527,2026-06-20,2026-07-20,401117.0,2026-07-20
F010286,C0527,2026-07-08,2026-08-07,656398.0,2026-08-07
F010287,C0528,2025-07-19,2025-08-18,1005325.0,2025-08-19
F010288,C0528,2025-07-21,2025-08-20,1149939.0,2025-08-20
F010289,C0528,2025-07-08,2025-08-07,1396147.0,2025-08-08
F010290,C0528,2025-09-13,2025-10-13,1418566.0,2025-10-13
F010291,C0528,2025-10-28,2025-11-27,840848.0,2025-11-28
F010292,C0528,2025-10-07,2025-11-06,1455831.0,2025-11-06
F010293,C0528,2025-10-24,2025-11-23,2278081.0,2025-11-23
F010294,C0528,2025-11-11,2025-12-11,1125659.0,2025-12-11
F010295,C0528,2025-11-04,2025-12-04,792874.0,2025-12-04
F010296,C0528,2025-11-17,2025-12-17,1145926.0,2025-12-17
F010297,C0528,2025-12-16,2026-01-15,999830.0,2026-01-15
F010298,C0528,2025-12-25,2026-01-24,1864861.0,2026-01-24
F010299,C0528,2025-12-21,2026-01-20,1103620.0,2026-01-21
F010300,C0528,2026-01-07,2026-02-06,1367521.0,2026-02-07
F010301,C0528,2026-01-06,2026-02-05,1667337.0,2026-02-06
F010302,C0528,2026-01-09,2026-02-08,2035271.0,2026-02-13
F010303,C0528,2026-02-12,2026-03-14,1394777.0,2026-03-14
F010304,C0528,2026-02-24,2026-03-26,1453558.0,2026-03-27
F010305,C0528,2026-03-03,2026-04-02,1276649.0,2026-04-03
F010306,C0528,2026-03-16,2026-04-15,1456862.0,2026-04-15
F010307,C0528,2026-03-10,2026-04-09,1481082.0,2026-04-09
F010308,C0528,2026-04-04,2026-05-04,1158362.0,2026-05-04
F010309,C0528,2026-04-16,2026-05-16,1662384.0,2026-05-16
F010310,C0528,2026-06-08,2026-07-08,1352901.0,2026-07-09
F010311,C0528,2026-06-26,2026-07-26,930226.0,2026-07-27
F010312,C0528,2026-07-27,2026-08-26,2585050.0,2026-08-26
F010313,C0528,2026-07-17,2026-08-16,1123514.0,2026-08-16
F010314,C0528,2026-08-01,2026-08-31,1191659.0,2026-08-31
F010315,C0528,2026-08-28,2026-09-27,1705270.0,
F010316,C0529,2025-08-05,2025-09-04,2208521.0,2025-09-04
F010317,C0529,2025-09-21,2025-10-21,3060730.0,2025-10-21
F010318,C0529,2025-09-11,2025-10-11,7478287.0,2025-10-11
F010319,C0529,2025-09-12,2025-10-12,3214627.0,2025-10-13
F010320,C0529,2025-10-06,2025-11-05,4983127.0,2025-11-05
F010321,C0529,2025-10-07,2025-11-06,2939996.0,2025-11-07
F010322,C0529,2025-11-24,2025-12-24,1369483.0,2025-12-25
F010323,C0529,2025-11-09,2025-12-09,2463026.0,2025-12-09
F010324,C0529,2025-11-22,2025-12-22,2276631.0,2025-12-22
F010325,C0529,2025-12-14,2026-01-13,1573294.0,2026-01-13
F010326,C0529,2025-12-13,2026-01-12,4609080.0,2026-01-12
F010327,C0529,2025-12-08,2026-01-07,3473876.0,2026-01-07
F010328,C0529,2026-01-17,2026-02-16,4069413.0,2026-02-16
F010329,C0529,2026-02-13,2026-03-15,4052798.0,2026-03-15
F010330,C0529,2026-02-01,2026-03-03,3454433.0,2026-03-03
F010331,C0529,2026-03-09,2026-04-08,1885954.0,2026-04-09
F010332,C0529,2026-03-02,2026-04-01,2913540.0,2026-04-01
F010333,C0529,2026-03-02,2026-04-01,4547743.0,2026-04-01
F010334,C0529,2026-04-09,2026-05-09,2054245.0,2026-05-09
F010335,C0529,2026-04-12,2026-05-12,2352293.0,2026-05-12
F010336,C0529,2026-05-11,2026-06-10,2328470.0,2026-06-10
F010337,C0529,2026-05-17,2026-06-16,1961920.0,2026-06-16
F010338,C0529,2026-05-27,2026-06-26,3630813.0,2026-06-26
F010339,C0529,2026-06-05,2026-07-05,2866571.0,2026-07-05
F010340,C0529,2026-06-24,2026-07-24,2154074.0,2026-07-25
F010341,C0529,2026-06-08,2026-07-08,2843871.0,2026-07-08
F010342,C0529,2026-07-07,2026-08-06,1808866.0,2026-08-06
F010343,C0530,2025-08-04,2025-09-03,986467.0,2025-09-05
F010344,C0530,2025-08-24,2025-09-23,844122.0,2025-09-25
F010345,C0530,2025-09-06,2025-10-06,1065915.0,2025-10-06
F010346,C0530,2025-10-27,2025-11-26,882534.0,2025-11-26
F010347,C0530,2026-04-02,2026-05-02,1296124.0,
F010348,C0530,2026-04-16,2026-05-16,1285756.0,2026-05-16
F010349,C0530,2026-05-19,2026-06-18,966567.0,2026-06-20
F010350,C0530,2026-06-13,2026-07-13,770691.0,2026-07-14
F010351,C0530,2026-06-12,2026-07-12,835263.0,2026-07-14
F010352,C0530,2026-08-20,2026-09-19,1874783.0,
F010353,C0530,2026-08-26,2026-09-25,1963596.0,
F010354,C0531,2025-08-21,2025-09-20,1639926.0,2025-09-20
F010355,C0531,2025-08-13,2025-09-12,1190758.0,2025-09-15
F010356,C0531,2025-09-13,2025-10-13,1576360.0,2025-10-14
F010357,C0531,2025-09-25,2025-10-25,2507122.0,2025-10-25
F010358,C0531,2025-11-08,2025-12-08,2230963.0,2025-12-08
F010359,C0531,2025-12-27,2026-01-26,1384640.0,2026-01-27
F010360,C0531,2026-02-26,2026-03-28,1308531.0,2026-03-28
F010361,C0531,2026-02-14,2026-03-16,1722406.0,2026-03-17
F010362,C0531,2026-02-24,2026-03-26,2870044.0,2026-03-26
F010363,C0531,2026-03-28,2026-04-27,2949598.0,2026-04-27
F010364,C0531,2026-05-08,2026-06-07,3612274.0,2026-06-07
F010365,C0531,2026-06-18,2026-07-18,2227607.0,2026-07-19
F010366,C0532,2025-07-05,2025-08-04,1208712.0,2025-08-04
F010367,C0532,2025-07-17,2025-08-16,1394521.0,2025-08-16
F010368,C0532,2025-07-10,2025-08-09,1256729.0,2025-08-09
F010369,C0532,2025-08-18,2025-09-17,1348154.0,2025-09-17
F010370,C0532,2025-11-01,2025-12-01,1866929.0,2025-12-01
F010371,C0532,2025-11-06,2025-12-06,1402101.0,2025-12-06
F010372,C0532,2026-01-07,2026-02-06,676117.0,2026-02-07
F010373,C0532,2026-02-15,2026-03-17,1037095.0,2026-03-17
F010374,C0532,2026-05-23,2026-06-22,2222992.0,2026-06-23
F010375,C0532,2026-06-24,2026-07-24,1621276.0,2026-07-24
F010376,C0532,2026-08-07,2026-09-06,1501591.0,
F010377,C0533,2025-07-14,2025-08-13,628542.0,2025-08-14
F010378,C0533,2025-07-12,2025-08-11,592656.0,2025-08-14
F010379,C0533,2025-08-27,2025-09-26,445171.0,2025-09-27
F010380,C0533,2025-09-09,2025-10-09,571123.0,2025-10-09
F010381,C0533,2025-09-25,2025-10-25,438512.0,2025-10-25
F010382,C0533,2025-09-20,2025-10-20,608570.0,2025-10-21
F010383,C0533,2025-10-17,2025-11-16,1380145.0,2025-11-16
F010384,C0533,2025-11-17,2025-12-17,544304.0,
F010385,C0533,2025-11-13,2025-12-13,935047.0,2025-12-14
F010386,C0533,2025-11-22,2025-12-22,940051.0,
F010387,C0533,2026-01-22,2026-02-21,316878.0,2026-02-21
F010388,C0533,2026-01-27,2026-02-26,248223.0,2026-02-26
F010389,C0533,2026-02-28,2026-03-30,390092.0,2026-04-01
F010390,C0533,2026-02-15,2026-03-17,518455.0,2026-03-17
F010391,C0533,2026-03-07,2026-04-06,814880.0,2026-04-07
F010392,C0533,2026-03-16,2026-04-15,747324.0,2026-04-16
F010393,C0533,2026-03-07,2026-04-06,658990.0,2026-04-06
F010394,C0533,2026-05-03,2026-06-02,885172.0,
F010395,C0533,2026-06-20,2026-07-20,912026.0,2026-07-21
F010396,C0533,2026-06-10,2026-07-10,461981.0,2026-07-12
F010397,C0533,2026-08-24,2026-09-23,500272.0,
F010398,C0533,2026-08-16,2026-09-15,510390.0,
F010399,C0534,2025-12-22,2026-01-21,877800.0,2026-01-23
F010400,C0534,2026-02-11,2026-03-13,496988.0,2026-03-17
F010401,C0534,2026-02-20,2026-03-22,485472.0,2026-03-23
F010402,C0534,2026-08-28,2026-09-27,1237620.0,
F010403,C0534,2026-08-20,2026-09-19,965365.0,
F010404,C0534,2026-08-16,2026-09-15,676484.0,
F010405,C0535,2025-07-10,2025-08-09,836436.0,2025-08-10
F010406,C0535,2025-09-20,2025-10-20,981974.0,2025-10-20
F010407,C0535,2025-09-22,2025-10-22,927048.0,2025-10-22
F010408,C0535,2025-09-13,2025-10-13,436833.0,2025-10-13
F010409,C0535,2026-01-20,2026-02-19,802622.0,2026-02-20
F010410,C0535,2026-01-13,2026-02-12,379103.0,2026-02-12
F010411,C0535,2026-03-22,2026-04-21,709623.0,2026-04-21
F010412,C0535,2026-03-27,2026-04-26,548273.0,2026-04-26
F010413,C0535,2026-03-21,2026-04-20,438915.0,2026-04-20
F010414,C0535,2026-06-25,2026-07-25,641053.0,2026-07-25
F010415,C0535,2026-06-28,2026-07-28,738077.0,2026-07-28
F010416,C0535,2026-06-03,2026-07-03,595079.0,2026-07-03
F010417,C0535,2026-07-21,2026-08-20,1026407.0,2026-08-20
F010418,C0535,2026-07-24,2026-08-23,798574.0,2026-08-23
F010419,C0536,2025-07-07,2025-08-06,2037768.0,2025-08-07
F010420,C0536,2025-07-05,2025-08-04,1397784.0,2025-08-04
F010421,C0536,2025-07-01,2025-07-31,1445263.0,2025-07-31
F010422,C0536,2025-09-06,2025-10-06,1231824.0,2025-10-06
F010423,C0536,2025-09-01,2025-10-01,1561837.0,2025-10-01
F010424,C0536,2025-10-23,2025-11-22,858409.0,2025-11-25
F010425,C0536,2026-01-19,2026-02-18,2252387.0,2026-02-18
F010426,C0536,2026-01-28,2026-02-27,1117687.0,2026-02-27
F010427,C0536,2026-05-13,2026-06-12,806918.0,2026-06-13
F010428,C0536,2026-05-24,2026-06-23,1398981.0,2026-06-23
F010429,C0536,2026-05-17,2026-06-16,954117.0,2026-06-17
F010430,C0536,2026-06-07,2026-07-07,2214583.0,2026-07-07
F010431,C0536,2026-06-20,2026-07-20,2413404.0,2026-07-21
F010432,C0536,2026-06-15,2026-07-15,2117130.0,2026-07-15
F010433,C0536,2026-07-11,2026-08-10,1847968.0,2026-08-11
F010434,C0536,2026-08-01,2026-08-31,2104891.0,2026-08-31
F010435,C0537,2025-07-19,2025-08-18,1457357.0,2025-08-19
F010436,C0537,2025-07-01,2025-07-31,1158836.0,2025-07-31
F010437,C0537,2025-09-27,2025-10-27,1551875.0,2025-10-27
F010438,C0537,2025-09-17,2025-10-17,818027.0,2025-10-18
F010439,C0537,2025-10-28,2025-11-27,1402247.0,2025-11-27
F010440,C0537,2025-10-27,2025-11-26,1462379.0,2025-11-26
F010441,C0537,2025-10-08,2025-11-07,1416436.0,2025-11-08
F010442,C0537,2026-02-08,2026-03-10,846970.0,2026-03-13
F010443,C0537,2026-03-11,2026-04-10,1249263.0,2026-04-11
F010444,C0537,2026-03-19,2026-04-18,1440436.0,2026-04-18
F010445,C0537,2026-03-14,2026-04-13,1039262.0,2026-04-13
F010446,C0537,2026-06-11,2026-07-11,2261129.0,2026-07-11
F010447,C0537,2026-06-24,2026-07-24,942763.0,2026-07-24
F010448,C0537,2026-07-15,2026-08-14,972889.0,2026-08-14
F010449,C0537,2026-08-22,2026-09-21,1138419.0,
F010450,C0537,2026-08-02,2026-09-01,1472884.0,
F010451,C0537,2026-08-14,2026-09-13,1152051.0,
F010452,C0538,2025-07-08,2025-08-07,807693.0,2025-08-08
F010453,C0538,2025-07-19,2025-08-18,1162289.0,2025-08-18
F010454,C0538,2025-07-23,2025-08-22,664016.0,2025-08-22
F010455,C0538,2025-09-16,2025-10-16,417272.0,
F010456,C0538,2025-09-03,2025-10-03,896573.0,2025-10-03
F010457,C0538,2025-09-25,2025-10-25,1401334.0,2025-10-25
F010458,C0538,2025-10-20,2025-11-19,560540.0,2025-11-22
F010459,C0538,2025-10-24,2025-11-23,1440480.0,2025-11-26
F010460,C0538,2025-11-05,2025-12-05,648618.0,2025-12-09
F010461,C0538,2025-11-08,2025-12-08,1460547.0,
F010462,C0538,2025-12-24,2026-01-23,799732.0,2026-01-26
F010463,C0538,2025-12-05,2026-01-04,353501.0,2026-01-04
F010464,C0538,2025-12-04,2026-01-03,831524.0,2026-01-04
F010465,C0538,2026-01-01,2026-01-31,840621.0,2026-01-31
F010466,C0538,2026-01-21,2026-02-20,741497.0,2026-02-20
F010467,C0538,2026-01-08,2026-02-07,1246489.0,2026-02-08
F010468,C0538,2026-07-03,2026-08-02,446782.0,2026-08-07
F010469,C0538,2026-07-05,2026-08-04,853688.0,2026-08-04
F010470,C0538,2026-08-20,2026-09-19,1417579.0,
F010471,C0538,2026-08-23,2026-09-22,701329.0,
F010472,C0539,2025-07-02,2025-08-01,1022266.0,2025-08-01
F010473,C0539,2025-07-25,2025-08-24,1405301.0,2025-08-24
F010474,C0539,2025-07-17,2025-08-16,2438944.0,2025-08-16
F010475,C0539,2025-08-22,2025-09-21,1560628.0,2025-09-22
F010476,C0539,2025-10-14,2025-11-13,2381164.0,2025-11-15
F010477,C0539,2025-10-01,2025-10-31,1268361.0,2025-10-31
F010478,C0539,2025-11-07,2025-12-07,4045419.0,2025-12-07
F010479,C0539,2025-11-03,2025-12-03,2916693.0,2025-12-03
F010480,C0539,2025-12-21,2026-01-20,1797872.0,2026-01-21
F010481,C0539,2025-12-20,2026-01-19,1604080.0,2026-01-19
F010482,C0539,2026-01-13,2026-02-12,1879267.0,2026-02-12
F010483,C0539,2026-01-11,2026-02-10,1433393.0,2026-02-10
F010484,C0539,2026-02-14,2026-03-16,1402017.0,2026-03-16
F010485,C0539,2026-02-18,2026-03-20,1653914.0,2026-03-20
F010486,C0539,2026-04-05,2026-05-05,1900727.0,2026-05-05
F010487,C0539,2026-04-14,2026-05-14,2649492.0,2026-05-14
F010488,C0539,2026-05-07,2026-06-06,1369449.0,2026-06-06
F010489,C0539,2026-05-13,2026-06-12,2074748.0,2026-06-13
F010490,C0539,2026-07-06,2026-08-05,4121017.0,2026-08-05
F010491,C0539,2026-07-15,2026-08-14,1981037.0,2026-08-14
F010492,C0539,2026-07-13,2026-08-12,1342340.0,2026-08-12
F010493,C0539,2026-08-12,2026-09-11,1374455.0,
F010494,C0539,2026-08-19,2026-09-18,2007470.0,
F010495,C0540,2025-07-14,2025-08-13,1942208.0,2025-08-14
F010496,C0540,2025-07-04,2025-08-03,2950271.0,2025-08-04
F010497,C0540,2025-09-28,2025-10-28,4801596.0,2025-10-30
F010498,C0540,2025-09-27,2025-10-27,3381040.0,2025-10-28
F010499,C0540,2025-09-21,2025-10-21,2075935.0,2025-10-25
F010500,C0540,2025-10-23,2025-11-22,3390873.0,2025-11-22
F010501,C0540,2025-11-12,2025-12-12,3339311.0,
F010502,C0540,2025-11-05,2025-12-05,4100252.0,2025-12-09
F010503,C0540,2025-11-19,2025-12-19,3258555.0,2025-12-21
F010504,C0540,2025-12-10,2026-01-09,3657282.0,2026-01-12
F010505,C0540,2025-12-05,2026-01-04,2458882.0,2026-01-05
F010506,C0540,2025-12-12,2026-01-11,1633666.0,2026-01-11
F010507,C0540,2026-01-18,2026-02-17,3663218.0,2026-02-19
F010508,C0540,2026-02-14,2026-03-16,1652976.0,2026-03-21
F010509,C0540,2026-02-12,2026-03-14,4617971.0,2026-03-17
F010510,C0540,2026-04-28,2026-05-28,4057582.0,2026-05-31
F010511,C0540,2026-04-13,2026-05-13,6222725.0,2026-05-13
F010512,C0540,2026-04-18,2026-05-18,2744356.0,2026-05-23
F010513,C0540,2026-06-17,2026-07-17,2913546.0,2026-07-18
F010514,C0540,2026-06-21,2026-07-21,2899509.0,2026-07-22
F010515,C0540,2026-07-08,2026-08-07,2086427.0,2026-08-08
F010516,C0540,2026-08-15,2026-09-14,2819550.0,
F010517,C0541,2025-07-16,2025-08-15,2626878.0,2025-08-19
F010518,C0541,2025-07-23,2025-08-22,2102929.0,2025-08-23
F010519,C0541,2025-08-02,2025-09-01,1627323.0,2025-09-04
F010520,C0541,2025-09-14,2025-10-14,1517871.0,
F010521,C0541,2025-10-07,2025-11-06,4725667.0,2025-11-06
F010522,C0541,2025-10-02,2025-11-01,3159815.0,2025-11-04
F010523,C0541,2025-10-15,2025-11-14,2845406.0,2025-11-14
F010524,C0541,2025-11-23,2025-12-23,1873337.0,2025-12-27
F010525,C0541,2025-11-28,2025-12-28,2840547.0,
F010526,C0541,2025-11-02,2025-12-02,2346572.0,2025-12-02
F010527,C0541,2026-01-02,2026-02-01,1656187.0,2026-02-02
F010528,C0541,2026-01-24,2026-02-23,2341362.0,2026-02-26
F010529,C0541,2026-02-05,2026-03-07,1739239.0,2026-03-09
F010530,C0541,2026-02-05,2026-03-07,1203175.0,2026-03-09
F010531,C0541,2026-02-10,2026-03-12,1772340.0,2026-03-14
F010532,C0541,2026-03-12,2026-04-11,1163816.0,2026-04-12
F010533,C0541,2026-03-02,2026-04-01,1305896.0,2026-04-02
F010534,C0541,2026-04-24,2026-05-24,2344443.0,2026-05-24
F010535,C0541,2026-05-26,2026-06-25,3247101.0,2026-06-28
F010536,C0541,2026-05-24,2026-06-23,728757.0,2026-06-25
F010537,C0541,2026-05-02,2026-06-01,1487744.0,2026-06-03
F010538,C0541,2026-06-27,2026-07-27,1489719.0,2026-07-29
F010539,C0541,2026-06-20,2026-07-20,2600017.0,2026-07-21
F010540,C0541,2026-07-12,2026-08-11,1005498.0,2026-08-13
F010541,C0541,2026-08-05,2026-09-04,2161233.0,
F010542,C0542,2025-07-07,2025-08-06,465219.0,2025-08-06
F010543,C0542,2026-01-24,2026-02-23,335697.0,2026-02-23
F010544,C0542,2026-01-08,2026-02-07,323525.0,2026-02-07
F010545,C0542,2026-02-25,2026-03-27,513382.0,2026-03-28
F010546,C0542,2026-02-19,2026-03-21,324811.0,2026-03-22
F010547,C0542,2026-02-09,2026-03-11,750536.0,2026-03-11
F010548,C0542,2026-03-05,2026-04-04,345817.0,2026-04-05
F010549,C0542,2026-04-21,2026-05-21,561395.0,2026-05-21
F010550,C0542,2026-04-22,2026-05-22,788558.0,2026-05-22
F010551,C0542,2026-04-27,2026-05-27,1056029.0,2026-05-27
F010552,C0542,2026-07-27,2026-08-26,559750.0,2026-08-28
F010553,C0542,2026-07-07,2026-08-06,592474.0,2026-08-06
F010554,C0543,2025-07-15,2025-08-14,1169978.0,2025-08-14
F010555,C0543,2025-11-15,2025-12-15,1314992.0,2025-12-15
F010556,C0543,2025-12-03,2026-01-02,2025222.0,2026-01-02
F010557,C0543,2025-12-14,2026-01-13,1765807.0,2026-01-13
F010558,C0543,2025-12-18,2026-01-17,791511.0,2026-01-17
F010559,C0543,2026-02-25,2026-03-27,2224632.0,2026-03-27
F010560,C0543,2026-02-22,2026-03-24,873433.0,2026-03-24
F010561,C0543,2026-03-21,2026-04-20,1383354.0,2026-04-20
F010562,C0543,2026-03-28,2026-04-27,1151892.0,2026-04-27
F010563,C0543,2026-03-16,2026-04-15,1540276.0,2026-04-15
F010564,C0543,2026-05-11,2026-06-10,1507704.0,2026-06-10
F010565,C0543,2026-06-21,2026-07-21,1226401.0,2026-07-21
F010566,C0543,2026-06-23,2026-07-23,1523003.0,2026-07-23
F010567,C0543,2026-07-13,2026-08-12,1989669.0,2026-08-12
F010568,C0543,2026-07-10,2026-08-09,937550.0,2026-08-09
F010569,C0543,2026-07-10,2026-08-09,2083485.0,2026-08-09
F010570,C0544,2025-07-15,2025-08-14,1114916.0,2025-08-14
F010571,C0544,2025-07-28,2025-08-27,1450376.0,2025-08-27
F010572,C0544,2025-08-22,2025-09-21,1184768.0,2025-09-21
F010573,C0544,2025-08-02,2025-09-01,1462073.0,2025-09-01
F010574,C0544,2025-08-27,2025-09-26,980008.0,2025-09-26
F010575,C0544,2025-10-16,2025-11-15,1433826.0,2025-11-15
F010576,C0544,2025-10-21,2025-11-20,1439594.0,2025-11-20
F010577,C0544,2026-01-10,2026-02-09,1393439.0,2026-02-09
F010578,C0544,2026-02-20,2026-03-22,1288134.0,2026-03-23
F010579,C0544,2026-02-27,2026-03-29,1322215.0,2026-03-30
F010580,C0544,2026-02-15,2026-03-17,797160.0,2026-03-17
F010581,C0544,2026-03-04,2026-04-03,1072373.0,2026-04-03
F010582,C0544,2026-03-23,2026-04-22,1094998.0,2026-04-22
F010583,C0544,2026-03-21,2026-04-20,814132.0,
F010584,C0544,2026-06-16,2026-07-16,1273922.0,2026-07-16
F010585,C0544,2026-06-24,2026-07-24,1138834.0,2026-07-24
F010586,C0544,2026-08-12,2026-09-11,744096.0,
F010587,C0545,2025-07-06,2025-08-05,2034661.0,2025-08-05
F010588,C0545,2025-07-04,2025-08-03,2911037.0,2025-08-03
F010589,C0545,2025-07-08,2025-08-07,915260.0,2025-08-07
F010590,C0545,2025-08-07,2025-09-06,2944686.0,2025-09-06
F010591,C0545,2025-08-26,2025-09-25,2462848.0,2025-09-25
F010592,C0545,2025-09-15,2025-10-15,2141755.0,2025-10-15
F010593,C0545,2025-10-01,2025-10-31,2566428.0,2025-11-02
F010594,C0545,2025-11-23,2025-12-23,1129227.0,2025-12-23
F010595,C0545,2025-12-09,2026-01-08,1318237.0,2026-01-08
F010596,C0545,2025-12-27,2026-01-26,790854.0,2026-01-26
F010597,C0545,2025-12-04,2026-01-03,1940033.0,2026-01-03
F010598,C0545,2026-01-09,2026-02-08,1603262.0,2026-02-08
F010599,C0545,2026-02-28,2026-03-30,2090687.0,2026-03-30
F010600,C0545,2026-02-03,2026-03-05,1690783.0,2026-03-06
F010601,C0545,2026-02-06,2026-03-08,1197989.0,2026-03-09
F010602,C0545,2026-03-15,2026-04-14,1222863.0,
F010603,C0545,2026-03-27,2026-04-26,1305900.0,2026-04-27
F010604,C0545,2026-05-22,2026-06-21,2270416.0,2026-06-21
F010605,C0545,2026-05-24,2026-06-23,2925721.0,2026-06-24
F010606,C0546,2025-09-25,2025-10-25,713905.0,2025-10-27
F010607,C0546,2025-09-26,2025-10-26,1307717.0,2025-10-27
F010608,C0546,2025-11-26,2025-12-26,1276320.0,2025-12-26
F010609,C0546,2025-11-05,2025-12-05,667412.0,2025-12-06
F010610,C0546,2025-11-06,2025-12-06,846066.0,2025-12-08
F010611,C0546,2025-12-01,2025-12-31,892242.0,2026-01-01
F010612,C0546,2025-12-02,2026-01-01,674683.0,2026-01-01
F010613,C0546,2026-04-04,2026-05-04,955317.0,2026-05-06
F010614,C0546,2026-05-22,2026-06-21,938458.0,2026-06-21
F010615,C0546,2026-06-26,2026-07-26,965304.0,2026-07-26
F010616,C0546,2026-06-14,2026-07-14,724526.0,2026-07-14
F010617,C0546,2026-07-21,2026-08-20,797611.0,2026-08-20
F010618,C0546,2026-07-11,2026-08-10,1007886.0,2026-08-12
F010619,C0546,2026-07-28,2026-08-27,1091283.0,2026-08-28
F010620,C0546,2026-08-19,2026-09-18,1100837.0,
F010621,C0546,2026-08-06,2026-09-05,623295.0,
F010622,C0547,2025-07-16,2025-08-15,4359797.0,2025-08-16
F010623,C0547,2025-07-09,2025-08-08,2066714.0,2025-08-10
F010624,C0547,2025-08-14,2025-09-13,3617809.0,2025-09-15
F010625,C0547,2025-08-04,2025-09-03,5221265.0,2025-09-03
F010626,C0547,2025-08-24,2025-09-23,5209502.0,2025-09-27
F010627,C0547,2025-09-06,2025-10-06,3968541.0,2025-10-08
F010628,C0547,2025-10-14,2025-11-13,4229886.0,2025-11-13
F010629,C0547,2025-10-19,2025-11-18,3756112.0,2025-11-18
F010630,C0547,2025-10-26,2025-11-25,3891501.0,2025-11-25
F010631,C0547,2025-11-21,2025-12-21,5599365.0,2025-12-21
F010632,C0547,2025-11-10,2025-12-10,2733001.0,2025-12-11
F010633,C0547,2025-12-04,2026-01-03,2090105.0,
F010634,C0547,2026-01-03,2026-02-02,6441549.0,2026-02-03
F010635,C0547,2026-02-05,2026-03-07,5066022.0,2026-03-07
F010636,C0547,2026-03-09,2026-04-08,4865271.0,2026-04-08
F010637,C0547,2026-03-21,2026-04-20,5226079.0,2026-04-22
F010638,C0547,2026-04-20,2026-05-20,2336593.0,2026-05-21
F010639,C0547,2026-05-15,2026-06-14,3839904.0,2026-06-15
F010640,C0547,2026-05-17,2026-06-16,5736337.0,2026-06-16
F010641,C0547,2026-05-04,2026-06-03,3688934.0,2026-06-03
F010642,C0547,2026-06-05,2026-07-05,5680400.0,2026-07-05
F010643,C0547,2026-06-26,2026-07-26,1730381.0,2026-07-27
F010644,C0547,2026-07-22,2026-08-21,3431948.0,2026-08-21
F010645,C0547,2026-08-05,2026-09-04,3270597.0,
F010646,C0547,2026-08-14,2026-09-13,5279940.0,
F010647,C0547,2026-08-17,2026-09-16,4238148.0,
F010648,C0548,2025-08-05,2025-09-04,3052049.0,2025-09-05
F010649,C0548,2025-08-21,2025-09-20,2428763.0,2025-09-21
F010650,C0548,2025-08-20,2025-09-19,2641818.0,
F010651,C0548,2025-10-15,2025-11-14,1922106.0,2025-11-14
F010652,C0548,2026-03-25,2026-04-24,1524928.0,2026-04-24
F010653,C0548,2026-03-08,2026-04-07,3922477.0,2026-04-09
F010654,C0548,2026-04-13,2026-05-13,1285957.0,2026-05-13
F010655,C0548,2026-04-03,2026-05-03,1674167.0,2026-05-03
F010656,C0548,2026-04-22,2026-05-22,2271554.0,2026-05-22
F010657,C0548,2026-05-06,2026-06-05,1405018.0,2026-06-05
F010658,C0548,2026-07-11,2026-08-10,1840440.0,2026-08-10
F010659,C0548,2026-07-26,2026-08-25,1599248.0,2026-08-25
F010660,C0549,2025-07-05,2025-08-04,838439.0,2025-08-08
F010661,C0549,2025-08-13,2025-09-12,1139133.0,2025-09-12
F010662,C0549,2025-08-18,2025-09-17,696946.0,2025-09-18
F010663,C0549,2025-09-13,2025-10-13,813252.0,2025-10-17
F010664,C0549,2025-10-27,2025-11-26,1466505.0,2025-11-26
F010665,C0549,2025-10-06,2025-11-05,1037097.0,2025-11-05
F010666,C0549,2025-10-17,2025-11-16,892720.0,2025-11-17
F010667,C0549,2025-12-28,2026-01-27,1261732.0,2026-01-27
F010668,C0549,2025-12-26,2026-01-25,1496446.0,2026-01-25
F010669,C0549,2026-01-22,2026-02-21,787970.0,2026-02-21
F010670,C0549,2026-01-15,2026-02-14,1719695.0,2026-02-15
F010671,C0549,2026-01-14,2026-02-13,1328381.0,2026-02-13
F010672,C0549,2026-02-17,2026-03-19,2092519.0,2026-03-20
F010673,C0549,2026-02-24,2026-03-26,1267950.0,
F010674,C0549,2026-02-27,2026-03-29,1375042.0,2026-03-30
F010675,C0549,2026-05-23,2026-06-22,617003.0,2026-06-22
F010676,C0549,2026-05-17,2026-06-16,1224706.0,
F010677,C0549,2026-06-09,2026-07-09,762475.0,2026-07-09
F010678,C0549,2026-06-02,2026-07-02,968162.0,2026-07-04
F010679,C0549,2026-06-13,2026-07-13,1508284.0,2026-07-13
F010680,C0549,2026-07-27,2026-08-26,1234221.0,2026-08-27
F010681,C0549,2026-07-21,2026-08-20,1625093.0,2026-08-22
F010682,C0549,2026-08-01,2026-08-31,1376758.0,
F010683,C0550,2025-08-24,2025-09-23,878223.0,2025-09-23
F010684,C0550,2025-08-21,2025-09-20,832157.0,2025-09-20
F010685,C0550,2025-08-05,2025-09-04,781125.0,2025-09-05
F010686,C0550,2025-10-07,2025-11-06,489135.0,2025-11-07
F010687,C0550,2025-10-11,2025-11-10,844420.0,2025-11-13
F010688,C0550,2025-12-14,2026-01-13,944274.0,2026-01-17
F010689,C0550,2025-12-18,2026-01-17,1100263.0,2026-01-17
F010690,C0550,2025-12-02,2026-01-01,375675.0,2026-01-01
F010691,C0550,2026-01-03,2026-02-02,534142.0,2026-02-05
F010692,C0550,2026-02-07,2026-03-09,629733.0,2026-03-10
F010693,C0550,2026-02-04,2026-03-06,649152.0,2026-03-08
F010694,C0550,2026-02-16,2026-03-18,915165.0,2026-03-20
F010695,C0550,2026-03-12,2026-04-11,907820.0,2026-04-12
F010696,C0550,2026-03-08,2026-04-07,668714.0,2026-04-07
F010697,C0550,2026-05-14,2026-06-13,1602369.0,2026-06-15
F010698,C0550,2026-05-08,2026-06-07,843700.0,2026-06-09
F010699,C0550,2026-05-20,2026-06-19,999554.0,2026-06-22
F010700,C0550,2026-06-20,2026-07-20,821212.0,2026-07-23
F010701,C0550,2026-06-03,2026-07-03,1093675.0,2026-07-03
F010702,C0550,2026-06-06,2026-07-06,1276956.0,2026-07-08
F010703,C0550,2026-07-09,2026-08-08,790234.0,2026-08-11
F010704,C0550,2026-07-06,2026-08-05,1169942.0,2026-08-06
F010705,C0550,2026-08-28,2026-09-27,676522.0,
F010706,C0550,2026-08-22,2026-09-21,1125811.0,
F010707,C0551,2025-07-04,2025-08-03,1689483.0,2025-08-05
F010708,C0551,2025-10-10,2025-11-09,3822238.0,2025-11-09
F010709,C0551,2026-02-05,2026-03-07,1335279.0,2026-03-07
F010710,C0551,2026-02-06,2026-03-08,1164362.0,2026-03-09
F010711,C0551,2026-05-09,2026-06-08,2650777.0,
F010712,C0551,2026-07-27,2026-08-26,1795734.0,2026-08-27
F010713,C0551,2026-07-04,2026-08-03,1572737.0,2026-08-03
F010714,C0552,2025-07-09,2025-08-08,1288438.0,2025-08-10
F010715,C0552,2025-08-02,2025-09-01,1513369.0,2025-09-01
F010716,C0552,2025-10-15,2025-11-14,1669902.0,2025-11-14
F010717,C0552,2025-10-21,2025-11-20,1199131.0,2025-11-23
F010718,C0552,2025-10-28,2025-11-27,733514.0,2025-11-27
F010719,C0552,2025-11-14,2025-12-14,1205615.0,2025-12-14
F010720,C0552,2025-11-21,2025-12-21,2223747.0,2025-12-21
F010721,C0552,2025-11-12,2025-12-12,2102198.0,2025-12-12
F010722,C0552,2025-12-24,2026-01-23,1471985.0,2026-01-23
F010723,C0552,2026-02-04,2026-03-06,942441.0,2026-03-06
F010724,C0552,2026-02-26,2026-03-28,2618260.0,2026-03-29
F010725,C0552,2026-02-02,2026-03-04,1458420.0,2026-03-04
F010726,C0552,2026-04-12,2026-05-12,823784.0,2026-05-12
F010727,C0552,2026-07-28,2026-08-27,1397179.0,2026-08-27
F010728,C0552,2026-08-15,2026-09-14,1316708.0,
F010729,C0552,2026-08-18,2026-09-17,1275708.0,
F010730,C0552,2026-08-27,2026-09-26,1173997.0,
F010731,C0553,2025-07-24,2025-08-23,1738916.0,2025-08-24
F010732,C0553,2025-07-22,2025-08-21,2707674.0,2025-08-25
F010733,C0553,2025-07-10,2025-08-09,2952003.0,2025-08-10
F010734,C0553,2025-09-05,2025-10-05,2100609.0,2025-10-06
F010735,C0553,2025-09-18,2025-10-18,1821201.0,2025-10-18
F010736,C0553,2025-09-28,2025-10-28,2737644.0,2025-10-28
F010737,C0553,2025-10-12,2025-11-11,3461660.0,2025-11-13
F010738,C0553,2025-10-15,2025-11-14,1695370.0,2025-11-15
F010739,C0553,2025-10-12,2025-11-11,2871496.0,2025-11-11
F010740,C0553,2025-11-03,2025-12-03,3920943.0,2025-12-06
F010741,C0553,2025-11-25,2025-12-25,1499781.0,2025-12-25
F010742,C0553,2025-11-26,2025-12-26,1702318.0,
F010743,C0553,2025-12-16,2026-01-15,4851172.0,2026-01-15
F010744,C0553,2025-12-23,2026-01-22,1791027.0,2026-01-23
F010745,C0553,2025-12-18,2026-01-17,1592821.0,2026-01-17
F010746,C0553,2026-01-26,2026-02-25,2445682.0,2026-02-26
F010747,C0553,2026-01-03,2026-02-02,2257938.0,2026-02-03
F010748,C0553,2026-03-24,2026-04-23,1750466.0,2026-04-23
F010749,C0553,2026-03-24,2026-04-23,2514791.0,2026-04-24
F010750,C0553,2026-05-04,2026-06-03,2614995.0,2026-06-04
F010751,C0553,2026-07-12,2026-08-11,1708511.0,2026-08-11
F010752,C0553,2026-07-10,2026-08-09,2333685.0,2026-08-10
F010753,C0553,2026-07-13,2026-08-12,4358267.0,2026-08-12
F010754,C0553,2026-08-07,2026-09-06,1378434.0,
F010755,C0553,2026-08-26,2026-09-25,2618134.0,
F010756,C0554,2025-07-17,2025-08-16,868780.0,2025-08-16
F010757,C0554,2025-08-17,2025-09-16,658661.0,2025-09-16
F010758,C0554,2025-08-26,2025-09-25,450273.0,2025-09-26
F010759,C0554,2025-09-20,2025-10-20,717238.0,2025-10-20
F010760,C0554,2025-09-28,2025-10-28,515898.0,2025-10-30
F010761,C0554,2025-10-20,2025-11-19,490707.0,2025-11-20
F010762,C0554,2025-10-09,2025-11-08,705195.0,2025-11-10
F010763,C0554,2025-10-28,2025-11-27,657088.0,2025-11-27
F010764,C0554,2025-11-09,2025-12-09,574906.0,2025-12-10
F010765,C0554,2025-12-21,2026-01-20,824180.0,2026-01-22
F010766,C0554,2025-12-22,2026-01-21,1043172.0,
F010767,C0554,2025-12-27,2026-01-26,271523.0,2026-01-27
F010768,C0554,2026-02-17,2026-03-19,541155.0,2026-03-20
F010769,C0554,2026-02-15,2026-03-17,1101213.0,2026-03-18
F010770,C0554,2026-03-24,2026-04-23,627925.0,2026-04-23
F010771,C0554,2026-05-12,2026-06-11,918627.0,2026-06-11
F010772,C0554,2026-05-25,2026-06-24,504452.0,2026-06-25
F010773,C0554,2026-07-24,2026-08-23,943964.0,2026-08-23
F010774,C0554,2026-07-20,2026-08-19,670126.0,2026-08-19
F010775,C0554,2026-07-21,2026-08-20,375880.0,2026-08-20
F010776,C0554,2026-08-28,2026-09-27,557203.0,
F010777,C0554,2026-08-10,2026-09-09,1143330.0,
F010778,C0554,2026-08-07,2026-09-06,606500.0,
F010779,C0555,2025-07-01,2025-07-31,2901731.0,2025-07-31
F010780,C0555,2025-07-03,2025-08-02,3336137.0,2025-08-03
F010781,C0555,2025-08-19,2025-09-18,6093262.0,2025-09-18
F010782,C0555,2025-10-17,2025-11-16,5866215.0,2025-11-17
F010783,C0555,2025-10-16,2025-11-15,5201691.0,2025-11-15
F010784,C0555,2025-11-20,2025-12-20,7398877.0,2025-12-20
F010785,C0555,2025-11-12,2025-12-12,4737478.0,2025-12-14
F010786,C0555,2026-03-25,2026-04-24,4233869.0,2026-04-24
F010787,C0555,2026-05-17,2026-06-16,5744169.0,2026-06-16
F010788,C0555,2026-05-18,2026-06-17,5090121.0,2026-06-17
F010789,C0555,2026-08-26,2026-09-25,5353554.0,
F010790,C0555,2026-08-11,2026-09-10,4248564.0,
F010791,C0556,2025-07-16,2025-08-15,3160315.0,2025-08-16
F010792,C0556,2025-07-13,2025-08-12,2894692.0,2025-08-14
F010793,C0556,2025-07-26,2025-08-25,2596605.0,2025-08-25
F010794,C0556,2025-08-17,2025-09-16,1269112.0,2025-09-17
F010795,C0556,2025-08-14,2025-09-13,1785188.0,2025-09-14
F010796,C0556,2025-08-02,2025-09-01,3028613.0,2025-09-03
F010797,C0556,2025-09-10,2025-10-10,4199484.0,2025-10-10
F010798,C0556,2025-09-25,2025-10-25,1976551.0,2025-10-27
F010799,C0556,2025-09-13,2025-10-13,1948754.0,2025-10-13
F010800,C0556,2025-11-15,2025-12-15,3628407.0,2025-12-15
F010801,C0556,2025-11-14,2025-12-14,3085901.0,2025-12-16
F010802,C0556,2025-12-22,2026-01-21,2072043.0,2026-01-21
F010803,C0556,2025-12-10,2026-01-09,3348926.0,2026-01-14
F010804,C0556,2025-12-21,2026-01-20,3093328.0,2026-01-25
F010805,C0556,2026-01-06,2026-02-05,2968232.0,2026-02-06
F010806,C0556,2026-01-07,2026-02-06,1367201.0,2026-02-08
F010807,C0556,2026-02-14,2026-03-16,1718092.0,2026-03-16
F010808,C0556,2026-02-08,2026-03-10,1704994.0,2026-03-10
F010809,C0556,2026-03-21,2026-04-20,1850803.0,2026-04-21
F010810,C0556,2026-03-16,2026-04-15,2022680.0,2026-04-15
F010811,C0556,2026-03-09,2026-04-08,2336844.0,2026-04-09
F010812,C0556,2026-04-12,2026-05-12,1752649.0,
F010813,C0556,2026-04-07,2026-05-07,5102755.0,2026-05-08
F010814,C0556,2026-04-16,2026-05-16,2368544.0,2026-05-20
F010815,C0556,2026-05-19,2026-06-18,2617604.0,2026-06-19
F010816,C0556,2026-05-05,2026-06-04,3041029.0,2026-06-04
F010817,C0556,2026-05-17,2026-06-16,2434133.0,2026-06-17
F010818,C0556,2026-06-22,2026-07-22,5650751.0,2026-07-23
F010819,C0556,2026-06-22,2026-07-22,2814515.0,2026-07-22
F010820,C0556,2026-07-03,2026-08-02,2107107.0,2026-08-02
F010821,C0556,2026-07-19,2026-08-18,2604470.0,2026-08-19
F010822,C0556,2026-07-28,2026-08-27,1923879.0,
F010823,C0556,2026-08-20,2026-09-19,1912866.0,
F010824,C0556,2026-08-23,2026-09-22,2579686.0,
F010825,C0556,2026-08-18,2026-09-17,3619697.0,
F010826,C0557,2025-07-25,2025-08-24,1773062.0,2025-08-24
F010827,C0557,2025-07-26,2025-08-25,2520765.0,2025-08-25
F010828,C0557,2025-07-04,2025-08-03,2667923.0,
F010829,C0557,2025-08-02,2025-09-01,2617662.0,2025-09-01
F010830,C0557,2025-08-01,2025-08-31,2196644.0,2025-09-02
F010831,C0557,2025-11-09,2025-12-09,2792779.0,2025-12-10
F010832,C0557,2025-11-16,2025-12-16,2179397.0,2025-12-17
F010833,C0557,2026-01-24,2026-02-23,1685952.0,2026-02-24
F010834,C0557,2026-01-09,2026-02-08,1958828.0,2026-02-08
F010835,C0557,2026-02-07,2026-03-09,1820602.0,
F010836,C0557,2026-02-14,2026-03-16,1149728.0,2026-03-16
F010837,C0557,2026-02-10,2026-03-12,3264889.0,2026-03-14
F010838,C0557,2026-06-02,2026-07-02,1770060.0,2026-07-02
F010839,C0557,2026-06-10,2026-07-10,1979404.0,2026-07-11
F010840,C0557,2026-06-12,2026-07-12,1630813.0,2026-07-12
F010841,C0557,2026-07-18,2026-08-17,1113399.0,2026-08-18
F010842,C0557,2026-08-26,2026-09-25,2190654.0,
F010843,C0557,2026-08-10,2026-09-09,1553185.0,
F010844,C0557,2026-08-15,2026-09-14,1845224.0,
F010845,C0558,2025-08-21,2025-09-20,1019822.0,2025-09-20
F010846,C0558,2025-09-28,2025-10-28,658427.0,2025-10-28
F010847,C0558,2025-09-24,2025-10-24,494639.0,2025-10-24
F010848,C0558,2025-10-08,2025-11-07,907390.0,2025-11-09
F010849,C0558,2025-10-03,2025-11-02,801661.0,2025-11-03
F010850,C0558,2025-11-14,2025-12-14,786755.0,2025-12-15
F010851,C0558,2025-12-15,2026-01-14,498731.0,2026-01-19
F010852,C0558,2025-12-01,2025-12-31,461661.0,2026-01-05
F010853,C0558,2026-01-25,2026-02-24,804828.0,2026-02-25
F010854,C0558,2026-02-24,2026-03-26,671924.0,2026-03-28
F010855,C0558,2026-02-19,2026-03-21,591952.0,2026-03-21
F010856,C0558,2026-02-08,2026-03-10,988358.0,2026-03-10
F010857,C0558,2026-04-23,2026-05-23,691577.0,2026-05-23
F010858,C0558,2026-04-26,2026-05-26,741234.0,2026-05-29
F010859,C0558,2026-04-19,2026-05-19,572201.0,2026-05-24
F010860,C0558,2026-06-07,2026-07-07,352031.0,2026-07-07
F010861,C0558,2026-06-24,2026-07-24,676570.0,2026-07-25
F010862,C0558,2026-06-15,2026-07-15,875545.0,2026-07-17
F010863,C0559,2025-08-15,2025-09-14,692611.0,2025-09-14
F010864,C0559,2025-08-23,2025-09-22,897838.0,2025-09-22
F010865,C0559,2025-08-09,2025-09-08,753283.0,2025-09-08
F010866,C0559,2025-10-20,2025-11-19,490181.0,2025-11-21
F010867,C0559,2025-10-20,2025-11-19,1543509.0,2025-11-20
F010868,C0559,2025-11-20,2025-12-20,969945.0,2025-12-20
F010869,C0559,2025-11-03,2025-12-03,714694.0,2025-12-03
F010870,C0559,2025-11-27,2025-12-27,499452.0,
F010871,C0559,2025-12-23,2026-01-22,1230791.0,
F010872,C0559,2026-03-17,2026-04-16,429580.0,2026-04-16
F010873,C0559,2026-05-21,2026-06-20,906877.0,2026-06-22
F010874,C0559,2026-05-20,2026-06-19,1370257.0,2026-06-19
F010875,C0559,2026-05-06,2026-06-05,751044.0,2026-06-06
F010876,C0559,2026-06-01,2026-07-01,1301113.0,2026-07-02
F010877,C0559,2026-07-10,2026-08-09,721177.0,2026-08-10
F010878,C0559,2026-07-17,2026-08-16,626599.0,2026-08-16
F010879,C0559,2026-07-07,2026-08-06,786491.0,2026-08-06
F010880,C0559,2026-08-19,2026-09-18,772894.0,
F010881,C0559,2026-08-03,2026-09-02,1009734.0,
F010882,C0559,2026-08-19,2026-09-18,1278588.0,
F010883,C0560,2025-07-15,2025-08-14,875543.0,2025-08-15
F010884,C0560,2025-07-15,2025-08-14,650020.0,2025-08-19
F010885,C0560,2025-07-05,2025-08-04,537601.0,2025-08-05
F010886,C0560,2025-08-26,2025-09-25,1055215.0,2025-09-27
F010887,C0560,2025-08-22,2025-09-21,974233.0,2025-09-24
F010888,C0560,2025-08-07,2025-09-06,646349.0,2025-09-06
F010889,C0560,2025-09-02,2025-10-02,1073495.0,2025-10-05
F010890,C0560,2025-10-11,2025-11-10,718044.0,2025-11-10
F010891,C0560,2025-11-13,2025-12-13,866492.0,2025-12-13
F010892,C0560,2025-11-21,2025-12-21,727631.0,2025-12-22
F010893,C0560,2026-01-05,2026-02-04,889067.0,2026-02-06
F010894,C0560,2026-01-04,2026-02-03,757343.0,2026-02-04
F010895,C0560,2026-02-05,2026-03-07,728841.0,2026-03-07
F010896,C0560,2026-02-12,2026-03-14,535143.0,2026-03-15
F010897,C0560,2026-02-02,2026-03-04,759847.0,2026-03-05
F010898,C0560,2026-03-07,2026-04-06,739968.0,2026-04-08
F010899,C0560,2026-03-06,2026-04-05,884272.0,2026-04-05
F010900,C0560,2026-03-19,2026-04-18,750530.0,2026-04-20
F010901,C0560,2026-04-02,2026-05-02,595427.0,2026-05-02
F010902,C0560,2026-04-07,2026-05-07,571315.0,2026-05-07
F010903,C0560,2026-04-12,2026-05-12,748989.0,2026-05-12
F010904,C0560,2026-05-04,2026-06-03,881127.0,2026-06-07
F010905,C0560,2026-06-26,2026-07-26,961233.0,2026-07-26
F010906,C0560,2026-07-13,2026-08-12,363871.0,2026-08-12
F010907,C0560,2026-07-26,2026-08-25,994520.0,2026-08-25
F010908,C0560,2026-08-09,2026-09-08,662327.0,
F010909,C0561,2025-08-19,2025-09-18,479027.0,2025-09-19
F010910,C0561,2025-08-27,2025-09-26,222980.0,2025-09-29
F010911,C0561,2025-09-16,2025-10-16,299961.0,2025-10-16
F010912,C0561,2025-09-28,2025-10-28,909473.0,2025-10-28
F010913,C0561,2025-09-16,2025-10-16,406314.0,2025-10-18
F010914,C0561,2025-10-17,2025-11-16,417705.0,2025-11-16
F010915,C0561,2025-10-02,2025-11-01,709152.0,2025-11-03
F010916,C0561,2025-12-12,2026-01-11,1117282.0,2026-01-11
F010917,C0561,2025-12-07,2026-01-06,1054899.0,2026-01-07
F010918,C0561,2026-03-15,2026-04-14,772915.0,2026-04-17
F010919,C0561,2026-03-19,2026-04-18,453874.0,2026-04-19
F010920,C0561,2026-07-12,2026-08-11,311117.0,2026-08-12
F010921,C0562,2025-07-18,2025-08-17,1074039.0,2025-08-17
F010922,C0562,2025-07-05,2025-08-04,691874.0,2025-08-04
F010923,C0562,2025-10-28,2025-11-27,1052754.0,2025-11-27
F010924,C0562,2025-10-23,2025-11-22,1857213.0,2025-11-22
F010925,C0562,2025-10-23,2025-11-22,836812.0,2025-11-23
F010926,C0562,2026-06-11,2026-07-11,1034741.0,2026-07-11
F010927,C0562,2026-06-08,2026-07-08,1017740.0,2026-07-08
F010928,C0562,2026-06-27,2026-07-27,775961.0,2026-07-27
F010929,C0562,2026-08-27,2026-09-26,1375061.0,
F010930,C0562,2026-08-22,2026-09-21,805233.0,
F010931,C0563,2025-07-24,2025-08-23,1409362.0,2025-08-23
F010932,C0563,2025-07-11,2025-08-10,1084644.0,2025-08-10
F010933,C0563,2025-09-09,2025-10-09,892177.0,2025-10-09
F010934,C0563,2025-09-05,2025-10-05,1858851.0,2025-10-06
F010935,C0563,2025-12-11,2026-01-10,2057556.0,2026-01-10
F010936,C0563,2025-12-22,2026-01-21,1691154.0,2026-01-21
F010937,C0563,2025-12-11,2026-01-10,2312865.0,2026-01-11
F010938,C0563,2026-01-08,2026-02-07,2702305.0,2026-02-07
F010939,C0563,2026-01-03,2026-02-02,1616428.0,2026-02-03
F010940,C0563,2026-01-03,2026-02-02,1228782.0,2026-02-02
F010941,C0563,2026-03-26,2026-04-25,1624218.0,2026-04-26
F010942,C0563,2026-04-28,2026-05-28,2402557.0,2026-05-28
F010943,C0563,2026-04-09,2026-05-09,701798.0,2026-05-09
F010944,C0563,2026-04-07,2026-05-07,1190732.0,2026-05-07
F010945,C0563,2026-05-16,2026-06-15,1033108.0,2026-06-16
F010946,C0563,2026-05-11,2026-06-10,945711.0,
F010947,C0563,2026-06-17,2026-07-17,833119.0,2026-07-18
F010948,C0563,2026-07-24,2026-08-23,1803582.0,2026-08-24
F010949,C0563,2026-07-04,2026-08-03,1348461.0,2026-08-03
F010950,C0563,2026-08-18,2026-09-17,1395693.0,
F010951,C0563,2026-08-07,2026-09-06,869225.0,
F010952,C0564,2025-07-16,2025-08-15,1461149.0,2025-08-15
F010953,C0564,2025-07-18,2025-08-17,1776320.0,2025-08-18
F010954,C0564,2025-08-21,2025-09-20,2008963.0,2025-09-21
F010955,C0564,2025-08-10,2025-09-09,1275210.0,2025-09-09
F010956,C0564,2025-09-12,2025-10-12,1179548.0,
F010957,C0564,2025-09-28,2025-10-28,3465468.0,2025-10-30
F010958,C0564,2025-10-05,2025-11-04,1197495.0,2025-11-04
F010959,C0564,2025-10-26,2025-11-25,1061774.0,
F010960,C0564,2025-11-13,2025-12-13,1828272.0,2025-12-13
F010961,C0564,2025-11-23,2025-12-23,2467692.0,2025-12-23
F010962,C0564,2025-11-06,2025-12-06,2512418.0,2025-12-07
F010963,C0564,2025-12-08,2026-01-07,1170962.0,2026-01-07
F010964,C0564,2026-01-08,2026-02-07,1429223.0,2026-02-08
F010965,C0564,2026-01-21,2026-02-20,1521248.0,2026-02-20
F010966,C0564,2026-02-24,2026-03-26,2388871.0,2026-03-27
F010967,C0564,2026-02-11,2026-03-13,1029118.0,2026-03-13
F010968,C0564,2026-03-28,2026-04-27,2590171.0,2026-04-27
F010969,C0564,2026-03-15,2026-04-14,3460870.0,2026-04-14
F010970,C0564,2026-03-05,2026-04-04,1184879.0,2026-04-04
F010971,C0564,2026-04-15,2026-05-15,1097323.0,2026-05-15
F010972,C0564,2026-05-25,2026-06-24,2139594.0,2026-06-27
F010973,C0564,2026-06-12,2026-07-12,1863276.0,2026-07-15
F010974,C0564,2026-06-20,2026-07-20,942030.0,2026-07-20
F010975,C0564,2026-07-10,2026-08-09,1196120.0,2026-08-12
F010976,C0564,2026-07-11,2026-08-10,2277461.0,2026-08-10
F010977,C0564,2026-08-07,2026-09-06,1388130.0,
F010978,C0564,2026-08-01,2026-08-31,1572400.0,2026-08-31
F010979,C0565,2025-07-26,2025-08-25,3302158.0,2025-08-25
F010980,C0565,2025-07-25,2025-08-24,4419345.0,2025-08-24
F010981,C0565,2025-09-18,2025-10-18,3790916.0,2025-10-18
F010982,C0565,2025-09-07,2025-10-07,6234011.0,2025-10-07
F010983,C0565,2025-10-26,2025-11-25,7559379.0,2025-11-25
F010984,C0565,2025-10-09,2025-11-08,6116707.0,2025-11-08
F010985,C0565,2025-11-27,2025-12-27,4248250.0,2025-12-27
F010986,C0565,2026-01-20,2026-02-19,2909925.0,2026-02-19
F010987,C0565,2026-02-26,2026-03-28,4081611.0,2026-03-30
F010988,C0565,2026-03-24,2026-04-23,3191619.0,2026-04-24
F010989,C0565,2026-03-08,2026-04-07,5799955.0,2026-04-08
F010990,C0565,2026-04-15,2026-05-15,5317040.0,2026-05-16
F010991,C0565,2026-04-24,2026-05-24,3834563.0,2026-05-27
F010992,C0565,2026-05-23,2026-06-22,4695998.0,2026-06-23
F010993,C0565,2026-05-08,2026-06-07,3377716.0,2026-06-07
F010994,C0565,2026-06-23,2026-07-23,5058069.0,2026-07-23
F010995,C0565,2026-06-14,2026-07-14,3262342.0,2026-07-14
F010996,C0565,2026-08-11,2026-09-10,3030968.0,
F010997,C0566,2025-07-04,2025-08-03,3284824.0,2025-08-03
F010998,C0566,2025-07-12,2025-08-11,3267406.0,2025-08-12
F010999,C0566,2025-07-19,2025-08-18,1732559.0,2025-08-18
F011000,C0566,2025-08-26,2025-09-25,1739606.0,2025-09-26
F011001,C0566,2025-08-17,2025-09-16,2132364.0,2025-09-17
F011002,C0566,2025-08-03,2025-09-02,2103852.0,2025-09-03
F011003,C0566,2025-09-12,2025-10-12,2816138.0,2025-10-12
F011004,C0566,2025-09-13,2025-10-13,2377017.0,2025-10-14
F011005,C0566,2025-09-27,2025-10-27,2358098.0,2025-10-27
F011006,C0566,2025-10-14,2025-11-13,5396771.0,2025-11-13
F011007,C0566,2025-10-07,2025-11-06,3327853.0,2025-11-08
F011008,C0566,2025-10-10,2025-11-09,2805719.0,2025-11-09
F011009,C0566,2025-12-02,2026-01-01,2583573.0,2026-01-01
F011010,C0566,2025-12-07,2026-01-06,2556179.0,2026-01-07
F011011,C0566,2025-12-16,2026-01-15,2039089.0,2026-01-16
F011012,C0566,2026-01-11,2026-02-10,4273563.0,2026-02-12
F011013,C0566,2026-01-16,2026-02-15,2003053.0,
F011014,C0566,2026-02-21,2026-03-23,4933189.0,2026-03-23
F011015,C0566,2026-03-18,2026-04-17,4379518.0,2026-04-23
F011016,C0566,2026-03-23,2026-04-22,1602116.0,2026-04-22
F011017,C0566,2026-03-08,2026-04-07,1737261.0,2026-04-08
F011018,C0566,2026-04-02,2026-05-02,1534101.0,2026-05-02
F011019,C0566,2026-04-20,2026-05-20,1952788.0,2026-05-20
F011020,C0566,2026-05-28,2026-06-27,2269329.0,2026-06-28
F011021,C0566,2026-06-14,2026-07-14,3368360.0,2026-07-15
F011022,C0566,2026-06-09,2026-07-09,3768815.0,2026-07-09
F011023,C0566,2026-07-24,2026-08-23,1930242.0,2026-08-23
F011024,C0567,2025-07-17,2025-08-16,664266.0,2025-08-17
F011025,C0567,2025-07-24,2025-08-23,1550567.0,2025-08-25
F011026,C0567,2025-08-18,2025-09-17,925871.0,
F011027,C0567,2025-08-12,2025-09-11,550049.0,2025-09-12
F011028,C0567,2025-09-28,2025-10-28,702803.0,
F011029,C0567,2025-09-09,2025-10-09,1006636.0,2025-10-10
F011030,C0567,2025-10-03,2025-11-02,971402.0,2025-11-02
F011031,C0567,2025-11-05,2025-12-05,801896.0,2025-12-07
F011032,C0567,2025-11-15,2025-12-15,1090626.0,2025-12-16
F011033,C0567,2026-02-23,2026-03-25,632116.0,2026-03-25
F011034,C0567,2026-02-07,2026-03-09,1063230.0,2026-03-09
F011035,C0567,2026-03-20,2026-04-19,1967712.0,2026-04-21
F011036,C0567,2026-03-12,2026-04-11,850480.0,2026-04-11
F011037,C0567,2026-03-18,2026-04-17,422365.0,2026-04-17
F011038,C0567,2026-05-21,2026-06-20,778228.0,2026-06-20
F011039,C0567,2026-05-19,2026-06-18,1087468.0,
F011040,C0567,2026-05-20,2026-06-19,1116960.0,2026-06-20
F011041,C0567,2026-06-02,2026-07-02,1193658.0,2026-07-03
F011042,C0567,2026-06-05,2026-07-05,801147.0,
F011043,C0567,2026-06-03,2026-07-03,504426.0,2026-07-03
F011044,C0567,2026-07-15,2026-08-14,1088609.0,2026-08-15
F011045,C0567,2026-08-26,2026-09-25,911365.0,
F011046,C0567,2026-08-17,2026-09-16,910697.0,
F011047,C0568,2025-07-11,2025-08-10,1343635.0,2025-08-11
F011048,C0568,2025-07-17,2025-08-16,812145.0,2025-08-16
F011049,C0568,2025-07-14,2025-08-13,406413.0,2025-08-13
F011050,C0568,2025-08-16,2025-09-15,523647.0,2025-09-17
F011051,C0568,2025-09-23,2025-10-23,1386553.0,2025-10-23
F011052,C0568,2025-09-13,2025-10-13,1301821.0,2025-10-15
F011053,C0568,2025-09-28,2025-10-28,1584016.0,2025-10-28
F011054,C0568,2025-12-25,2026-01-24,888331.0,2026-01-26
F011055,C0568,2025-12-03,2026-01-02,1196424.0,2026-01-02
F011056,C0568,2026-01-07,2026-02-06,1410716.0,2026-02-07
F011057,C0568,2026-01-15,2026-02-14,835792.0,2026-02-14
F011058,C0568,2026-01-07,2026-02-06,763296.0,2026-02-06
F011059,C0568,2026-02-22,2026-03-24,1252839.0,2026-03-24
F011060,C0568,2026-02-24,2026-03-26,899068.0,2026-03-26
F011061,C0568,2026-02-10,2026-03-12,617880.0,2026-03-12
F011062,C0568,2026-03-26,2026-04-25,887414.0,2026-04-26
F011063,C0568,2026-04-19,2026-05-19,410054.0,2026-05-19
F011064,C0568,2026-04-07,2026-05-07,1295614.0,2026-05-08
F011065,C0568,2026-04-27,2026-05-27,1754617.0,2026-05-28
F011066,C0568,2026-06-09,2026-07-09,787738.0,2026-07-10
F011067,C0568,2026-06-08,2026-07-08,1952453.0,2026-07-08
F011068,C0568,2026-06-23,2026-07-23,977023.0,2026-07-23
F011069,C0568,2026-08-20,2026-09-19,914949.0,
F011070,C0569,2025-07-11,2025-08-10,599207.0,2025-08-11
F011071,C0569,2025-08-11,2025-09-10,1488335.0,2025-09-10
F011072,C0569,2025-08-28,2025-09-27,621378.0,2025-09-27
F011073,C0569,2025-08-25,2025-09-24,674067.0,2025-09-25
F011074,C0569,2025-09-10,2025-10-10,1128858.0,2025-10-10
F011075,C0569,2025-10-17,2025-11-16,1966413.0,2025-11-16
F011076,C0569,2025-11-19,2025-12-19,857710.0,2025-12-19
F011077,C0569,2025-11-15,2025-12-15,914063.0,2025-12-15
F011078,C0569,2026-01-13,2026-02-12,677818.0,2026-02-13
F011079,C0569,2026-02-22,2026-03-24,437200.0,2026-03-24
F011080,C0569,2026-02-16,2026-03-18,887230.0,2026-03-18
F011081,C0569,2026-02-25,2026-03-27,1203334.0,2026-03-27
F011082,C0569,2026-03-13,2026-04-12,1108405.0,2026-04-13
F011083,C0569,2026-03-07,2026-04-06,1162421.0,2026-04-06
F011084,C0569,2026-03-26,2026-04-25,1163875.0,2026-04-25
F011085,C0569,2026-05-02,2026-06-01,1273465.0,2026-06-01
F011086,C0569,2026-05-05,2026-06-04,1066574.0,2026-06-05
F011087,C0569,2026-05-23,2026-06-22,626330.0,
F011088,C0569,2026-06-21,2026-07-21,1339685.0,2026-07-22
F011089,C0569,2026-06-23,2026-07-23,2625336.0,2026-07-23
F011090,C0569,2026-07-22,2026-08-21,749844.0,2026-08-21
F011091,C0569,2026-07-10,2026-08-09,1973330.0,2026-08-10
F011092,C0569,2026-08-26,2026-09-25,903204.0,
F011093,C0569,2026-08-18,2026-09-17,1663590.0,
F011094,C0569,2026-08-13,2026-09-12,1200127.0,
F011095,C0570,2025-07-22,2025-08-21,1003451.0,2025-08-24
F011096,C0570,2025-07-28,2025-08-27,1067998.0,2025-08-30
F011097,C0570,2025-08-10,2025-09-09,1792048.0,2025-09-11
F011098,C0570,2025-09-25,2025-10-25,934457.0,2025-10-25
F011099,C0570,2025-11-09,2025-12-09,1470576.0,
F011100,C0570,2025-11-08,2025-12-08,1487433.0,2025-12-10
F011101,C0570,2025-11-02,2025-12-02,2676141.0,2025-12-06
F011102,C0570,2026-01-13,2026-02-12,2549234.0,2026-02-12
F011103,C0570,2026-02-07,2026-03-09,1926815.0,2026-03-09
F011104,C0570,2026-02-11,2026-03-13,1693961.0,2026-03-13
F011105,C0570,2026-04-08,2026-05-08,1712641.0,2026-05-10
F011106,C0570,2026-04-20,2026-05-20,1422261.0,2026-05-20
F011107,C0570,2026-05-07,2026-06-06,2538768.0,2026-06-06
F011108,C0570,2026-05-09,2026-06-08,2313132.0,2026-06-08
F011109,C0571,2025-07-03,2025-08-02,1261016.0,2025-08-03
F011110,C0571,2025-08-20,2025-09-19,3318772.0,2025-09-19
F011111,C0571,2025-10-20,2025-11-19,3468899.0,2025-11-21
F011112,C0571,2026-01-17,2026-02-16,1043260.0,2026-02-16
F011113,C0571,2026-01-15,2026-02-14,1538094.0,2026-02-15
F011114,C0571,2026-01-10,2026-02-09,1336721.0,2026-02-12
F011115,C0571,2026-02-25,2026-03-27,1519645.0,2026-03-30
F011116,C0571,2026-02-19,2026-03-21,1683129.0,2026-03-21
F011117,C0571,2026-06-28,2026-07-28,1752604.0,2026-07-29
F011118,C0571,2026-06-26,2026-07-26,1855802.0,2026-07-26
F011119,C0571,2026-06-10,2026-07-10,1759323.0,2026-07-11
F011120,C0571,2026-07-15,2026-08-14,4174948.0,2026-08-16
F011121,C0571,2026-07-10,2026-08-09,2637828.0,2026-08-10
F011122,C0572,2025-08-15,2025-09-14,2857467.0,2025-09-16
F011123,C0572,2025-08-18,2025-09-17,1223434.0,2025-09-17
F011124,C0572,2025-08-23,2025-09-22,3126394.0,2025-09-23
F011125,C0572,2025-09-19,2025-10-19,2226150.0,2025-10-19
F011126,C0572,2025-09-23,2025-10-23,3815264.0,2025-10-26
F011127,C0572,2025-11-11,2025-12-11,2554855.0,2025-12-12
F011128,C0572,2026-06-27,2026-07-27,1731765.0,2026-07-27
F011129,C0572,2026-07-15,2026-08-14,2713201.0,2026-08-14
F011130,C0573,2025-07-17,2025-08-16,1992067.0,2025-08-19
F011131,C0573,2025-07-21,2025-08-20,1681328.0,2025-08-23
F011132,C0573,2025-10-06,2025-11-05,1438663.0,2025-11-05
F011133,C0573,2025-10-23,2025-11-22,1586839.0,2025-11-24
F011134,C0573,2026-01-15,2026-02-14,2234684.0,
F011135,C0573,2026-02-03,2026-03-05,1120177.0,2026-03-05
F011136,C0573,2026-02-02,2026-03-04,1706527.0,2026-03-07
F011137,C0573,2026-06-16,2026-07-16,1629403.0,2026-07-17
F011138,C0573,2026-06-16,2026-07-16,1397050.0,2026-07-18
F011139,C0573,2026-06-15,2026-07-15,2202458.0,2026-07-17
F011140,C0573,2026-07-04,2026-08-03,1272711.0,2026-08-03
F011141,C0573,2026-07-05,2026-08-04,1882244.0,
F011142,C0573,2026-08-26,2026-09-25,2573125.0,
F011143,C0573,2026-08-11,2026-09-10,1860243.0,
F011144,C0573,2026-08-20,2026-09-19,2048697.0,
F011145,C0574,2025-08-26,2025-09-25,6799364.0,2025-09-26
F011146,C0574,2025-08-03,2025-09-02,3333602.0,2025-09-02
F011147,C0574,2025-08-08,2025-09-07,1402602.0,2025-09-07
F011148,C0574,2025-09-10,2025-10-10,5187817.0,2025-10-10
F011149,C0574,2025-09-25,2025-10-25,2585564.0,2025-10-26
F011150,C0574,2025-12-18,2026-01-17,1917828.0,2026-01-17
F011151,C0574,2025-12-21,2026-01-20,2067518.0,2026-01-20
F011152,C0574,2026-01-28,2026-02-27,2789644.0,2026-02-27
F011153,C0574,2026-01-17,2026-02-16,1992224.0,
F011154,C0574,2026-01-14,2026-02-13,2567926.0,2026-02-16
F011155,C0574,2026-02-23,2026-03-25,2879276.0,2026-03-25
F011156,C0574,2026-02-24,2026-03-26,2142724.0,2026-03-27
F011157,C0574,2026-02-04,2026-03-06,2062748.0,2026-03-09
F011158,C0574,2026-04-07,2026-05-07,3883401.0,2026-05-07
F011159,C0574,2026-04-02,2026-05-02,2741714.0,2026-05-02
F011160,C0574,2026-08-05,2026-09-04,2356036.0,
F011161,C0574,2026-08-20,2026-09-19,1514745.0,
F011162,C0574,2026-08-27,2026-09-26,3069582.0,
F011163,C0575,2025-07-13,2025-08-12,1483394.0,2025-08-12
F011164,C0575,2025-07-24,2025-08-23,2749479.0,2025-08-24
F011165,C0575,2025-07-22,2025-08-21,4014914.0,2025-08-23
F011166,C0575,2025-09-20,2025-10-20,1075856.0,
F011167,C0575,2025-09-21,2025-10-21,1679797.0,2025-10-23
F011168,C0575,2025-09-27,2025-10-27,1592248.0,2025-10-27
F011169,C0575,2026-02-01,2026-03-03,1830946.0,2026-03-03
F011170,C0575,2026-03-11,2026-04-10,4190046.0,2026-04-13
F011171,C0575,2026-07-08,2026-08-07,1454524.0,2026-08-08
F011172,C0576,2025-07-12,2025-08-11,915635.0,2025-08-17
F011173,C0576,2025-11-16,2025-12-16,1360449.0,2025-12-17
F011174,C0576,2026-01-20,2026-02-19,1036617.0,
F011175,C0576,2026-01-02,2026-02-01,3096641.0,2026-02-01
F011176,C0576,2026-01-22,2026-02-21,1031069.0,2026-02-26
F011177,C0576,2026-02-17,2026-03-19,1037801.0,
F011178,C0576,2026-02-25,2026-03-27,2609037.0,2026-03-27
F011179,C0576,2026-02-24,2026-03-26,1155594.0,2026-03-29
F011180,C0576,2026-03-19,2026-04-18,1201332.0,2026-04-18
F011181,C0576,2026-03-02,2026-04-01,1194941.0,2026-04-03
F011182,C0576,2026-04-25,2026-05-25,1674913.0,
F011183,C0576,2026-05-23,2026-06-22,2121478.0,2026-06-24
F011184,C0576,2026-05-09,2026-06-08,2619587.0,2026-06-09
F011185,C0576,2026-07-16,2026-08-15,978893.0,2026-08-16
F011186,C0576,2026-07-18,2026-08-17,1938590.0,2026-08-18
F011187,C0577,2025-07-07,2025-08-06,2644460.0,2025-08-07
F011188,C0577,2025-07-27,2025-08-26,1137605.0,2025-08-27
F011189,C0577,2025-08-07,2025-09-06,2307081.0,2025-09-06
F011190,C0577,2025-09-03,2025-10-03,1793719.0,2025-10-03
F011191,C0577,2025-09-14,2025-10-14,2848397.0,2025-10-14
F011192,C0577,2025-09-21,2025-10-21,3188258.0,2025-10-21
F011193,C0577,2025-11-26,2025-12-26,1246861.0,2025-12-28
F011194,C0577,2025-11-25,2025-12-25,2266375.0,2025-12-25
F011195,C0577,2025-11-13,2025-12-13,1034998.0,2025-12-13
F011196,C0577,2026-01-14,2026-02-13,1584501.0,2026-02-13
F011197,C0577,2026-01-20,2026-02-19,1383244.0,2026-02-20
F011198,C0577,2026-03-27,2026-04-26,1956609.0,2026-04-27
F011199,C0577,2026-05-02,2026-06-01,1040236.0,2026-06-01
F011200,C0577,2026-05-08,2026-06-07,1815351.0,2026-06-08
F011201,C0577,2026-05-05,2026-06-04,2334042.0,2026-06-04
F011202,C0577,2026-06-10,2026-07-10,1963181.0,2026-07-10
F011203,C0578,2025-07-03,2025-08-02,2475908.0,2025-08-02
F011204,C0578,2025-07-24,2025-08-23,1446095.0,2025-08-24
F011205,C0578,2025-08-20,2025-09-19,1308847.0,2025-09-20
F011206,C0578,2025-08-10,2025-09-09,3204381.0,2025-09-11
F011207,C0578,2025-10-21,2025-11-20,2354793.0,2025-11-20
F011208,C0578,2025-10-23,2025-11-22,1839840.0,2025-11-23
F011209,C0578,2025-10-26,2025-11-25,1213211.0,
F011210,C0578,2026-03-24,2026-04-23,2489887.0,2026-04-24
F011211,C0578,2026-04-24,2026-05-24,2567697.0,2026-05-25
F011212,C0578,2026-04-18,2026-05-18,1516616.0,2026-05-18
F011213,C0578,2026-06-12,2026-07-12,1306585.0,2026-07-13
F011214,C0578,2026-08-05,2026-09-04,2522564.0,
F011215,C0578,2026-08-10,2026-09-09,1065063.0,
F011216,C0578,2026-08-23,2026-09-22,1488229.0,
F011217,C0579,2025-08-24,2025-09-23,2250253.0,2025-09-24
F011218,C0579,2025-09-22,2025-10-22,2915565.0,2025-10-24
F011219,C0579,2025-09-22,2025-10-22,2018833.0,2025-10-22
F011220,C0579,2025-09-25,2025-10-25,2089080.0,2025-10-25
F011221,C0579,2025-10-06,2025-11-05,2031124.0,2025-11-08
F011222,C0579,2025-10-04,2025-11-03,2197817.0,2025-11-03
F011223,C0579,2025-11-28,2025-12-28,3264986.0,2025-12-28
F011224,C0579,2025-11-13,2025-12-13,2107141.0,2025-12-18
F011225,C0579,2025-11-28,2025-12-28,5053962.0,
F011226,C0579,2025-12-07,2026-01-06,3727692.0,2026-01-08
F011227,C0579,2026-02-10,2026-03-12,1519616.0,2026-03-13
F011228,C0579,2026-02-06,2026-03-08,1600595.0,2026-03-09
F011229,C0579,2026-02-16,2026-03-18,3132406.0,2026-03-20
F011230,C0579,2026-04-03,2026-05-03,2515777.0,2026-05-03
F011231,C0579,2026-04-04,2026-05-04,1302868.0,2026-05-04
F011232,C0579,2026-06-17,2026-07-17,2234914.0,2026-07-18
F011233,C0579,2026-06-01,2026-07-01,1559901.0,2026-07-01
F011234,C0579,2026-06-26,2026-07-26,1961592.0,2026-07-28
F011235,C0579,2026-07-21,2026-08-20,1782520.0,2026-08-20
F011236,C0579,2026-07-08,2026-08-07,1727698.0,2026-08-07
F011237,C0580,2025-08-14,2025-09-13,304437.0,2025-09-13
F011238,C0580,2025-08-07,2025-09-06,442705.0,2025-09-08
F011239,C0580,2025-09-09,2025-10-09,572658.0,2025-10-09
F011240,C0580,2025-09-19,2025-10-19,416335.0,2025-10-20
F011241,C0580,2025-11-23,2025-12-23,407858.0,2025-12-23
F011242,C0580,2025-12-15,2026-01-14,449387.0,2026-01-16
F011243,C0580,2026-03-09,2026-04-08,380617.0,2026-04-08
F011244,C0580,2026-04-28,2026-05-28,571355.0,2026-05-28
F011245,C0580,2026-05-12,2026-06-11,173516.0,2026-06-13
F011246,C0580,2026-05-26,2026-06-25,370477.0,2026-06-27
F011247,C0580,2026-06-07,2026-07-07,649825.0,2026-07-07
F011248,C0580,2026-06-08,2026-07-08,750600.0,2026-07-09
F011249,C0580,2026-06-14,2026-07-14,525783.0,2026-07-15
F011250,C0580,2026-07-02,2026-08-01,587136.0,2026-08-01
F011251,C0580,2026-07-18,2026-08-17,513913.0,2026-08-17
F011252,C0580,2026-07-11,2026-08-10,521901.0,2026-08-10
F011253,C0580,2026-08-24,2026-09-23,700284.0,
F011254,C0581,2025-07-18,2025-08-17,1563498.0,2025-08-17
F011255,C0581,2025-07-21,2025-08-20,1120867.0,2025-08-20
F011256,C0581,2025-08-14,2025-09-13,879929.0,2025-09-13
F011257,C0581,2025-09-21,2025-10-21,2067960.0,2025-10-21
F011258,C0581,2025-09-15,2025-10-15,1965385.0,
F011259,C0581,2025-10-28,2025-11-27,2013605.0,2025-11-29
F011260,C0581,2025-10-08,2025-11-07,2549659.0,2025-11-09
F011261,C0581,2025-10-16,2025-11-15,2242703.0,2025-11-18
F011262,C0581,2026-02-06,2026-03-08,1566857.0,2026-03-08
F011263,C0581,2026-02-01,2026-03-03,2612401.0,2026-03-05
F011264,C0581,2026-02-09,2026-03-11,1992469.0,2026-03-11
F011265,C0581,2026-03-14,2026-04-13,2079573.0,2026-04-15
F011266,C0581,2026-03-25,2026-04-24,1246683.0,2026-04-24
F011267,C0581,2026-05-23,2026-06-22,1656065.0,2026-06-22
F011268,C0581,2026-05-05,2026-06-04,1942861.0,2026-06-05
F011269,C0581,2026-05-14,2026-06-13,1441111.0,2026-06-13
F011270,C0581,2026-06-21,2026-07-21,1361780.0,2026-07-22
F011271,C0581,2026-06-17,2026-07-17,2664834.0,2026-07-20
F011272,C0581,2026-06-02,2026-07-02,3233414.0,2026-07-03
F011273,C0581,2026-07-02,2026-08-01,2395755.0,2026-08-01
F011274,C0581,2026-08-12,2026-09-11,1900774.0,
F011275,C0581,2026-08-22,2026-09-21,1556963.0,
F011276,C0581,2026-08-02,2026-09-01,1226597.0,
F011277,C0582,2025-07-16,2025-08-15,1260049.0,2025-08-17
F011278,C0582,2025-07-15,2025-08-14,1805059.0,2025-08-20
F011279,C0582,2025-07-04,2025-08-03,1701133.0,2025-08-05
F011280,C0582,2025-08-12,2025-09-11,850411.0,2025-09-13
F011281,C0582,2025-08-07,2025-09-06,1136006.0,2025-09-10
F011282,C0582,2025-08-04,2025-09-03,1060199.0,2025-09-07
F011283,C0582,2025-10-12,2025-11-11,1673882.0,2025-11-12
F011284,C0582,2025-11-02,2025-12-02,1595320.0,2025-12-04
F011285,C0582,2025-11-04,2025-12-04,1037564.0,2025-12-04
F011286,C0582,2025-12-05,2026-01-04,1512919.0,2026-01-04
F011287,C0582,2025-12-27,2026-01-26,2175304.0,2026-02-01
F011288,C0582,2026-01-14,2026-02-13,951260.0,2026-02-14
F011289,C0582,2026-02-20,2026-03-22,2199941.0,2026-03-23
F011290,C0582,2026-03-27,2026-04-26,1268727.0,2026-04-27
F011291,C0582,2026-04-26,2026-05-26,913341.0,2026-05-28
F011292,C0582,2026-05-15,2026-06-14,928355.0,2026-06-16
F011293,C0582,2026-05-11,2026-06-10,1248128.0,
F011294,C0582,2026-05-10,2026-06-09,2129498.0,2026-06-12
F011295,C0582,2026-06-02,2026-07-02,1433888.0,2026-07-02
F011296,C0582,2026-06-02,2026-07-02,1590445.0,2026-07-02
F011297,C0582,2026-07-15,2026-08-14,2125015.0,2026-08-14
F011298,C0582,2026-07-03,2026-08-02,1896513.0,2026-08-03
F011299,C0582,2026-07-07,2026-08-06,1056842.0,2026-08-06
F011300,C0583,2025-08-21,2025-09-20,946867.0,2025-09-21
F011301,C0583,2025-08-02,2025-09-01,794293.0,2025-09-03
F011302,C0583,2025-09-09,2025-10-09,2794297.0,2025-10-09
F011303,C0583,2025-09-24,2025-10-24,2062650.0,2025-10-24
F011304,C0583,2025-09-16,2025-10-16,2854849.0,2025-10-17
F011305,C0583,2025-10-10,2025-11-09,876645.0,2025-11-10
F011306,C0583,2025-10-07,2025-11-06,1148615.0,2025-11-06
F011307,C0583,2025-10-27,2025-11-26,1900973.0,2025-11-26
F011308,C0583,2025-12-12,2026-01-11,1197869.0,2026-01-14
F011309,C0583,2025-12-20,2026-01-19,842540.0,2026-01-22
F011310,C0583,2025-12-26,2026-01-25,1645334.0,2026-01-26
F011311,C0583,2026-01-26,2026-02-25,1707896.0,2026-02-27
F011312,C0583,2026-01-25,2026-02-24,2156032.0,2026-02-25
F011313,C0583,2026-02-01,2026-03-03,2568721.0,
F011314,C0583,2026-02-23,2026-03-25,2257477.0,2026-03-25
F011315,C0583,2026-02-23,2026-03-25,874891.0,2026-03-25
F011316,C0583,2026-03-22,2026-04-21,2427249.0,2026-04-22
F011317,C0583,2026-03-06,2026-04-05,2081258.0,2026-04-05
F011318,C0583,2026-03-03,2026-04-02,1296688.0,2026-04-02
F011319,C0583,2026-05-10,2026-06-09,1864409.0,2026-06-09
F011320,C0583,2026-06-05,2026-07-05,1657789.0,2026-07-05
F011321,C0583,2026-07-15,2026-08-14,1266058.0,2026-08-15
F011322,C0583,2026-07-13,2026-08-12,1890282.0,2026-08-16
F011323,C0583,2026-07-05,2026-08-04,1656580.0,2026-08-04
F011324,C0583,2026-08-07,2026-09-06,1770018.0,
F011325,C0583,2026-08-23,2026-09-22,1282424.0,
F011326,C0584,2025-07-10,2025-08-09,670016.0,2025-08-09
F011327,C0584,2025-08-09,2025-09-08,805567.0,2025-09-08
F011328,C0584,2025-08-27,2025-09-26,631688.0,2025-09-26
F011329,C0584,2025-10-03,2025-11-02,982769.0,2025-11-02
F011330,C0584,2025-10-03,2025-11-02,913862.0,2025-11-02
F011331,C0584,2025-10-27,2025-11-26,560615.0,2025-11-27
F011332,C0584,2025-11-02,2025-12-02,809450.0,2025-12-02
F011333,C0584,2025-11-26,2025-12-26,488101.0,2025-12-26
F011334,C0584,2025-11-11,2025-12-11,754277.0,2025-12-11
F011335,C0584,2025-12-09,2026-01-08,920877.0,2026-01-08
F011336,C0584,2025-12-04,2026-01-03,701171.0,2026-01-04
F011337,C0584,2026-01-12,2026-02-11,1049677.0,2026-02-13
F011338,C0584,2026-02-14,2026-03-16,558722.0,2026-03-17
F011339,C0584,2026-02-18,2026-03-20,1312209.0,2026-03-20
F011340,C0584,2026-03-16,2026-04-15,1041030.0,2026-04-15
F011341,C0584,2026-04-15,2026-05-15,1224524.0,2026-05-15
F011342,C0584,2026-07-13,2026-08-12,875398.0,2026-08-12
F011343,C0584,2026-07-15,2026-08-14,508301.0,2026-08-14
F011344,C0584,2026-08-08,2026-09-07,586027.0,
F011345,C0584,2026-08-05,2026-09-04,617006.0,
F011346,C0585,2025-07-26,2025-08-25,2955146.0,2025-08-26
F011347,C0585,2025-07-27,2025-08-26,1575290.0,2025-08-26
F011348,C0585,2025-07-14,2025-08-13,1323181.0,2025-08-13
F011349,C0585,2025-08-17,2025-09-16,3110074.0,2025-09-18
F011350,C0585,2025-09-04,2025-10-04,2094127.0,2025-10-04
F011351,C0585,2025-09-05,2025-10-05,4036342.0,2025-10-05
F011352,C0585,2025-09-28,2025-10-28,2424686.0,2025-10-28
F011353,C0585,2026-02-01,2026-03-03,1320488.0,2026-03-04
F011354,C0585,2026-02-13,2026-03-15,2618920.0,2026-03-15
F011355,C0585,2026-02-16,2026-03-18,2299209.0,2026-03-19
F011356,C0585,2026-03-11,2026-04-10,5165202.0,2026-04-10
F011357,C0585,2026-03-23,2026-04-22,1740110.0,2026-04-22
F011358,C0585,2026-04-04,2026-05-04,2462009.0,2026-05-04
F011359,C0585,2026-04-14,2026-05-14,2657937.0,2026-05-14
F011360,C0585,2026-05-11,2026-06-10,2024455.0,2026-06-10
F011361,C0585,2026-06-14,2026-07-14,2771027.0,2026-07-14
F011362,C0585,2026-06-02,2026-07-02,2931588.0,2026-07-02
F011363,C0585,2026-06-17,2026-07-17,1410985.0,2026-07-17
F011364,C0585,2026-07-02,2026-08-01,1447270.0,2026-08-01
F011365,C0585,2026-07-18,2026-08-17,2690352.0,2026-08-18
F011366,C0585,2026-08-05,2026-09-04,1675116.0,
F011367,C0586,2025-07-13,2025-08-12,495287.0,2025-08-16
F011368,C0586,2025-07-20,2025-08-19,1332209.0,2025-08-21
F011369,C0586,2025-07-07,2025-08-06,700143.0,2025-08-12
F011370,C0586,2025-09-19,2025-10-19,907432.0,2025-10-19
F011371,C0586,2025-09-11,2025-10-11,1114563.0,2025-10-12
F011372,C0586,2025-09-28,2025-10-28,1574376.0,2025-11-05
F011373,C0586,2025-10-05,2025-11-04,1127651.0,2025-11-06
F011374,C0586,2025-10-23,2025-11-22,758057.0,2025-11-26
F011375,C0586,2025-11-27,2025-12-27,992506.0,2025-12-30
F011376,C0586,2025-11-13,2025-12-13,1133902.0,2025-12-17
F011377,C0586,2026-01-23,2026-02-22,351846.0,2026-02-26
F011378,C0586,2026-01-07,2026-02-06,471816.0,2026-02-14
F011379,C0586,2026-01-02,2026-02-01,590338.0,2026-02-04
F011380,C0586,2026-02-10,2026-03-12,857268.0,
F011381,C0586,2026-03-18,2026-04-17,611766.0,2026-04-25
F011382,C0586,2026-04-12,2026-05-12,921835.0,2026-05-14
F011383,C0586,2026-04-13,2026-05-13,882983.0,2026-05-19
F011384,C0586,2026-07-28,2026-08-27,1128547.0,2026-08-27
F011385,C0586,2026-07-17,2026-08-16,769273.0,
F011386,C0586,2026-07-16,2026-08-15,831137.0,
F011387,C0586,2026-08-03,2026-09-02,873092.0,
F011388,C0587,2025-08-14,2025-09-13,3997886.0,2025-09-13
F011389,C0587,2025-11-17,2025-12-17,4007974.0,2025-12-17
F011390,C0587,2025-11-09,2025-12-09,1611721.0,2025-12-09
F011391,C0587,2025-12-10,2026-01-09,2638583.0,2026-01-12
F011392,C0587,2026-04-22,2026-05-22,3575818.0,2026-05-23
F011393,C0587,2026-07-05,2026-08-04,3021340.0,2026-08-04
F011394,C0587,2026-07-25,2026-08-24,4432522.0,
F011395,C0587,2026-07-08,2026-08-07,3640614.0,2026-08-07
F011396,C0587,2026-08-14,2026-09-13,2336727.0,
F011397,C0587,2026-08-24,2026-09-23,2515079.0,
F011398,C0587,2026-08-04,2026-09-03,1940178.0,
F011399,C0588,2025-09-28,2025-10-28,1007596.0,2025-10-29
F011400,C0588,2025-09-14,2025-10-14,1143728.0,2025-10-15
F011401,C0588,2025-11-20,2025-12-20,1891635.0,2025-12-22
F011402,C0588,2025-11-20,2025-12-20,1932659.0,
F011403,C0588,2026-02-09,2026-03-11,1839781.0,2026-03-15
F011404,C0588,2026-02-24,2026-03-26,1439863.0,2026-03-26
F011405,C0588,2026-02-20,2026-03-22,1073469.0,2026-03-22
F011406,C0588,2026-03-06,2026-04-05,1150464.0,2026-04-05
F011407,C0588,2026-03-07,2026-04-06,1948933.0,2026-04-06
F011408,C0588,2026-03-27,2026-04-26,2083949.0,2026-04-29
F011409,C0588,2026-04-04,2026-05-04,1324032.0,2026-05-04
F011410,C0588,2026-04-28,2026-05-28,2577826.0,
F011411,C0588,2026-04-01,2026-05-01,2178488.0,2026-05-02
F011412,C0588,2026-06-05,2026-07-05,1734241.0,2026-07-05
F011413,C0588,2026-07-15,2026-08-14,961033.0,2026-08-14
F011414,C0588,2026-07-16,2026-08-15,2273892.0,2026-08-16
F011415,C0588,2026-08-04,2026-09-03,1148228.0,
F011416,C0588,2026-08-15,2026-09-14,1415734.0,
F011417,C0589,2025-07-28,2025-08-27,3269553.0,2025-08-27
F011418,C0589,2025-07-02,2025-08-01,4059696.0,2025-08-02
F011419,C0589,2025-07-17,2025-08-16,4093440.0,2025-08-16
F011420,C0589,2025-08-23,2025-09-22,4107745.0,2025-09-22
F011421,C0589,2025-09-06,2025-10-06,2910571.0,2025-10-06
F011422,C0589,2025-09-25,2025-10-25,2951274.0,2025-10-25
F011423,C0589,2025-09-17,2025-10-17,3210317.0,2025-10-17
F011424,C0589,2025-10-06,2025-11-05,980356.0,2025-11-05
F011425,C0589,2025-10-09,2025-11-08,3385235.0,2025-11-08
F011426,C0589,2025-11-01,2025-12-01,3173779.0,2025-12-01
F011427,C0589,2025-11-08,2025-12-08,2899055.0,2025-12-09
F011428,C0589,2025-11-18,2025-12-18,3405351.0,2025-12-19
F011429,C0589,2025-12-02,2026-01-01,3022618.0,2026-01-01
F011430,C0589,2025-12-20,2026-01-19,2218259.0,2026-01-19
F011431,C0589,2025-12-12,2026-01-11,1766458.0,2026-01-11
F011432,C0589,2026-01-12,2026-02-11,3772893.0,2026-02-11
F011433,C0589,2026-02-18,2026-03-20,4359346.0,2026-03-20
F011434,C0589,2026-02-12,2026-03-14,3811084.0,2026-03-14
F011435,C0589,2026-04-22,2026-05-22,2918629.0,2026-05-22
F011436,C0589,2026-04-13,2026-05-13,3038542.0,2026-05-13
F011437,C0589,2026-05-12,2026-06-11,2225214.0,2026-06-11
F011438,C0589,2026-06-25,2026-07-25,4446615.0,2026-07-25
F011439,C0589,2026-07-24,2026-08-23,1977610.0,2026-08-23
F011440,C0589,2026-07-13,2026-08-12,4117192.0,2026-08-12
F011441,C0589,2026-07-15,2026-08-14,3296042.0,2026-08-14
F011442,C0589,2026-08-05,2026-09-04,1398329.0,
F011443,C0590,2025-07-03,2025-08-02,996984.0,2025-08-02
F011444,C0590,2025-07-07,2025-08-06,921547.0,2025-08-07
F011445,C0590,2025-07-17,2025-08-16,1437188.0,2025-08-16
F011446,C0590,2025-09-23,2025-10-23,1414731.0,2025-10-23
F011447,C0590,2025-10-19,2025-11-18,1209547.0,2025-11-19
F011448,C0590,2025-10-18,2025-11-17,665808.0,2025-11-17
F011449,C0590,2025-10-14,2025-11-13,1218409.0,
F011450,C0590,2025-11-20,2025-12-20,1014047.0,2025-12-21
F011451,C0590,2026-01-03,2026-02-02,917785.0,2026-02-03
F011452,C0590,2026-01-02,2026-02-01,678309.0,2026-02-01
F011453,C0590,2026-03-08,2026-04-07,856124.0,2026-04-07
F011454,C0590,2026-03-14,2026-04-13,1413847.0,2026-04-13
F011455,C0590,2026-03-06,2026-04-05,1643198.0,2026-04-05
F011456,C0590,2026-04-01,2026-05-01,1282499.0,2026-05-01
F011457,C0590,2026-06-09,2026-07-09,1393616.0,2026-07-09
F011458,C0590,2026-08-05,2026-09-04,715491.0,
F011459,C0590,2026-08-07,2026-09-06,667736.0,
F011460,C0590,2026-08-16,2026-09-15,982858.0,
F011461,C0591,2025-07-05,2025-08-04,1208664.0,2025-08-04
F011462,C0591,2025-08-26,2025-09-25,615821.0,2025-09-26
F011463,C0591,2025-09-17,2025-10-17,1139598.0,2025-10-18
F011464,C0591,2025-10-16,2025-11-15,1406596.0,2025-11-16
F011465,C0591,2025-11-13,2025-12-13,2578412.0,2025-12-13
F011466,C0591,2025-12-03,2026-01-02,2776092.0,2026-01-03
F011467,C0591,2025-12-26,2026-01-25,1494885.0,2026-01-25
F011468,C0591,2025-12-21,2026-01-20,1668226.0,2026-01-20
F011469,C0591,2026-01-24,2026-02-23,1133530.0,2026-02-23
F011470,C0591,2026-01-12,2026-02-11,917106.0,2026-02-11
F011471,C0591,2026-04-20,2026-05-20,1030983.0,2026-05-20
F011472,C0591,2026-04-16,2026-05-16,1539351.0,2026-05-16
F011473,C0591,2026-04-14,2026-05-14,2170965.0,2026-05-14
F011474,C0591,2026-06-03,2026-07-03,1338522.0,2026-07-03
F011475,C0591,2026-06-26,2026-07-26,1498278.0,2026-07-26
F011476,C0591,2026-07-13,2026-08-12,1565516.0,2026-08-13
F011477,C0591,2026-08-05,2026-09-04,1841811.0,
F011478,C0591,2026-08-05,2026-09-04,2141377.0,
F011479,C0591,2026-08-07,2026-09-06,902604.0,
F011480,C0592,2025-08-28,2025-09-27,1745714.0,2025-09-28
F011481,C0592,2025-08-22,2025-09-21,1951075.0,2025-09-21
F011482,C0592,2025-08-11,2025-09-10,1035017.0,2025-09-10
F011483,C0592,2025-09-23,2025-10-23,970173.0,2025-10-23
F011484,C0592,2025-09-20,2025-10-20,778983.0,2025-10-21
F011485,C0592,2025-11-17,2025-12-17,736856.0,2025-12-18
F011486,C0592,2025-12-10,2026-01-09,1550826.0,2026-01-09
F011487,C0592,2025-12-10,2026-01-09,1609158.0,2026-01-09
F011488,C0592,2026-02-28,2026-03-30,744615.0,2026-03-31
F011489,C0592,2026-02-18,2026-03-20,1425343.0,2026-03-20
F011490,C0592,2026-05-24,2026-06-23,1010682.0,2026-06-23
F011491,C0592,2026-06-07,2026-07-07,1079980.0,2026-07-07
F011492,C0592,2026-06-26,2026-07-26,816514.0,2026-07-26
F011493,C0592,2026-06-25,2026-07-25,1187987.0,2026-07-25
F011494,C0593,2025-07-01,2025-07-31,828853.0,2025-08-02
F011495,C0593,2025-08-28,2025-09-27,337259.0,2025-09-29
F011496,C0593,2025-09-22,2025-10-22,443433.0,2025-10-24
F011497,C0593,2025-09-18,2025-10-18,918482.0,2025-10-19
F011498,C0593,2025-10-10,2025-11-09,1103940.0,2025-11-10
F011499,C0593,2025-10-12,2025-11-11,1100403.0,2025-11-12
F011500,C0593,2025-11-11,2025-12-11,541803.0,2025-12-12
F011501,C0593,2025-11-10,2025-12-10,553280.0,2025-12-13
F011502,C0593,2025-11-14,2025-12-14,621496.0,2025-12-15
F011503,C0593,2025-12-04,2026-01-03,1143333.0,2026-01-06
F011504,C0593,2025-12-25,2026-01-24,599906.0,2026-01-24
F011505,C0593,2025-12-08,2026-01-07,442005.0,2026-01-07
F011506,C0593,2026-01-06,2026-02-05,517066.0,2026-02-09
F011507,C0593,2026-02-28,2026-03-30,1031251.0,2026-03-31
F011508,C0593,2026-03-08,2026-04-07,524174.0,2026-04-08
F011509,C0593,2026-04-23,2026-05-23,723130.0,2026-05-25
F011510,C0593,2026-05-22,2026-06-21,617912.0,2026-06-22
F011511,C0593,2026-05-20,2026-06-19,535965.0,2026-06-19
F011512,C0593,2026-05-13,2026-06-12,625825.0,2026-06-15
F011513,C0593,2026-06-02,2026-07-02,730106.0,2026-07-04
F011514,C0593,2026-06-24,2026-07-24,546516.0,2026-07-26
F011515,C0593,2026-07-19,2026-08-18,813246.0,2026-08-18
F011516,C0593,2026-08-25,2026-09-24,377354.0,
F011517,C0594,2025-07-05,2025-08-04,5497218.0,2025-08-04
F011518,C0594,2025-07-19,2025-08-18,2949328.0,2025-08-18
F011519,C0594,2025-10-07,2025-11-06,2244903.0,2025-11-06
F011520,C0594,2025-10-07,2025-11-06,2395991.0,2025-11-06
F011521,C0594,2025-11-13,2025-12-13,2589914.0,2025-12-13
F011522,C0594,2025-11-16,2025-12-16,1952341.0,2025-12-16
F011523,C0594,2025-11-23,2025-12-23,1610368.0,2025-12-23
F011524,C0594,2025-12-03,2026-01-02,2108458.0,2026-01-02
F011525,C0594,2025-12-27,2026-01-26,2481347.0,2026-01-26
F011526,C0594,2026-01-01,2026-01-31,6238084.0,2026-01-31
F011527,C0594,2026-01-05,2026-02-04,2064118.0,2026-02-04
F011528,C0594,2026-05-27,2026-06-26,1742569.0,2026-06-26
F011529,C0594,2026-05-05,2026-06-04,3189809.0,2026-06-04
F011530,C0594,2026-05-17,2026-06-16,3465325.0,2026-06-16
F011531,C0594,2026-06-24,2026-07-24,2342990.0,2026-07-24
F011532,C0594,2026-06-22,2026-07-22,2336883.0,2026-07-22
F011533,C0594,2026-07-10,2026-08-09,1945814.0,2026-08-09
F011534,C0594,2026-07-13,2026-08-12,4242988.0,2026-08-12
F011535,C0594,2026-07-02,2026-08-01,2307420.0,2026-08-01
F011536,C0594,2026-08-08,2026-09-07,1889648.0,
F011537,C0594,2026-08-12,2026-09-11,2835243.0,
F011538,C0595,2025-07-12,2025-08-11,1547840.0,2025-08-11
F011539,C0595,2025-10-09,2025-11-08,1990058.0,2025-11-09
F011540,C0595,2025-11-15,2025-12-15,1692957.0,2025-12-15
F011541,C0595,2025-12-01,2025-12-31,1607489.0,2025-12-31
F011542,C0595,2025-12-09,2026-01-08,2116343.0,2026-01-09
F011543,C0595,2026-03-24,2026-04-23,983012.0,2026-04-24
F011544,C0595,2026-03-02,2026-04-01,1721265.0,2026-04-02
F011545,C0595,2026-03-25,2026-04-24,2830394.0,2026-04-24
F011546,C0595,2026-05-19,2026-06-18,1664558.0,2026-06-19
F011547,C0595,2026-05-01,2026-05-31,2991517.0,2026-05-31
F011548,C0595,2026-06-20,2026-07-20,2211787.0,2026-07-20
F011549,C0595,2026-06-02,2026-07-02,1821900.0,2026-07-03
F011550,C0595,2026-07-25,2026-08-24,2640900.0,2026-08-25
F011551,C0596,2025-08-14,2025-09-13,1430131.0,2025-09-13
F011552,C0596,2025-08-23,2025-09-22,742360.0,2025-09-22
F011553,C0596,2025-08-03,2025-09-02,1068165.0,2025-09-02
F011554,C0596,2025-09-19,2025-10-19,441562.0,2025-10-20
F011555,C0596,2025-09-09,2025-10-09,1112674.0,2025-10-11
F011556,C0596,2025-09-27,2025-10-27,958545.0,2025-10-27
F011557,C0596,2025-11-10,2025-12-10,846278.0,2025-12-11
F011558,C0596,2025-11-11,2025-12-11,975296.0,2025-12-11
F011559,C0596,2025-12-18,2026-01-17,1864462.0,2026-01-17
F011560,C0596,2025-12-25,2026-01-24,490762.0,
F011561,C0596,2026-02-23,2026-03-25,807886.0,2026-03-25
F011562,C0596,2026-04-24,2026-05-24,743096.0,2026-05-24
F011563,C0596,2026-04-08,2026-05-08,623466.0,2026-05-08
F011564,C0596,2026-04-12,2026-05-12,549168.0,2026-05-12
F011565,C0596,2026-07-16,2026-08-15,1051952.0,2026-08-16
F011566,C0596,2026-07-17,2026-08-16,1025357.0,2026-08-16
F011567,C0596,2026-07-08,2026-08-07,295553.0,2026-08-07
F011568,C0597,2025-07-24,2025-08-23,5100039.0,2025-08-24
F011569,C0597,2025-07-22,2025-08-21,5413852.0,2025-08-21
F011570,C0597,2025-07-25,2025-08-24,4533156.0,2025-08-24
F011571,C0597,2025-09-26,2025-10-26,3013044.0,2025-10-26
F011572,C0597,2025-10-25,2025-11-24,7850057.0,2025-11-24
F011573,C0597,2025-10-27,2025-11-26,2352893.0,2025-11-26
F011574,C0597,2025-10-05,2025-11-04,3402258.0,2025-11-04
F011575,C0597,2025-11-02,2025-12-02,5923051.0,2025-12-02
F011576,C0597,2025-12-14,2026-01-13,4134716.0,2026-01-13
F011577,C0597,2025-12-21,2026-01-20,5084594.0,2026-01-20
F011578,C0597,2025-12-10,2026-01-09,4353783.0,2026-01-09
F011579,C0597,2026-01-19,2026-02-18,5061873.0,2026-02-18
F011580,C0597,2026-01-02,2026-02-01,2482198.0,2026-02-01
F011581,C0597,2026-01-20,2026-02-19,3164466.0,2026-02-19
F011582,C0597,2026-05-16,2026-06-15,2380916.0,2026-06-15
F011583,C0597,2026-05-09,2026-06-08,5946614.0,2026-06-09
F011584,C0597,2026-07-02,2026-08-01,4343132.0,2026-08-01
F011585,C0598,2025-07-08,2025-08-07,396671.0,2025-08-08
F011586,C0598,2026-01-23,2026-02-22,672449.0,2026-02-22
F011587,C0598,2026-03-23,2026-04-22,546913.0,2026-04-28
F011588,C0598,2026-03-17,2026-04-16,704797.0,2026-04-16
F011589,C0598,2026-04-23,2026-05-23,402014.0,2026-05-23
F011590,C0598,2026-06-17,2026-07-17,518248.0,2026-07-17
F011591,C0598,2026-08-20,2026-09-19,492619.0,
F011592,C0598,2026-08-24,2026-09-23,598626.0,
F011593,C0598,2026-08-21,2026-09-20,479447.0,
F011594,C0599,2025-07-16,2025-08-15,915196.0,2025-08-20
F011595,C0599,2025-10-25,2025-11-24,1042186.0,2025-11-24
F011596,C0599,2025-12-13,2026-01-12,1100188.0,
F011597,C0599,2026-01-03,2026-02-02,2266184.0,2026-02-06
F011598,C0599,2026-02-27,2026-03-29,1992423.0,2026-03-30
F011599,C0599,2026-02-06,2026-03-08,1216011.0,2026-03-08
F011600,C0599,2026-03-08,2026-04-07,2974052.0,2026-04-07
F011601,C0599,2026-03-02,2026-04-01,1580349.0,2026-04-01
F011602,C0599,2026-03-15,2026-04-14,1373902.0,2026-04-14
F011603,C0599,2026-05-25,2026-06-24,1344481.0,2026-06-26
F011604,C0599,2026-07-27,2026-08-26,1924528.0,2026-08-26
F011605,C0599,2026-07-08,2026-08-07,1728935.0,2026-08-09
F011606,C0599,2026-08-02,2026-09-01,1208514.0,
F011607,C0600,2025-07-26,2025-08-25,394618.0,2025-08-28
F011608,C0600,2025-07-04,2025-08-03,708782.0,2025-08-04
F011609,C0600,2025-07-25,2025-08-24,497177.0,2025-08-27
F011610,C0600,2025-08-20,2025-09-19,730204.0,2025-09-20
F011611,C0600,2025-08-05,2025-09-04,671533.0,2025-09-04
F011612,C0600,2025-08-06,2025-09-05,418885.0,
F011613,C0600,2026-02-09,2026-03-11,329657.0,
F011614,C0600,2026-02-04,2026-03-06,392768.0,2026-03-09
F011615,C0600,2026-04-13,2026-05-13,532635.0,2026-05-13
F011616,C0600,2026-05-27,2026-06-26,695268.0,2026-06-27
F011617,C0600,2026-05-03,2026-06-02,553280.0,2026-06-06
F011618,C0600,2026-06-18,2026-07-18,828392.0,2026-07-20
F011619,C0600,2026-06-21,2026-07-21,334367.0,2026-07-23
F011620,C0600,2026-07-11,2026-08-10,606962.0,
F011621,C0600,2026-08-01,2026-08-31,471209.0,
F011622,C0600,2026-08-28,2026-09-27,653206.0,
